system:index,LST,NDBI,NDVI,NDWI,.geo
0,33.87873668000003,-0.034447380693300174,0.19650466583958143,-0.2185457142333962,"{""type"":""Point"",""coordinates"":[72.94246773516934,33.70731200189432]}"
1,28.70385440000001,-0.03061981737811764,0.2077740386433244,-0.21706991807963422,"{""type"":""Point"",""coordinates"":[73.10675088012604,33.73401150099935]}"
2,33.400213880000024,0.03259164584906757,0.10479349809255266,-0.14391701586865427,"{""type"":""Point"",""coordinates"":[72.94716621105253,33.6149023972957]}"
3,31.41092623999998,-0.05220180810731992,0.22458676984692666,-0.23612443469919145,"{""type"":""Point"",""coordinates"":[73.01366438592089,33.64513483607218]}"
4,34.26839096000003,0.03206997084548105,0.0871216079701815,-0.11944902790731042,"{""type"":""Point"",""coordinates"":[73.08298303342917,33.53406125941797]}"
5,33.61896716000001,0.016860308024858148,0.11159991445941404,-0.152659422814965,"{""type"":""Point"",""coordinates"":[72.84153554353756,33.602206949502644]}"
6,28.584223700000052,-0.02735166425470333,0.04479003139717425,-0.040807350210145636,"{""type"":""Point"",""coordinates"":[73.14232749880843,33.70028384106473]}"
7,28.086901790000013,-0.10741506265340395,0.2684496726223505,-0.26473029045643154,"{""type"":""Point"",""coordinates"":[73.10361571180766,33.74967780833999]}"
8,32.614069280000024,0.01673228346456693,0.16005419005225469,-0.20387817703768624,"{""type"":""Point"",""coordinates"":[73.12714523281359,33.62404013790212]}"
9,28.744870640000045,-0.020526839751592054,0.17047266927649704,-0.1823224648957399,"{""type"":""Point"",""coordinates"":[73.11163932519143,33.729790742680166]}"
10,25.272162320000007,-0.04105243515581265,0.2229285401139851,-0.2212331265961328,"{""type"":""Point"",""coordinates"":[73.09882278939277,33.78810048869617]}"
11,31.033235030000014,-0.044495577336839585,0.22693765796124685,-0.2313681280935689,"{""type"":""Point"",""coordinates"":[73.0864607161551,33.72426292313486]}"
12,31.70145794000001,-0.01054146204135256,0.1499252509432619,-0.16472581750009013,"{""type"":""Point"",""coordinates"":[73.01541241979261,33.61024570663763]}"
13,36.578972480000004,-0.0013735862290674226,0.13860366198119164,-0.18306746771631793,"{""type"":""Point"",""coordinates"":[72.84110853959017,33.524998936199815]}"
14,32.294484409999995,-0.015256628843553412,0.1537716309213603,-0.18685888073678242,"{""type"":""Point"",""coordinates"":[72.99608568366651,33.6255655470411]}"
15,29.72242435999999,-0.08357591274155649,0.2330779054916986,-0.2252052187016695,"{""type"":""Point"",""coordinates"":[73.09157087407051,33.51137510383548]}"
16,29.373786320000022,-0.0030895380335310054,0.2061552546789443,-0.23128077932348395,"{""type"":""Point"",""coordinates"":[72.9360230253156,33.73508949392799]}"
17,25.55414897000003,-0.10434085034316784,0.26357442989434177,-0.25443978697122493,"{""type"":""Point"",""coordinates"":[73.16450943831643,33.79820307148095]}"
18,30.125750720000042,-0.07376896872096625,0.23572599615083042,-0.2433479165172488,"{""type"":""Point"",""coordinates"":[73.16811610440634,33.59503541520469]}"
19,32.68926571999998,-0.021736359000509943,0.16667879758352136,-0.18654230512991338,"{""type"":""Point"",""coordinates"":[72.92446187021343,33.59853891750887]}"
20,34.67855336000002,0.03370065261581256,0.10297664478705541,-0.15160015300267754,"{""type"":""Point"",""coordinates"":[72.86879076989281,33.5520394585765]}"
21,31.60575338000001,0.00558075780816553,0.12207696556803535,-0.13876742534663827,"{""type"":""Point"",""coordinates"":[73.22353079975838,33.57690043694966]}"
22,33.020813660000044,-0.028115159694107064,0.20636416762493637,-0.21439957492029754,"{""type"":""Point"",""coordinates"":[72.80764456612802,33.544753076694505]}"
23,31.655314670000053,0.012524719841793012,0.0945746217845459,-0.1227090004769367,"{""type"":""Point"",""coordinates"":[73.16155408757722,33.58838981314321]}"
24,25.803664430000026,-0.1079334998707899,0.2788847790637553,-0.2678166584524396,"{""type"":""Point"",""coordinates"":[73.27961707553472,33.776705219871396]}"
25,30.494896880000056,-0.07112676056338028,0.2209735094504853,-0.21826191429715658,"{""type"":""Point"",""coordinates"":[73.0620743177351,33.66906385351265]}"
26,26.270224159999998,-0.15183347296513502,0.33340793792897644,-0.3098090945733026,"{""type"":""Point"",""coordinates"":[73.04352303962483,33.73048959098175]}"
27,32.43975025999998,-0.03318938926588526,0.1550572425072415,-0.15742916378714583,"{""type"":""Point"",""coordinates"":[73.0787778080562,33.61704400088142]}"
28,29.03540234000002,-0.11965878732013686,0.2905351869192538,-0.2779243937232525,"{""type"":""Point"",""coordinates"":[73.11853238945848,33.624158791130554]}"
29,33.27374714000001,-0.039732707242188914,0.1917198550974642,-0.20761445277675808,"{""type"":""Point"",""coordinates"":[73.17270566540981,33.58248020202785]}"
30,34.88363456000002,-0.026625874655438767,0.1726524115978133,-0.19908013444188927,"{""type"":""Point"",""coordinates"":[72.94581641619925,33.56521373036793]}"
31,30.76321145000003,-0.1018509607673307,0.25955262192885953,-0.25033671872156094,"{""type"":""Point"",""coordinates"":[73.04195587655425,33.72012739822314]}"
32,32.81573246000005,-0.01363368626718577,0.16160684886401053,-0.1920256800135158,"{""type"":""Point"",""coordinates"":[72.95555930598204,33.664775780899085]}"
33,33.39850487000001,0.0036702646617007106,0.09861511927733474,-0.12536514544595848,"{""type"":""Point"",""coordinates"":[73.15239581065292,33.62775493627059]}"
34,32.88921989000005,8.482030660970093E-4,0.11258810977209521,-0.13782309274662374,"{""type"":""Point"",""coordinates"":[73.07642423985769,33.67042485647824]}"
35,37.30701074000001,-0.02752266441871127,0.14468828258863847,-0.1647220545832495,"{""type"":""Point"",""coordinates"":[73.16033885509556,33.53456153464563]}"
36,32.91827306000005,-0.01590858874404217,0.14084681778707264,-0.16762502494150083,"{""type"":""Point"",""coordinates"":[73.14092151864759,33.551306416971116]}"
37,27.67503038000001,-0.15909240381453468,0.34216739014545733,-0.318569504713452,"{""type"":""Point"",""coordinates"":[72.9206569827449,33.75128721513588]}"
38,31.793744479999987,-0.042656340518949905,0.21828351562221668,-0.2285252380097,"{""type"":""Point"",""coordinates"":[73.249525704129,33.59535551545722]}"
39,33.38483279000002,-5.285722675750279E-4,0.12254344782143152,-0.16191515482198882,"{""type"":""Point"",""coordinates"":[73.24429310010744,33.61425198914581]}"
40,35.96372888000002,0.022234273318872018,0.0804674235110031,-0.1109437579159963,"{""type"":""Point"",""coordinates"":[73.1608683670121,33.62926670131137]}"
41,34.59822989000003,-0.018177195881530443,0.16530278232405893,-0.1929184429510211,"{""type"":""Point"",""coordinates"":[72.80244808084655,33.59477091107865]}"
42,32.86358474000002,-0.01359645258861187,0.19913841022790438,-0.21689465519672824,"{""type"":""Point"",""coordinates"":[72.88228439447883,33.73513286157264]}"
43,35.970564920000015,0.02418426103646833,0.09308017994178354,-0.12355501155990752,"{""type"":""Point"",""coordinates"":[73.04587925660722,33.5267974745264]}"
44,29.589121579999983,-0.09632863514047534,0.23116586716257054,-0.2089896034364689,"{""type"":""Point"",""coordinates"":[72.82039816020853,33.72077057229155]}"
45,34.21028462000004,-0.12928981650091048,0.2400692174581811,-0.23163884963525952,"{""type"":""Point"",""coordinates"":[72.98272672968976,33.61778785660498]}"
46,29.10376273999998,-0.11609724577982393,0.30057977561930577,-0.2838322463162198,"{""type"":""Point"",""coordinates"":[73.00779921071705,33.72898139878756]}"
47,23.207678240000007,-0.11001575693911357,0.24881818181818183,-0.2251505016722408,"{""type"":""Point"",""coordinates"":[73.08893692425522,33.76541009584036]}"
48,34.07185480999999,0.004191361383590452,0.17602514893099674,-0.18863883720113753,"{""type"":""Point"",""coordinates"":[72.93487725670056,33.579340020541984]}"
49,27.553690670000037,-0.1001321726448202,0.3023866477221633,-0.2917692390024617,"{""type"":""Point"",""coordinates"":[73.19995601820548,33.755205112404795]}"
50,36.00816314000002,0.03238573896654626,0.0687669141627923,-0.09595474436972996,"{""type"":""Point"",""coordinates"":[73.00877699922066,33.602956996597754]}"
51,32.911437019999994,-0.032011156877371647,0.18079263767255455,-0.1858090482224044,"{""type"":""Point"",""coordinates"":[73.03078820031286,33.69064399791718]}"
52,31.024689980000005,-0.00430425084042854,0.13226126381411166,-0.15839826055444828,"{""type"":""Point"",""coordinates"":[73.15039466322798,33.64894410002121]}"
53,35.849225209999986,-0.03829853780592697,0.17287309214245336,-0.20464483352989205,"{""type"":""Point"",""coordinates"":[73.25385645969392,33.54115142274871]}"
54,30.57692936000001,0.03422723488990811,0.09879294336118849,-0.12264258338709065,"{""type"":""Point"",""coordinates"":[73.18241685767632,33.75037454199531]}"
55,32.31328352000003,0.007235615659262536,0.11181882519462137,-0.13155904490942485,"{""type"":""Point"",""coordinates"":[73.04015658470676,33.69153717275662]}"
56,32.27055827000004,-0.04356808652852889,0.20154618438773547,-0.22143593755556346,"{""type"":""Point"",""coordinates"":[73.27375630215091,33.604599477682]}"
57,34.97079407000001,0.017951662139076372,0.11218243521837039,-0.15113912415468453,"{""type"":""Point"",""coordinates"":[73.00671948366005,33.62542373035196]}"
58,30.580347380000035,-0.05734249240838468,0.20672947510094214,-0.22607774093193395,"{""type"":""Point"",""coordinates"":[73.16704726590527,33.65743764567369]}"
59,28.374015470000018,-0.015087567711275797,0.1517505326068513,-0.16517261110051498,"{""type"":""Point"",""coordinates"":[73.1894812127699,33.74031186743793]}"
60,26.13350336000002,-0.1388888888888889,0.2606400804289544,-0.23184609087187882,"{""type"":""Point"",""coordinates"":[73.1145292508136,33.708054552486395]}"
61,34.14876026000002,-0.07823561444908332,0.22113342013294046,-0.21796186180028707,"{""type"":""Point"",""coordinates"":[72.81836095304452,33.756971427393104]}"
62,30.351340040000025,-0.07838523362772362,0.22845555342813875,-0.23778455926198744,"{""type"":""Point"",""coordinates"":[73.17881271787441,33.63314134496112]}"
63,28.24071269000001,-0.09893413081818879,0.2800514478643777,-0.2748816852293349,"{""type"":""Point"",""coordinates"":[73.11124450766441,33.694141337074456]}"
64,29.79591178999999,-0.12594596335297717,0.3169362888189985,-0.29302342782123114,"{""type"":""Point"",""coordinates"":[72.86649354837404,33.711166804291715]}"
65,33.205386739999994,-0.03618767766456929,0.16823910694994598,-0.19509319973476755,"{""type"":""Point"",""coordinates"":[72.9177998236732,33.584872001798864]}"
66,33.94197005000001,-0.012359415408672641,0.17120094628444196,-0.19966502743924167,"{""type"":""Point"",""coordinates"":[72.95923438096398,33.63501283574219]}"
67,31.88090398999998,-0.004285481263994543,0.1508827977636923,-0.1864062363142682,"{""type"":""Point"",""coordinates"":[72.89336406325445,33.65876586778092]}"
68,31.154574740000044,-0.039961969278307634,0.21792685897212846,-0.22013455572210408,"{""type"":""Point"",""coordinates"":[72.98445020235266,33.56451663142761]}"
69,28.11595496000001,-0.045668048154726665,0.17930911680911682,-0.16957308728091475,"{""type"":""Point"",""coordinates"":[72.89648349345022,33.74460521569491]}"
70,22.03529738000003,-0.11031315555723546,0.25077175278363245,-0.23892872205820329,"{""type"":""Point"",""coordinates"":[73.05487873488842,33.79231448050806]}"
71,28.96704194000006,-0.061044799255929316,0.21430598921373828,-0.22693052269305228,"{""type"":""Point"",""coordinates"":[72.93726791304898,33.78746338381485]}"
72,31.45877852000001,-0.005991912394108445,0.16368478557771102,-0.1852547383063815,"{""type"":""Point"",""coordinates"":[73.24512496833928,33.58305954302269]}"
73,33.936843020000026,-0.03700539979865158,0.16931544547643618,-0.20300113250283125,"{""type"":""Point"",""coordinates"":[72.86925015446306,33.5358727910568]}"
74,30.006120020000026,-0.09302715949911035,0.27628381027048216,-0.2533394926280941,"{""type"":""Point"",""coordinates"":[72.99078136569226,33.71102872480675]}"
75,33.85139251999999,-0.08007318985797682,0.23692000665225346,-0.257328329445177,"{""type"":""Point"",""coordinates"":[72.95043895293254,33.679857661468176]}"
76,32.74224503000005,0.003973629549354285,0.12096623922213,-0.14384982368803154,"{""type"":""Point"",""coordinates"":[73.19480831078364,33.64555696262949]}"
77,32.08085816000005,-0.06110540101455522,0.2055826568474187,-0.21980409345580668,"{""type"":""Point"",""coordinates"":[73.26811042784158,33.51074791848851]}"
78,28.775632820000055,-0.050172821539021285,0.22341372440978255,-0.20663851845658626,"{""type"":""Point"",""coordinates"":[72.91618146257487,33.74990266866641]}"
79,32.95245326000003,-0.01368032763077638,0.11164198120719859,-0.17997092335260506,"{""type"":""Point"",""coordinates"":[73.07953959322273,33.52714992973487]}"
80,30.310323799999992,-0.12993076287873975,0.2992842013001242,-0.28304812737796853,"{""type"":""Point"",""coordinates"":[72.84160466027585,33.78028208093813]}"
81,32.03471489000003,-0.09964395765810355,0.27471266495160185,-0.26154409744482093,"{""type"":""Point"",""coordinates"":[73.24349189249072,33.637369739525084]}"
82,32.14238252000001,-0.014788169464428458,0.18783625730994152,-0.19754736262872416,"{""type"":""Point"",""coordinates"":[72.8519997075324,33.54827616212105]}"
83,33.19513268000003,-0.033197219538044324,0.1954843828897064,-0.2114766081871345,"{""type"":""Point"",""coordinates"":[73.00603115796166,33.51153479798823]}"
84,30.136004780000007,-0.04523402801503246,0.177960880948714,-0.19652704446791036,"{""type"":""Point"",""coordinates"":[73.22045793843928,33.76287828342936]}"
85,34.46663612000003,-0.019816437213183144,0.16183460076045628,-0.2005963865988423,"{""type"":""Point"",""coordinates"":[72.88872660476163,33.54193029918484]}"
86,22.450586810000004,-0.17424703825222498,0.29281218230191863,-0.2657884704985387,"{""type"":""Point"",""coordinates"":[73.2155132268075,33.795755980060804]}"
87,33.44293913000001,-0.06357746788184912,0.22918781725888324,-0.23595464654198112,"{""type"":""Point"",""coordinates"":[73.22946890473455,33.50077762609918]}"
88,33.81208529000003,-0.023345022543476705,0.16473348103740387,-0.2087235841081995,"{""type"":""Point"",""coordinates"":[72.9269930524258,33.662631640342795]}"
89,34.66317227000002,-0.03688375693051321,0.14919467787114846,-0.17925409600459902,"{""type"":""Point"",""coordinates"":[73.28708134353808,33.53737425492729]}"
90,32.84649464000006,-0.01818723418339484,0.12327016467667141,-0.1432659432139141,"{""type"":""Point"",""coordinates"":[73.10365017780627,33.532657942518284]}"
91,28.86450134000006,-0.08080840330768493,0.2685778527262507,-0.2605943248678037,"{""type"":""Point"",""coordinates"":[72.93347101770459,33.79764982204549]}"
92,34.85287238000001,-0.0013001935171746493,0.13971537230472716,-0.18403175057208238,"{""type"":""Point"",""coordinates"":[72.82853750856059,33.59328764722967]}"
93,32.35429976,-0.06971120735832019,0.23469351704645822,-0.2491019890272888,"{""type"":""Point"",""coordinates"":[72.96958043626852,33.7109173922725]}"
94,34.13167016,0.024830171000234248,0.10008588227521965,-0.1398062904274616,"{""type"":""Point"",""coordinates"":[73.22668293265215,33.53398283852801]}"
95,33.003723560000026,-0.03800753970706384,0.16971933978689324,-0.20070057547270972,"{""type"":""Point"",""coordinates"":[72.88723811114264,33.56321317664682]}"
96,27.73997276,-0.14768794700240598,0.31106927710843374,-0.3042436046293869,"{""type"":""Point"",""coordinates"":[73.2750641631039,33.759276693212364]}"
97,31.581827240000052,-8.820564516129032E-4,0.10777169554757506,-0.12658676689596482,"{""type"":""Point"",""coordinates"":[73.04920880219784,33.667400243927545]}"
98,33.39679586,0.012415933781686497,0.12533158670378255,-0.16288199262242378,"{""type"":""Point"",""coordinates"":[72.92726790198513,33.590778496804354]}"
99,35.82700808000004,0.03237983663640209,0.06592579315289479,-0.09239869209008414,"{""type"":""Point"",""coordinates"":[73.01322836248951,33.57626207813773]}"
100,30.93240344000003,-2.27147353733329E-4,0.13977222304392842,-0.1566445899547834,"{""type"":""Point"",""coordinates"":[73.07572468605498,33.69966499226334]}"
101,26.406944960000033,-0.13013580883616985,0.3055048057828263,-0.277348152178137,"{""type"":""Point"",""coordinates"":[73.04601240608527,33.73657695344236]}"
102,30.809354719999988,-0.027857681244135426,0.1781715595521467,-0.2017121070426588,"{""type"":""Point"",""coordinates"":[73.24426924200274,33.698822352465946]}"
103,32.72002789999999,0.01372510531640218,0.09030211984643632,-0.12177780830857476,"{""type"":""Point"",""coordinates"":[73.00855803870363,33.69409136206135]}"
104,24.222830180000017,-0.04730865552849154,0.21795332136445242,-0.21916932907348244,"{""type"":""Point"",""coordinates"":[73.11803698154947,33.79764902322287]}"
105,36.924192500000004,0.001375163900348588,0.11346455569818856,-0.13542897660127629,"{""type"":""Point"",""coordinates"":[73.14506804885953,33.53782638062151]}"
106,31.303258610000057,-0.07337662337662337,0.2356204264694311,-0.23547460760788325,"{""type"":""Point"",""coordinates"":[72.90398951377973,33.705334716254754]}"
107,27.644268200000056,-0.08108108108108109,0.23549021970518536,-0.22941646682653877,"{""type"":""Point"",""coordinates"":[73.23379778488643,33.71532494445795]}"
108,34.557213649999994,-0.014591346918015068,0.1459346893345062,-0.1639679066374909,"{""type"":""Point"",""coordinates"":[73.06680426620761,33.58633699775899]}"
109,32.09623925000005,-0.005725349190983267,0.1477360604769345,-0.18651700058735235,"{""type"":""Point"",""coordinates"":[73.20636942254296,33.59700369722667]}"
110,23.569988360000025,-0.1717023979061622,0.29678381256656017,-0.2743636972538513,"{""type"":""Point"",""coordinates"":[73.29218926277139,33.780891899631555]}"
111,33.96931420999999,0.029624717489274744,0.097266856425795,-0.1506748190586234,"{""type"":""Point"",""coordinates"":[72.90095306089287,33.57628642111049]}"
112,31.185336920000054,-0.0389344262295082,0.1668584579976985,-0.2099336266686554,"{""type"":""Point"",""coordinates"":[73.27151724372378,33.698832026927256]}"
113,32.25005014999999,-0.007094846900672144,0.11296812132466728,-0.1363165563611467,"{""type"":""Point"",""coordinates"":[73.13879643425277,33.67162700032145]}"
114,34.28719007000001,0.006367748451978393,0.11443488540093255,-0.16676980198019803,"{""type"":""Point"",""coordinates"":[72.91164628589368,33.50801953204712]}"
115,28.861083320000034,-0.11857906318767683,0.300179047758249,-0.283344153502128,"{""type"":""Point"",""coordinates"":[73.02566495499454,33.648355082460505]}"
116,32.63457740000001,-0.03255316621123916,0.19259005145797597,-0.21323375444964054,"{""type"":""Point"",""coordinates"":[72.9067822664603,33.62825839451982]}"
117,30.48635182999999,-0.01499267935578331,0.14883250749879853,-0.17281632238745367,"{""type"":""Point"",""coordinates"":[72.8218473556016,33.77991675643393]}"
118,33.7796141,0.024326569360389225,0.14238077043315156,-0.1694758552023327,"{""type"":""Point"",""coordinates"":[72.81475919306118,33.55194215987022]}"
119,33.413885960000016,3.097980679865942E-4,0.1355812911894555,-0.18950437317784258,"{""type"":""Point"",""coordinates"":[73.23504213344276,33.69779354890915]}"
120,28.086901790000013,-0.04316823162391849,0.21168847396512022,-0.23332969948035903,"{""type"":""Point"",""coordinates"":[73.2382961426662,33.76452199152236]}"
121,32.95245326000003,0.05641695055557324,0.05377873384415723,-0.08997627847961605,"{""type"":""Point"",""coordinates"":[73.04875561364413,33.65387128105083]}"
122,33.22931288000001,-0.06030711678281594,0.21966962798445308,-0.2322417782764182,"{""type"":""Point"",""coordinates"":[73.2561444282568,33.59628755521533]}"
123,31.253697320000015,0.011015325670498084,0.15619477542736165,-0.1763658697238887,"{""type"":""Point"",""coordinates"":[73.09579835719461,33.706935335896986]}"
124,36.99938894000002,-0.02549148716019189,0.11320626276378488,-0.13728353849363656,"{""type"":""Point"",""coordinates"":[73.1137595905149,33.55829909340284]}"
125,33.98127728000003,-0.0361653956148713,0.1821364238860755,-0.19760355335192645,"{""type"":""Point"",""coordinates"":[73.08973732061965,33.60605363921871]}"
126,21.473033090000058,-0.13892535223593244,0.23357266415487785,-0.21978536951122357,"{""type"":""Point"",""coordinates"":[73.08418883477216,33.775097825657404]}"
127,26.28389623999999,-0.07474332648870637,0.19241809814553243,-0.1838414909979191,"{""type"":""Point"",""coordinates"":[73.25705926832637,33.79888432745877]}"
128,27.729718700000035,-0.06464592274678112,0.217064663268044,-0.23832923832923833,"{""type"":""Point"",""coordinates"":[72.90708062155134,33.7493697639168]}"
129,32.52520076000002,-0.043970814132104456,0.17849788663704347,-0.20974560557739375,"{""type"":""Point"",""coordinates"":[73.26443462105009,33.569846905563246]}"
130,33.59504102000005,0.009148527345206344,0.09252466481153554,-0.1438882267249371,"{""type"":""Point"",""coordinates"":[73.10957314952816,33.59373858952254]}"
131,30.37526618000004,-0.06309468822170901,0.24752475247524752,-0.24770509577159378,"{""type"":""Point"",""coordinates"":[73.05608576210389,33.66917501213281]}"
132,28.380851510000014,-0.09836837150925636,0.26611809386020435,-0.2593765177816553,"{""type"":""Point"",""coordinates"":[72.80271480069175,33.79218955321138]}"
133,34.182940460000054,-0.040252310400469414,0.21382355961795213,-0.2291186411300806,"{""type"":""Point"",""coordinates"":[72.9621800027703,33.572547041479766]}"
134,21.82338014000004,-0.1071699384952397,0.22492542878448918,-0.2109846564991015,"{""type"":""Point"",""coordinates"":[73.01551716631558,33.76002993085793]}"
135,25.668652640000005,-0.1374247322991131,0.3442002313597644,-0.32323406604782773,"{""type"":""Point"",""coordinates"":[73.01955421150808,33.75744339578933]}"
136,34.24446482000002,-0.024557729911161064,0.1689356544346268,-0.19342168977205473,"{""type"":""Point"",""coordinates"":[72.95251251907037,33.537706820340766]}"
137,33.712962710000056,0.00312723373838456,0.14524738246766578,-0.18414349395032903,"{""type"":""Point"",""coordinates"":[72.86013521915227,33.57000745576436]}"
138,29.746350500000005,-0.07412800317691443,0.23489575407091767,-0.2297957791838745,"{""type"":""Point"",""coordinates"":[73.16945014492165,33.7197696541053]}"
139,30.071062400000017,-0.10024614349707227,0.2502996924894456,-0.2571139098992087,"{""type"":""Point"",""coordinates"":[73.13934950153171,33.642109428021776]}"
140,31.11697651999998,-0.06918556896442787,0.2396615508589429,-0.2393437820418925,"{""type"":""Point"",""coordinates"":[73.21415704833211,33.507458761699226]}"
141,32.28252134000002,-0.0017297487466651031,0.19623288870216715,-0.218458027244847,"{""type"":""Point"",""coordinates"":[72.9949390909561,33.63831358984121]}"
142,32.73028196000001,-0.019228375855631613,0.1625794087376229,-0.18628232056203375,"{""type"":""Point"",""coordinates"":[72.88311970528596,33.58145764749965]}"
143,35.73130351999998,0.051271322819439975,0.04790344655966156,-0.07212482723503309,"{""type"":""Point"",""coordinates"":[73.01252854971338,33.58051591966996]}"
144,30.470970739999984,-0.10589306621568882,0.2739397572306309,-0.26479449507160124,"{""type"":""Point"",""coordinates"":[73.25760286871224,33.62561010880807]}"
145,34.39143968000002,-0.04173493401650332,0.2070274748032583,-0.210998372407106,"{""type"":""Point"",""coordinates"":[72.94430796561463,33.581708327993226]}"
146,31.626261500000055,-0.06989247311827956,0.24544417037882413,-0.24338429873566597,"{""type"":""Point"",""coordinates"":[73.21506667762237,33.5075052125152]}"
147,31.564737140000034,-0.03681721227858666,0.22279339385322106,-0.2253845310730335,"{""type"":""Point"",""coordinates"":[72.88142634192164,33.67666578488269]}"
148,35.53989439999998,0.042156991411114515,0.06785667837169983,-0.10001004789496601,"{""type"":""Point"",""coordinates"":[72.96092167560036,33.64857155289717]}"
149,31.28616851000004,-0.04014359294521617,0.16103067997700307,-0.18182624270691092,"{""type"":""Point"",""coordinates"":[73.12466238608786,33.52397125175592]}"
150,34.99642921999998,-0.00846745135719433,0.14772921436626457,-0.18148239349913814,"{""type"":""Point"",""coordinates"":[72.87478515726119,33.53853192737964]}"
151,29.847182090000047,-0.07980152046251195,0.2409752014230407,-0.253478950149727,"{""type"":""Point"",""coordinates"":[73.28984629397287,33.577871254881295]}"
152,33.24640298000003,0.013842963627192737,0.15081752779594507,-0.19181793551882959,"{""type"":""Point"",""coordinates"":[72.86778162068991,33.57158115603841]}"
153,28.731198560000053,-0.00688955829282114,0.18132829449226678,-0.20048360714031718,"{""type"":""Point"",""coordinates"":[73.1441560890091,33.749580629104614]}"
154,25.20038390000002,-0.11648431142056244,0.2684350023628033,-0.2528868594622019,"{""type"":""Point"",""coordinates"":[72.95486355623913,33.75832053917128]}"
155,32.87554781000006,-0.01861419350974138,0.15126178426958686,-0.1899513662922921,"{""type"":""Point"",""coordinates"":[73.15390736620172,33.50416568504337]}"
156,29.339606119999985,0.027237798694528158,0.13589512658861203,-0.15763530051672558,"{""type"":""Point"",""coordinates"":[72.9251358284247,33.774269924481864]}"
157,27.136692229999994,-0.02680607126571559,0.1915561099142004,-0.2051762367153452,"{""type"":""Point"",""coordinates"":[73.2032244351436,33.75122894830166]}"
158,31.762982300000033,0.008512284774617915,0.12501371967950828,-0.14461194863204913,"{""type"":""Point"",""coordinates"":[73.17946829956841,33.68085499141608]}"
159,34.51790642000003,0.024705942780831065,0.1649079754601227,-0.21012045121407177,"{""type"":""Point"",""coordinates"":[72.91913332190119,33.5433383815869]}"
160,34.21541165000002,-0.017894130289202784,0.15216471583697644,-0.18450859928596025,"{""type"":""Point"",""coordinates"":[73.02515865635142,33.542848281897776]}"
161,38.24525722999999,0.01197049339635143,0.07524676323548263,-0.11215340504168254,"{""type"":""Point"",""coordinates"":[73.12142867467395,33.55789077525502]}"
162,30.42653647999998,-0.048729372681124546,0.21144086792791178,-0.22357458523509383,"{""type"":""Point"",""coordinates"":[73.06065742993084,33.68982438772146]}"
163,32.50469264000003,-0.0769834264979896,0.2562342713337909,-0.2570011446012972,"{""type"":""Point"",""coordinates"":[72.95410179602803,33.7092488627821]}"
164,33.03277673000002,-0.012787405494539685,0.11450825986476076,-0.13826141688229945,"{""type"":""Point"",""coordinates"":[73.0782679834103,33.667938852995185]}"
165,33.52668061999998,-0.018124411791493367,0.12514258874052203,-0.14555081127241673,"{""type"":""Point"",""coordinates"":[73.13284334007014,33.57286458211114]}"
166,22.41127958000004,-0.15944836135430387,0.29432624113475175,-0.2730211390412998,"{""type"":""Point"",""coordinates"":[73.22349310248048,33.79767055721529]}"
167,34.50765236000001,-0.0197177833847304,0.14070666945431737,-0.1548719396034714,"{""type"":""Point"",""coordinates"":[73.02900086867666,33.54821442232705]}"
168,29.82154694000002,-0.07614275238328037,0.2583964556238388,-0.24615221314085553,"{""type"":""Point"",""coordinates"":[73.02977835671688,33.71250774542697]}"
169,34.05134669000006,-0.037076707588366155,0.09542665680344632,-0.14069509266391772,"{""type"":""Point"",""coordinates"":[73.11326930873547,33.62497392926756]}"
170,34.51790642000003,-0.06177035148997766,0.20835123907749606,-0.23208938873877163,"{""type"":""Point"",""coordinates"":[72.9113745203335,33.674149830415125]}"
171,33.719798749999995,-0.044710538185098424,0.23296186273331387,-0.24763691965526827,"{""type"":""Point"",""coordinates"":[73.28705707860045,33.681780082482575]}"
172,31.573282189999986,-0.044602436254453245,0.20156758884792958,-0.2210583742498636,"{""type"":""Point"",""coordinates"":[73.23798518749305,33.573256891052345]}"
173,30.580347380000035,-0.10514441155292423,0.2638571193295149,-0.2553574349746442,"{""type"":""Point"",""coordinates"":[73.0063859282883,33.686916959506256]}"
174,26.519739619999996,-0.15747203965427994,0.3497100839567595,-0.3177726980498607,"{""type"":""Point"",""coordinates"":[73.04909904060149,33.73193870280353]}"
175,26.193318710000028,-0.12234394318410535,0.33047020127136695,-0.3272356341380483,"{""type"":""Point"",""coordinates"":[73.10372150273274,33.791845475540065]}"
176,32.220996979999995,0.0061468780329990294,0.11642658913704242,-0.16822236050611905,"{""type"":""Point"",""coordinates"":[73.23310594253995,33.57154534327466]}"
177,30.447044600000027,-0.038745834595577094,0.20097369619277783,-0.2170656822900953,"{""type"":""Point"",""coordinates"":[73.12877136756042,33.65886017504724]}"
178,32.79351532999999,-0.01699845184293243,0.1484019071163694,-0.17377179366855575,"{""type"":""Point"",""coordinates"":[72.92670969277268,33.707143050005136]}"
179,33.945388070000035,-0.028125760155679882,0.1776814168538739,-0.20453128617993338,"{""type"":""Point"",""coordinates"":[72.92407764134128,33.5467867885985]}"
180,30.788846600000056,-0.0679766167783797,0.2270633329816788,-0.2362360943810671,"{""type"":""Point"",""coordinates"":[72.8004370968689,33.78914129667954]}"
181,29.613047720000054,-0.062285181972953005,0.2257227575982209,-0.23834487923609812,"{""type"":""Point"",""coordinates"":[73.2776241982713,33.709859565452525]}"
182,34.58113979000001,-0.027318668252080857,0.183689546513221,-0.20913877858055036,"{""type"":""Point"",""coordinates"":[72.97923554026535,33.52969743761579]}"
183,32.30644748000003,0.015957446808510637,0.1046909850893061,-0.13088816972312117,"{""type"":""Point"",""coordinates"":[73.16646703706745,33.681906511039614]}"
184,26.516321600000026,-0.12680435265378637,0.3183134140004454,-0.29886087290413416,"{""type"":""Point"",""coordinates"":[73.22596204175771,33.79037992157629]}"
185,27.217015700000047,-0.022985882429656677,0.22560106247924847,-0.23556745687957786,"{""type"":""Point"",""coordinates"":[73.035624665667,33.772499754447985]}"
186,35.70395936,-0.0024377903500298974,0.11191986530841312,-0.13402133379585465,"{""type"":""Point"",""coordinates"":[73.1553003089337,33.534944424647854]}"
187,25.51996876999999,-0.003673840951947461,0.19534577557500193,-0.20984461035016558,"{""type"":""Point"",""coordinates"":[73.01237556918646,33.764217934700184]}"
188,27.596415920000027,-0.07532632023361362,0.22124105965557198,-0.22070452911574406,"{""type"":""Point"",""coordinates"":[72.95387083241614,33.7374879778842]}"
189,34.91439674000003,-0.016117529596348594,0.1765094464262122,-0.20435488233703003,"{""type"":""Point"",""coordinates"":[72.91735742655518,33.63310197537471]}"
190,30.549585200000024,-0.0554201713701753,0.224977646393314,-0.23755622741685717,"{""type"":""Point"",""coordinates"":[72.8523990893479,33.68338471375895]}"
191,28.55346152000004,-0.10791344997183012,0.28215972369070275,-0.274501217397397,"{""type"":""Point"",""coordinates"":[72.84640446528756,33.7869795107479]}"
192,35.47153400000002,-0.015359895421988616,0.13577651861329434,-0.1766023921481996,"{""type"":""Point"",""coordinates"":[72.89782500884942,33.6153730350193]}"
193,31.915084190000016,-0.028403181625089723,0.19292462448175082,-0.2106570098292809,"{""type"":""Point"",""coordinates"":[73.18282663128795,33.55603626022253]}"
194,28.951660850000053,-0.06591800119609276,0.22429353736953578,-0.23205130666871485,"{""type"":""Point"",""coordinates"":[73.26121075241839,33.71402613718905]}"
195,34.47005414,-0.015500234852043212,0.165773598894618,-0.19952840002774117,"{""type"":""Point"",""coordinates"":[73.0191302611511,33.524501152054924]}"
196,30.648707779999995,-0.07069374835135848,0.24351855397694636,-0.24242424242424243,"{""type"":""Point"",""coordinates"":[72.84453119651852,33.71792272459885]}"
197,37.39246123999999,0.017259072674689804,0.07658240784901546,-0.10508095254747002,"{""type"":""Point"",""coordinates"":[73.13544171956555,33.58730468447163]}"
198,21.28333298000001,-0.15017488866377415,0.28931073640006,-0.26622338187021294,"{""type"":""Point"",""coordinates"":[73.08066842512791,33.77307977214634]}"
199,32.67217562000002,-0.05570873543050508,0.18482312398902875,-0.2079949807295868,"{""type"":""Point"",""coordinates"":[73.20036953682438,33.604119451449286]}"
200,32.76958919000003,0.0341728428183373,0.05315122593384894,-0.07713884992987377,"{""type"":""Point"",""coordinates"":[73.02277107243617,33.5680356110277]}"
201,32.062059050000016,-0.0695272522416788,0.21417658553917215,-0.22644319629622983,"{""type"":""Point"",""coordinates"":[73.07112469322267,33.53419249540021]}"
202,31.68436784000005,-0.06593599158874038,0.21118653271789303,-0.22745033294810413,"{""type"":""Point"",""coordinates"":[73.24973562345981,33.64300072112442]}"
203,32.00737073000005,-0.031508413919135,0.17913097973678713,-0.19942626434339142,"{""type"":""Point"",""coordinates"":[73.03478697210848,33.54357801410578]}"
204,24.834655760000032,-0.018741925867037663,0.14122230880552153,-0.1428252920717025,"{""type"":""Point"",""coordinates"":[72.95818195804745,33.78907193715831]}"
205,31.13406662,-0.04323040380047506,0.2092511013215859,-0.22186674085408262,"{""type"":""Point"",""coordinates"":[72.87542173883551,33.5977344494154]}"
206,28.63891202000002,-0.09317149043886669,0.2709962236051274,-0.2652535343016996,"{""type"":""Point"",""coordinates"":[72.84280576766375,33.77102943057254]}"
207,32.64141344000001,-0.0687134950001529,0.2283575269762047,-0.2325163110562511,"{""type"":""Point"",""coordinates"":[73.2025008546217,33.6896389403116]}"
208,36.91052042000001,0.026570239432830624,0.07051862164984336,-0.099724675510423,"{""type"":""Point"",""coordinates"":[73.11936687035912,33.63487877227548]}"
209,30.026628140000014,-0.08254974656565114,0.22672566012461692,-0.22617815917067333,"{""type"":""Point"",""coordinates"":[73.25616629321934,33.775024769991184]}"
210,33.96931420999999,-0.035276435223387956,0.1830336094833973,-0.21730542657148796,"{""type"":""Point"",""coordinates"":[73.20258007335629,33.673298655530246]}"
211,28.985841049999976,-0.02922646394205588,0.2052009953387306,-0.22207612210810618,"{""type"":""Point"",""coordinates"":[73.1798799457006,33.759080580325055]}"
212,31.041780080000024,-0.07417442058491121,0.21923874459635187,-0.23405012183625917,"{""type"":""Point"",""coordinates"":[73.15062848173004,33.65270886000468]}"
213,31.31693069000005,-0.0655915545408915,0.22836291692330665,-0.22493345989911961,"{""type"":""Point"",""coordinates"":[72.93974719769345,33.566465772679386]}"
214,30.445335590000013,-0.07773470163435955,0.252725891105731,-0.2543218614527117,"{""type"":""Point"",""coordinates"":[73.14122881174671,33.66331417697785]}"
215,31.267369400000007,-0.07665642959224009,0.24186307519640854,-0.2435204045796165,"{""type"":""Point"",""coordinates"":[73.27954590861967,33.67222565887062]}"
216,33.04815782000003,-0.06408754997375116,0.06404458084315942,-0.11003454376948353,"{""type"":""Point"",""coordinates"":[72.80813958217358,33.51436948762404]}"
217,33.07379297,-0.05181049856555788,0.19738723629623092,-0.2203090984329177,"{""type"":""Point"",""coordinates"":[73.17734230738392,33.55296238312638]}"
218,32.19365282000001,-0.06059531103873069,0.18707814473921675,-0.20389486785269786,"{""type"":""Point"",""coordinates"":[73.24181275335576,33.51248899660401]}"
219,32.43120521000003,-0.03054565027248873,0.15206558733382222,-0.16510097744646865,"{""type"":""Point"",""coordinates"":[73.03398370906035,33.59970038699177]}"
220,32.71319186000005,-0.07908139353226058,0.22009467957323536,-0.2360773085182534,"{""type"":""Point"",""coordinates"":[73.17110164711428,33.58729067087514]}"
221,33.798413210000035,-0.025055169411376157,0.16813220652136723,-0.20183050250814047,"{""type"":""Point"",""coordinates"":[73.21422755347152,33.64642062969191]}"
222,32.036423900000045,-0.015439144539228643,0.1537096443928742,-0.19409416834445975,"{""type"":""Point"",""coordinates"":[72.83255037824236,33.57302686181982]}"
223,27.52463750000004,-0.07480248781307783,0.22064831430644113,-0.2400605096776696,"{""type"":""Point"",""coordinates"":[73.26830107716863,33.76861310792364]}"
224,22.394189480000023,-0.11806520140534357,0.2387634092246413,-0.22047805922226185,"{""type"":""Point"",""coordinates"":[73.09639804434485,33.784987305690336]}"
225,35.211764480000056,-0.030175987485334375,0.15803541597059806,-0.17086266979588935,"{""type"":""Point"",""coordinates"":[73.08018485570885,33.59199522108605]}"
226,31.345983860000047,-0.027945073476270777,0.16366115561615818,-0.18907621568900654,"{""type"":""Point"",""coordinates"":[73.10703397759983,33.66599543284255]}"
227,31.075960280000004,-0.06728389108560774,0.22626874492132673,-0.2269031781226903,"{""type"":""Point"",""coordinates"":[73.07803422724145,33.560053128041176]}"
228,32.446586300000035,-0.012259306803594352,0.15382082891319457,-0.1862800406183008,"{""type"":""Point"",""coordinates"":[73.18735535607853,33.5276115676327]}"
229,33.309636350000005,-0.09399142973319571,0.2779188512760555,-0.27086096324691605,"{""type"":""Point"",""coordinates"":[72.86097101161971,33.55867857667532]}"
230,33.23273089999998,-0.029836075969434668,0.15661277686774447,-0.18882910581603896,"{""type"":""Point"",""coordinates"":[73.29643556331466,33.61351513542057]}"
231,30.71194115000003,-0.07872210065645514,0.21422660098522167,-0.20165363389949495,"{""type"":""Point"",""coordinates"":[73.03886747420715,33.719669510654796]}"
232,31.629679520000025,-0.07012487992315082,0.25252099364042024,-0.25552072693973865,"{""type"":""Point"",""coordinates"":[73.11162974750935,33.68209337183743]}"
233,34.75716782000001,0.017394218174064034,0.10556621880998081,-0.13278314310798947,"{""type"":""Point"",""coordinates"":[73.1163593727597,33.590170018972486]}"
234,32.95587128,0.03903203874065132,0.09897015185896317,-0.13653669423657608,"{""type"":""Point"",""coordinates"":[73.15933893328409,33.62246035209937]}"
235,21.13294010000004,-0.1092169564723264,0.23221951014224393,-0.22582265762371265,"{""type"":""Point"",""coordinates"":[73.10458238129814,33.78175805321786]}"
236,29.613047720000054,-0.05543004943849655,0.19083856667898041,-0.21015091223064794,"{""type"":""Point"",""coordinates"":[73.21854030949021,33.58907694858436]}"
237,29.483162960000016,-0.1468898936820237,0.3293671872233436,-0.32020397397573414,"{""type"":""Point"",""coordinates"":[72.90752138687414,33.724374919906225]}"
238,32.79009731000002,-0.01570041451365624,0.15141372041003523,-0.18051774488937286,"{""type"":""Point"",""coordinates"":[72.90037622205624,33.635677770146344]}"
239,32.07744014000002,-0.03754266211604096,0.12161203348942813,-0.18106765288206508,"{""type"":""Point"",""coordinates"":[73.22277009900641,33.709483874686484]}"
240,26.39327288000004,-0.08784875743253545,0.29584831644328213,-0.2927960573996231,"{""type"":""Point"",""coordinates"":[73.07622274400282,33.777531927500156]}"
241,33.91291688000001,-0.01882028245104084,0.17372480043295901,-0.2009413719111234,"{""type"":""Point"",""coordinates"":[72.9383186639636,33.675138663123896]}"
242,32.63799542000004,-0.04825426647878503,0.19873952588985175,-0.21483524459282916,"{""type"":""Point"",""coordinates"":[73.19647125242089,33.518589619790006]}"
243,32.64483145999998,-0.06662111376836351,0.1659259812525675,-0.18992262834927773,"{""type"":""Point"",""coordinates"":[73.25205796514352,33.52342626969575]}"
244,31.301549600000044,-0.06483312361435677,0.23559881800799584,-0.25794577758901394,"{""type"":""Point"",""coordinates"":[72.83951952456853,33.53803467287885]}"
245,34.58284880000002,-0.016891182382766795,0.1618675442204854,-0.18027649127694398,"{""type"":""Point"",""coordinates"":[73.26275473642494,33.529271137242084]}"
246,33.26349307999999,-0.006959205660542178,0.08018116507886928,-0.11121107933549693,"{""type"":""Point"",""coordinates"":[73.10680535089874,33.66760121627239]}"
247,31.68436784000005,-0.008022076755230393,0.1296342910568521,-0.14232727272727272,"{""type"":""Point"",""coordinates"":[73.04040880528925,33.64221120649394]}"
248,29.11401680000006,-0.08801815334462591,0.244352657357994,-0.25229450606043885,"{""type"":""Point"",""coordinates"":[72.8459856636291,33.77331596451184]}"
249,32.90289197000004,0.002713723896733373,0.1134839106905603,-0.1422065618455606,"{""type"":""Point"",""coordinates"":[72.9625525083392,33.65668291654504]}"
250,27.62888711000005,-0.12378835797931446,0.299952539155197,-0.2772456136942118,"{""type"":""Point"",""coordinates"":[73.01054507991175,33.73798239467726]}"
251,33.27032912000004,-0.051016912199831815,0.2047698102429533,-0.22045606611331128,"{""type"":""Point"",""coordinates"":[73.1280710827189,33.52946276121995]}"
252,29.83521902000001,-0.08856383829977915,0.27154447227726475,-0.2640303278079239,"{""type"":""Point"",""coordinates"":[72.8880670511849,33.73399437178728]}"
253,33.18316961000005,-0.010211610542159785,0.14864343361465795,-0.17050234244092605,"{""type"":""Point"",""coordinates"":[73.23417257522456,33.642950726970035]}"
254,34.018875500000036,0.016520864907042,0.09100291302538493,-0.12982020651255796,"{""type"":""Point"",""coordinates"":[73.21744208461773,33.690561139301494]}"
255,27.487039279999976,-0.08398643116153937,0.186176,-0.18891526076079287,"{""type"":""Point"",""coordinates"":[73.28556680717634,33.792575800075944]}"
256,25.95918433999998,-0.05342021594736676,0.2477255779269202,-0.24429240722837808,"{""type"":""Point"",""coordinates"":[73.07237257670641,33.77422029913899]}"
257,30.53933114000006,-0.03599961804118789,0.21176470588235294,-0.22131332082551594,"{""type"":""Point"",""coordinates"":[72.93186299786834,33.78067545572949]}"
258,36.15171998000005,-0.005183734592788849,0.15111140426093267,-0.19415648841903588,"{""type"":""Point"",""coordinates"":[72.87198069517495,33.54298554294883]}"
259,30.334249940000007,-0.05444968457156857,0.2182281347296915,-0.22787247699878754,"{""type"":""Point"",""coordinates"":[73.03160998523136,33.641520336926206]}"
260,32.40557006000006,-0.01228471269623533,0.19854188472227235,-0.19953763906949862,"{""type"":""Point"",""coordinates"":[73.03912626355103,33.5515900903687]}"
261,33.14044436000006,0.03297053358109902,0.05350222684944184,-0.07596880907372401,"{""type"":""Point"",""coordinates"":[73.05752886432053,33.61704616386605]}"
262,32.735408989999996,0.024845916795069336,0.11801261829652997,-0.16188571615906633,"{""type"":""Point"",""coordinates"":[73.2089622391363,33.65073438871876]}"
263,31.968063500000028,-0.005622128698557522,0.13107734557083237,-0.14897131425844698,"{""type"":""Point"",""coordinates"":[73.12499127040773,33.610033240526974]}"
264,34.11458005999998,-0.004719608360449096,0.14159144655763914,-0.17658771026433231,"{""type"":""Point"",""coordinates"":[72.88720216989643,33.61768309584096]}"
265,32.947326230000044,-0.045283907955705645,0.19052560020036496,-0.2087548814821542,"{""type"":""Point"",""coordinates"":[73.24850105842371,33.63141888118641]}"
266,32.59014314000001,-0.09314005976222264,0.22116477272727272,-0.21848203529161647,"{""type"":""Point"",""coordinates"":[73.03852204607503,33.58660358272848]}"
267,30.58718342000003,-0.024772767777579755,0.17402844892125502,-0.19492934330839568,"{""type"":""Point"",""coordinates"":[72.84001775238414,33.73990211793086]}"
268,26.591518039999983,-0.038158175229162226,0.21707870352570263,-0.22601134801216136,"{""type"":""Point"",""coordinates"":[73.29766568735435,33.72028264913459]}"
269,35.034027440000045,0.01197019253464612,0.10988220143176394,-0.12289710672542632,"{""type"":""Point"",""coordinates"":[73.08790932009782,33.663682634380116]}"
270,28.597895780000044,-0.08951890955213748,0.23740540101852414,-0.23066368020663075,"{""type"":""Point"",""coordinates"":[73.26581826954887,33.7277179629655]}"
271,34.80160208000001,-0.03452639190166305,0.19134024910661623,-0.21423646104068317,"{""type"":""Point"",""coordinates"":[72.96633398288795,33.686910709977305]}"
272,33.74543390000002,-0.008327693258393902,0.1849367176153261,-0.213729101728535,"{""type"":""Point"",""coordinates"":[72.99605283625642,33.642216776181066]}"
273,32.24150510000004,-0.015041242115477924,0.18192090395480226,-0.195898388652685,"{""type"":""Point"",""coordinates"":[73.03872010282882,33.696691065192155]}"
274,27.557108690000007,-0.11269073065806279,0.2862082362082362,-0.27226961801552535,"{""type"":""Point"",""coordinates"":[73.24106525756305,33.794112002634435]}"
275,32.38847996000004,-0.013746296963902255,0.14572187776793621,-0.1664051651066746,"{""type"":""Point"",""coordinates"":[73.2000062410238,33.5856258901661]}"
276,34.49398028000002,0.023165370307744335,0.08982864329507939,-0.12454984913863025,"{""type"":""Point"",""coordinates"":[72.8766268637533,33.561484230194004]}"
277,34.14876026000002,-0.0381633870005963,0.13260327442263906,-0.16741171211443898,"{""type"":""Point"",""coordinates"":[73.23012203057588,33.683317369200275]}"
278,31.32034871000002,-0.05903366155255324,0.22470164536402795,-0.24035831143056374,"{""type"":""Point"",""coordinates"":[73.12125307121217,33.67418357476897]}"
279,29.630137820000016,-0.08621607237892497,0.23879974204316984,-0.24932093806189984,"{""type"":""Point"",""coordinates"":[73.25443476551582,33.73501161441674]}"
280,31.209263060000012,0.011071953010279002,0.10062266093578912,-0.12537807262336448,"{""type"":""Point"",""coordinates"":[73.09841203562803,33.72313926660345]}"
281,33.728343800000005,-0.022392466682627087,0.20066726645674013,-0.2160294620145032,"{""type"":""Point"",""coordinates"":[72.9684306832622,33.71341127621144]}"
282,35.12289596000005,-0.012624720016289961,0.12198240204557419,-0.14909595055167235,"{""type"":""Point"",""coordinates"":[73.10575998179706,33.52165558210826]}"
283,24.183522949999997,-0.12247333482509137,0.2725081915230948,-0.2489055789539202,"{""type"":""Point"",""coordinates"":[72.96165601844528,33.786886878082605]}"
284,29.57544949999999,-0.055546398549530245,0.22988285000960246,-0.2269609533662873,"{""type"":""Point"",""coordinates"":[73.09688015582847,33.74590225103949]}"
285,32.226124010000035,-0.0589628764278297,0.21719507646400596,-0.22761215085112385,"{""type"":""Point"",""coordinates"":[72.95179328617837,33.589634691901814]}"
286,34.039383620000024,-0.016428654359688842,0.15050760587442916,-0.19425687197326238,"{""type"":""Point"",""coordinates"":[72.89494595105992,33.604208879611605]}"
287,27.05807777000001,-0.12173913043478261,0.26290250494817713,-0.2441816580701975,"{""type"":""Point"",""coordinates"":[72.96688265271064,33.759634255011925]}"
288,30.01637407999999,-0.0899597099113618,0.2535122511769285,-0.2536981425870315,"{""type"":""Point"",""coordinates"":[72.87778299403635,33.7908192169714]}"
289,32.13896450000004,0.033428384924588585,0.04735313826222917,-0.07283404514948139,"{""type"":""Point"",""coordinates"":[73.06755784944257,33.615694213069055]}"
290,33.335271499999976,-0.010773916967509026,0.18269421160319452,-0.21303818034118602,"{""type"":""Point"",""coordinates"":[72.88589792402331,33.53198160794989]}"
291,28.42699478000003,-0.08219907484442078,0.24267726465024744,-0.24660737560377213,"{""type"":""Point"",""coordinates"":[73.26988447458842,33.715263025810174]}"
292,30.891387200000054,-0.010573650947982498,0.13144645530004082,-0.17572201208950475,"{""type"":""Point"",""coordinates"":[73.2178853602099,33.7149716944225]}"
293,34.312825220000036,-0.0011335162868392793,0.1386598812553011,-0.17612839921502663,"{""type"":""Point"",""coordinates"":[72.91228002508647,33.54606853639087]}"
294,34.72811465000001,-0.016016335829084998,0.16234942631026922,-0.20461807042392702,"{""type"":""Point"",""coordinates"":[72.88902943341492,33.53055228897263]}"
295,31.824506659999997,-0.061224489795918366,0.2479689945591414,-0.2393323711187595,"{""type"":""Point"",""coordinates"":[72.87967888876791,33.68580114398838]}"
296,33.30109130000005,0.04467292075553235,0.038826777357899474,-0.0648042226102314,"{""type"":""Point"",""coordinates"":[73.05557904339167,33.617506575734865]}"
297,32.91485504000002,0.0012229423994129876,0.09499229067506872,-0.1382181805512003,"{""type"":""Point"",""coordinates"":[73.19157134310358,33.52891919548987]}"
298,22.920564560000003,-0.0675219446320054,0.1872711912137426,-0.18299583781508674,"{""type"":""Point"",""coordinates"":[73.03131796763738,33.792342449407094]}"
299,29.083254620000048,-0.11142187882389959,0.25394446197538656,-0.24281637280581728,"{""type"":""Point"",""coordinates"":[72.8745307935415,33.733018996340405]}"
300,32.14580053999998,0.0403881832453261,0.05607036280822993,-0.07373547846221407,"{""type"":""Point"",""coordinates"":[73.059987756929,33.624287265591924]}"
301,35.088715760000014,-0.001487357461576599,0.13969002024493046,-0.18712621426349085,"{""type"":""Point"",""coordinates"":[72.90084143677124,33.55344605262169]}"
302,28.317618140000036,-0.05798020806901802,0.19611288413956324,-0.21427011285038222,"{""type"":""Point"",""coordinates"":[73.21582061688657,33.73957102758883]}"
303,31.663859720000005,-0.07652638364490284,0.23616496298907297,-0.23939779474130618,"{""type"":""Point"",""coordinates"":[73.00707452575817,33.66894586597824]}"
304,31.188754940000024,-0.03359719536456087,0.2340298309138624,-0.25808144949623235,"{""type"":""Point"",""coordinates"":[72.99291690739838,33.64795934699252]}"
305,31.04348908999998,-0.09652166481497308,0.24130725024670574,-0.2299079754601227,"{""type"":""Point"",""coordinates"":[73.04467845575012,33.70996849692374]}"
306,30.619654609999998,-0.004977445948047908,0.13231685944619698,-0.16881942183147003,"{""type"":""Point"",""coordinates"":[73.22458629736758,33.77918050968217]}"
307,29.582285540000044,-0.08213852517649986,0.25189795991796493,-0.2524838012958963,"{""type"":""Point"",""coordinates"":[72.8379647895514,33.73271623224496]}"
308,31.398963170000002,-0.015303919530487903,0.11294196013813172,-0.12620842572062085,"{""type"":""Point"",""coordinates"":[73.07058136922679,33.721789366329055]}"
309,34.8221102,0.025149920450373273,0.15274963820549928,-0.19472046195957854,"{""type"":""Point"",""coordinates"":[72.82260522097536,33.5494757540621]}"
310,28.72436252,-0.1343145565230793,0.3149901733071288,-0.29461223197481134,"{""type"":""Point"",""coordinates"":[73.05141815369946,33.671420907559494]}"
311,33.755687960000046,-0.03904088533661236,0.22810842235302667,-0.23945727906123945,"{""type"":""Point"",""coordinates"":[73.28809155188357,33.66172482593851]}"
312,33.50959052000002,-0.015982384925330658,0.17126575720946297,-0.1904034819845908,"{""type"":""Point"",""coordinates"":[72.99558635550679,33.551037671250036]}"
313,32.82769553000003,0.012369172216936251,0.07790314528207688,-0.09847976066914953,"{""type"":""Point"",""coordinates"":[73.03964899104902,33.637886225419926]}"
314,27.398170760000028,-0.11005495321550572,0.26458271646715453,-0.23864766324163075,"{""type"":""Point"",""coordinates"":[73.16121262973112,33.75820245586559]}"
315,33.66852845000005,0.04306079937508137,0.04127782401586655,-0.06990538573508005,"{""type"":""Point"",""coordinates"":[73.08709066654232,33.63333805253905]}"
316,31.833051710000007,-0.028679126747290718,0.16228638356018527,-0.18686575819077994,"{""type"":""Point"",""coordinates"":[73.26875332546665,33.56692157523296]}"
317,25.020937849999996,-0.15153938424630148,0.34143160561910796,-0.3154288846259249,"{""type"":""Point"",""coordinates"":[73.08594066115432,33.75234885429751]}"
318,32.07744014000002,-0.014789884830333158,0.1744568324757004,-0.1987453040084619,"{""type"":""Point"",""coordinates"":[72.83079572110425,33.6016397384212]}"
319,30.156512900000052,-0.06839985353350421,0.20869925434962716,-0.20217543570516253,"{""type"":""Point"",""coordinates"":[72.89111535387734,33.73519898075827]}"
320,25.070499140000038,-0.13587950925444425,0.27728326078010956,-0.24909456740442656,"{""type"":""Point"",""coordinates"":[72.90046669469231,33.77291562581581]}"
321,32.260304210000015,0.006616136572926259,0.12451486672867819,-0.1568908907917966,"{""type"":""Point"",""coordinates"":[72.93548043304611,33.64534700534685]}"
322,31.345983860000047,-0.07158728625253599,0.23794642857142856,-0.24062336887629557,"{""type"":""Point"",""coordinates"":[72.9075356724517,33.711068660215886]}"
323,26.91964796000002,-0.06241183661954171,0.25215206709276977,-0.24965893587994542,"{""type"":""Point"",""coordinates"":[73.13236368950488,33.72544029667586]}"
324,31.58866327999999,-0.0636687301536389,0.18545792521627225,-0.19451048195374973,"{""type"":""Point"",""coordinates"":[73.11664083235054,33.5968685627274]}"
325,30.939239480000026,-0.01901116827707366,0.1595744680851064,-0.1768840579710145,"{""type"":""Point"",""coordinates"":[73.16957226938044,33.63716747212133]}"
326,34.446128000000044,-0.03021253613749722,0.15719230631980874,-0.18640471225258845,"{""type"":""Point"",""coordinates"":[72.93611121210019,33.53020991304625]}"
327,31.42118030000006,-0.06529755849440488,0.21695235328297502,-0.21783689489751418,"{""type"":""Point"",""coordinates"":[73.09344312371425,33.66743579888534]}"
328,31.81425260000003,-0.06170944369397028,0.22722594840129173,-0.23515965426101865,"{""type"":""Point"",""coordinates"":[73.28259479399125,33.61216451221298]}"
329,31.460487530000023,-0.0686548952052828,0.18183802663173979,-0.18249508567797787,"{""type"":""Point"",""coordinates"":[72.95966167204504,33.62807952358421]}"
330,32.69439275000002,-0.0017870981006152045,0.1243366051935604,-0.14326968198390067,"{""type"":""Point"",""coordinates"":[73.06333102975344,33.53604316325539]}"
331,31.64506061000003,0.004180677996909934,0.12327643651647957,-0.14757017176372014,"{""type"":""Point"",""coordinates"":[73.05450174632395,33.721089781530694]}"
332,35.474952020000046,0.0017488887269547476,0.06296799224054316,-0.09829231139260804,"{""type"":""Point"",""coordinates"":[73.07284397240491,33.5553146803614]}"
333,32.06376806000003,-0.013700298362053219,0.13140099901457747,-0.14805875456865045,"{""type"":""Point"",""coordinates"":[72.83620362105852,33.68468896139974]}"
334,32.12529242000005,-0.042317591428742446,0.20096551724137932,-0.22435491809041694,"{""type"":""Point"",""coordinates"":[73.20771754965264,33.64563521782749]}"
335,29.91725150000002,-0.10364925687271315,0.2622301225789727,-0.2619497204635492,"{""type"":""Point"",""coordinates"":[73.26347521884657,33.65969122223935]}"
336,27.698956520000024,-0.11242072897315995,0.2690270013518945,-0.26220154813388086,"{""type"":""Point"",""coordinates"":[72.81213854138065,33.79269203642541]}"
337,36.91735646000001,0.02585918745631894,0.08023048151767362,-0.11104179663131628,"{""type"":""Point"",""coordinates"":[73.15100999034695,33.57198396951582]}"
338,31.91679320000003,-0.05947885196374622,0.21227179431781354,-0.22493086886916025,"{""type"":""Point"",""coordinates"":[73.22027609452304,33.50296873872334]}"
339,29.61817474999998,-0.09163713480481067,0.2969648747658594,-0.3135566188197767,"{""type"":""Point"",""coordinates"":[72.98501349751011,33.76241904976014]}"
340,32.03300588000002,-0.008767627222562845,0.14348264238801822,-0.1718243652291585,"{""type"":""Point"",""coordinates"":[73.17577509290363,33.601923820996845]}"
341,28.488519139999994,-0.10411265802528405,0.2802642321680398,-0.2720032447181151,"{""type"":""Point"",""coordinates"":[73.01650151538529,33.69380399231863]}"
342,31.409217230000024,-0.042938628038071025,0.20992781184506715,-0.21713159076268373,"{""type"":""Point"",""coordinates"":[73.03037142235537,33.5130378148572]}"
343,33.13873535000005,-0.0152708819521669,0.15292401821286283,-0.18284004233422138,"{""type"":""Point"",""coordinates"":[72.85594856155087,33.59604043866129]}"
344,31.821088640000028,-0.07061077768452391,0.2208899162091881,-0.23826443707760214,"{""type"":""Point"",""coordinates"":[72.8817347976137,33.66002513542628]}"
345,33.77619607999998,-0.01126126126126126,0.15544582000278204,-0.18846800443538292,"{""type"":""Point"",""coordinates"":[73.03488300350253,33.52843054598844]}"
346,26.444543179999982,-0.12756824996054916,0.3094727582604871,-0.28790036228618804,"{""type"":""Point"",""coordinates"":[73.16394381160953,33.72750005938959]}"
347,30.747830360000023,-0.013614893025840511,0.17521566381501236,-0.19293655984303465,"{""type"":""Point"",""coordinates"":[73.17355545782142,33.68514778411334]}"
348,33.321599419999984,-0.04984344047542974,0.21516272189349112,-0.21705311504555894,"{""type"":""Point"",""coordinates"":[73.08981877075692,33.57207409356794]}"
349,28.44066686000002,-0.10847680873083075,0.30756140870079907,-0.2917679305619004,"{""type"":""Point"",""coordinates"":[73.1637814286851,33.78511482629401]}"
350,32.01933380000003,-0.04729770440441044,0.22503347663683135,-0.2346924279016906,"{""type"":""Point"",""coordinates"":[72.99046279776034,33.647938272992846]}"
351,30.477806780000037,-0.043774834437086095,0.19869186599231853,-0.20973250949840733,"{""type"":""Point"",""coordinates"":[73.28230762757113,33.71145463071015]}"
352,33.59162300000003,0.0017118053432781072,0.12265383293227913,-0.1569773621001169,"{""type"":""Point"",""coordinates"":[73.22542498167634,33.5294295474683]}"
353,31.99882567999998,-0.030914060127543275,0.15626702997275205,-0.18558357197736955,"{""type"":""Point"",""coordinates"":[72.91935432657395,33.60176902060477]}"
354,30.645289760000026,-0.038304562082413764,0.1864032057482382,-0.21309738264278902,"{""type"":""Point"",""coordinates"":[73.24137916073018,33.637893055810224]}"
355,32.214160940000056,0.004703392321712034,0.15296601511952598,-0.18384615384615385,"{""type"":""Point"",""coordinates"":[72.82759519804704,33.5395371819008]}"
356,27.69212048000003,-0.04564094015669278,0.20071972742238045,-0.2183979488773211,"{""type"":""Point"",""coordinates"":[73.27252473808937,33.72899445400532]}"
357,33.44806616000005,0.016449885233358837,0.12973744919257388,-0.18090551181102363,"{""type"":""Point"",""coordinates"":[72.9287443162259,33.642641998176536]}"
358,33.677073500000006,-0.0512289547132439,0.1856615780387909,-0.20669698222405952,"{""type"":""Point"",""coordinates"":[72.93959740951293,33.70051547657629]}"
359,29.059328479999976,-0.03267287757512138,0.18559807170834589,-0.19116088996518843,"{""type"":""Point"",""coordinates"":[72.93964654758406,33.79151853327712]}"
360,32.25859520000006,-0.01583052701263564,0.1298098469812408,-0.15565087837063477,"{""type"":""Point"",""coordinates"":[72.84665928335752,33.60044916108348]}"
361,28.432121810000012,-0.0843220957976919,0.2713673993719669,-0.25774748653838914,"{""type"":""Point"",""coordinates"":[73.13302946312768,33.50977805462376]}"
362,30.952911560000018,-0.0657247128938293,0.21141769743101807,-0.21823331292100429,"{""type"":""Point"",""coordinates"":[73.22139024153766,33.563154380478416]}"
363,32.27055827000004,-0.03737696998973492,0.18474587959451072,-0.21126661261324778,"{""type"":""Point"",""coordinates"":[72.83562028217881,33.646577235989135]}"
364,34.336751359999994,-0.021612744292987353,0.14934501043918483,-0.15557949880180566,"{""type"":""Point"",""coordinates"":[73.08060680548267,33.64392528861283]}"
365,33.69587261000004,0.00746670254271492,0.10414756889229791,-0.12494043648146383,"{""type"":""Point"",""coordinates"":[73.05049933153698,33.65458285563963]}"
366,29.315679980000027,-0.08955955923225321,0.2449841210536148,-0.24419386154880143,"{""type"":""Point"",""coordinates"":[73.12619031599043,33.6046219441359]}"
367,27.962144060000014,-0.15030644359781348,0.3303958006053872,-0.30191226096737905,"{""type"":""Point"",""coordinates"":[73.03182462767326,33.74112551648309]}"
368,32.238087080000014,5.488157134604275E-4,0.16639137030170234,-0.20609303379402896,"{""type"":""Point"",""coordinates"":[72.91406204154971,33.69005393945693]}"
369,33.91291688000001,0.014211674849972723,0.1090005216804247,-0.16400940509550038,"{""type"":""Point"",""coordinates"":[72.83561097850718,33.60868164294868]}"
370,26.8581236,-0.06900150349341116,0.22354941895776814,-0.22712690355329948,"{""type"":""Point"",""coordinates"":[72.99398340326769,33.7343358693896]}"
371,32.13896450000004,-0.04323533324464547,0.21336840476558874,-0.21902689258510805,"{""type"":""Point"",""coordinates"":[72.98835353979895,33.71626774690533]}"
372,32.631159379999986,-0.008280118549298787,0.13558155540261527,-0.16389800021161782,"{""type"":""Point"",""coordinates"":[72.8834614124228,33.574492026051]}"
373,30.488060840000003,-0.06395781637717121,0.2325105098631023,-0.23963716526327203,"{""type"":""Point"",""coordinates"":[72.82254797847614,33.66409023548132]}"
374,29.90870645000001,-0.11807333950852722,0.2752470325026412,-0.2525688241398254,"{""type"":""Point"",""coordinates"":[73.23059066065393,33.76838911297875]}"
375,32.81573246000005,-0.008630096220613035,0.0848180945268324,-0.1132440421882413,"{""type"":""Point"",""coordinates"":[73.07500285337028,33.6326426312665]}"
376,32.981506430000024,0.034141472948808586,0.07405123778401208,-0.13500570125427594,"{""type"":""Point"",""coordinates"":[72.91128124422497,33.58083093053081]}"
377,27.40842482000005,-0.08861557868180385,0.2732287757785689,-0.29651523563800253,"{""type"":""Point"",""coordinates"":[73.11862098616571,33.76964970211552]}"
378,30.69485105000001,-0.07885235950030352,0.24965767366122646,-0.2508612706056677,"{""type"":""Point"",""coordinates"":[73.22042877663195,33.5958022759263]}"
379,25.03631894,-0.03351510324122296,-0.03434852301351042,0.05796939573327376,"{""type"":""Point"",""coordinates"":[73.13192005141124,33.70587335552057]}"
380,32.75079008,-4.3038838841810007E-4,0.1491450878778064,-0.17779641471852395,"{""type"":""Point"",""coordinates"":[72.9218032300904,33.682422669846]}"
381,33.94197005000001,0.02824139631827656,0.07433597185576077,-0.10044864056503486,"{""type"":""Point"",""coordinates"":[73.08051604059878,33.603911030301845]}"
382,28.495355180000047,-0.044383881642982285,0.22703362049249065,-0.23172878242901968,"{""type"":""Point"",""coordinates"":[73.29637867886206,33.77309442996068]}"
383,31.315221680000036,-0.06090245174752217,0.24726896393115871,-0.24094271985355808,"{""type"":""Point"",""coordinates"":[72.85234342840398,33.5021307174302]}"
384,28.016832379999983,-0.09783673106026886,0.2929335290417278,-0.29275281291494865,"{""type"":""Point"",""coordinates"":[72.96887909541984,33.76532623776307]}"
385,29.81812892000005,-0.027806015667045388,0.1477413108076525,-0.17168274310644535,"{""type"":""Point"",""coordinates"":[73.19827222207252,33.63563119384436]}"
386,31.735638139999992,0.0015495140160585999,0.15233295399122093,-0.18730945760326978,"{""type"":""Point"",""coordinates"":[72.88169392037948,33.67814073048928]}"
387,33.22247684000001,-0.09302398495061923,0.22413006074651498,-0.24271913877303675,"{""type"":""Point"",""coordinates"":[73.26898719143327,33.55642361646607]}"
388,28.037340500000028,-0.08869652977253319,0.20259840493954206,-0.19902528696321314,"{""type"":""Point"",""coordinates"":[72.9099400715719,33.79733031640337]}"
389,28.023668420000035,-0.06570911211367891,0.2491096802043239,-0.2540946602380049,"{""type"":""Point"",""coordinates"":[73.26148126704928,33.77179128573126]}"
390,31.499794759999986,-0.06767366847612304,0.22313751644825783,-0.23549761479916972,"{""type"":""Point"",""coordinates"":[72.80261631847343,33.64917013521992]}"
391,31.503212780000013,-0.04001946235251186,0.1978984238178634,-0.2196426660960736,"{""type"":""Point"",""coordinates"":[73.24425794507387,33.69760155142899]}"
392,31.26395137999998,-0.011676422032117665,0.1578549589474046,-0.1720684378912227,"{""type"":""Point"",""coordinates"":[73.02210650090451,33.54483706361099]}"
393,33.80012222000005,-0.04836241199877563,0.19818086408955746,-0.21537942903780982,"{""type"":""Point"",""coordinates"":[73.20486659026764,33.6614362282731]}"
394,26.85470558000003,-0.0024039253136628577,0.10868298368298368,-0.14050206069689022,"{""type"":""Point"",""coordinates"":[73.19515308235766,33.738692321060014]}"
395,32.398734020000006,0.009118239783276619,0.09319871701414201,-0.11436002229240201,"{""type"":""Point"",""coordinates"":[73.05421125693672,33.63847226191811]}"
396,33.21564080000002,-0.010223433888460854,0.13917663570139677,-0.1801298139333622,"{""type"":""Point"",""coordinates"":[72.93633214317985,33.516986968043724]}"
397,34.68197138000005,-0.020293106247325,0.16110178031575412,-0.19209546144295764,"{""type"":""Point"",""coordinates"":[72.84861348513655,33.69647357296721]}"
398,35.11776893000001,-0.010951080987793781,0.11994438168071608,-0.1373601157905885,"{""type"":""Point"",""coordinates"":[73.12587187903249,33.56923797262077]}"
399,29.906997440000055,-0.018403571817488838,0.1931180287234818,-0.20393563218390803,"{""type"":""Point"",""coordinates"":[73.12557049873618,33.71438892860194]}"
400,32.15605460000006,-0.004214223002633889,0.14125120564073568,-0.16670633436469348,"{""type"":""Point"",""coordinates"":[73.21789111505431,33.59902884115461]}"
401,31.089632359999996,-0.04496047430830039,0.1868270613404412,-0.20697649534543638,"{""type"":""Point"",""coordinates"":[73.29462295130641,33.617803836342254]}"
402,30.84695294000005,-0.0826943316794467,0.19439376347653012,-0.18946151304922365,"{""type"":""Point"",""coordinates"":[73.03436935422052,33.51063881897114]}"
403,29.53785128000004,-0.06327462491846053,0.21367749818626142,-0.2316425775952261,"{""type"":""Point"",""coordinates"":[73.25117686928586,33.722484333064095]}"
404,30.594019460000027,-0.08113941851718612,0.24718931562665056,-0.2552399756986634,"{""type"":""Point"",""coordinates"":[72.90469089625917,33.74318139234295]}"
405,34.85799941000005,-0.003793259027789382,0.07613758509494804,-0.09395203146910455,"{""type"":""Point"",""coordinates"":[73.10884658199024,33.57441093905945]}"
406,33.321599419999984,-0.0533540770568317,0.1949750830564784,-0.2227120624634833,"{""type"":""Point"",""coordinates"":[73.24864282468033,33.629671420109226]}"
407,29.491708010000025,-0.044177247120154715,0.22088953556962523,-0.2200499086318354,"{""type"":""Point"",""coordinates"":[72.87856539811891,33.73032202763439]}"
408,29.120852839999998,0.0018185878824617937,0.13577288898569664,-0.15540291011152965,"{""type"":""Point"",""coordinates"":[73.21916629087097,33.74114746650344]}"
409,28.532953399999997,-0.08229343449469236,0.25584987257703296,-0.2522716771908209,"{""type"":""Point"",""coordinates"":[73.1643043510602,33.76350806233897]}"
410,33.91975292000001,-0.0021910326432109744,0.10718984055708547,-0.14159115982131554,"{""type"":""Point"",""coordinates"":[73.16413326267352,33.562281624006566]}"
411,31.229771180000057,-0.07588985896574882,0.23363622362544278,-0.2395543175487465,"{""type"":""Point"",""coordinates"":[73.28398579489466,33.79437092438019]}"
412,35.03060942000002,-0.037732420810368844,0.18365514144589135,-0.2157808841268715,"{""type"":""Point"",""coordinates"":[72.80534197902064,33.507321606663105]}"
413,30.320577860000014,-0.07073543636306905,0.2380849298264603,-0.2523630524433415,"{""type"":""Point"",""coordinates"":[73.24022420273323,33.69712513548594]}"
414,34.42049285000002,-0.015538388960962378,0.18589037322682825,-0.2057974058709237,"{""type"":""Point"",""coordinates"":[72.97864106966108,33.573918664958676]}"
415,36.269641670000055,-0.0018796413274581702,0.12522711148794796,-0.14742469959239848,"{""type"":""Point"",""coordinates"":[72.97219801503985,33.64121219073661]}"
416,34.24104680000005,-0.03067963496637848,0.20212877700360632,-0.2204173035225536,"{""type"":""Point"",""coordinates"":[72.94919225514012,33.57611394927567]}"
417,24.605648420000023,-0.11504288626485634,0.25873822239590116,-0.23809523809523808,"{""type"":""Point"",""coordinates"":[72.96152482588138,33.79936455521801]}"
418,27.136692229999994,-0.055493958243286415,0.201643097066815,-0.20084666039510818,"{""type"":""Point"",""coordinates"":[72.96678100210272,33.75609356389588]}"
419,25.270453309999994,-0.12165067664010697,0.27560770131711426,-0.26340639436677044,"{""type"":""Point"",""coordinates"":[73.26514585314449,33.755966683215746]}"
420,29.879653280000014,-0.11020753366729556,0.25197168115623053,-0.24389532764778774,"{""type"":""Point"",""coordinates"":[73.03719287507046,33.706082438392016]}"
421,34.661463260000005,-0.04351486110211746,0.18684636912652822,-0.21475953565505804,"{""type"":""Point"",""coordinates"":[72.81179422087799,33.517682456077]}"
422,27.509256410000035,-0.060174331229335735,0.26140366562360307,-0.25058058111294296,"{""type"":""Point"",""coordinates"":[73.14273105381776,33.726039931003285]}"
423,31.88774003000003,-0.027875884858498432,0.181688275477485,-0.2056397126804637,"{""type"":""Point"",""coordinates"":[72.97378574765219,33.67060582576441]}"
424,31.95439141999998,-0.029688785929832047,0.16363824253802037,-0.19154864993562723,"{""type"":""Point"",""coordinates"":[73.16153922875222,33.67214716810799]}"
425,33.29425526,-0.00846234398437721,0.18190261377205785,-0.20720964900393007,"{""type"":""Point"",""coordinates"":[72.86005640113311,33.734555616525455]}"
426,32.291066390000026,-0.0089894419306184,0.16799944128225722,-0.2002511886606262,"{""type"":""Point"",""coordinates"":[72.83826964248804,33.584089881237254]}"
427,34.21370264000001,-0.052661815396399844,0.1824896027534777,-0.2002183406113537,"{""type"":""Point"",""coordinates"":[72.96870776066824,33.53020435936755]}"
428,25.651562539999986,-0.06534890492057843,0.24096998473800238,-0.25155822438431136,"{""type"":""Point"",""coordinates"":[73.04787248813871,33.782048446644154]}"
429,32.740536020000036,0.018457943925233644,0.15072245429021433,-0.1853419391246076,"{""type"":""Point"",""coordinates"":[72.83381393399341,33.5732204741754]}"
430,32.89776494,-0.026211180124223604,0.18756513926325247,-0.19763691058678554,"{""type"":""Point"",""coordinates"":[73.12699073918135,33.63370055808779]}"
431,35.628762919999986,0.017491104094622362,0.08411214953271028,-0.10707025073413147,"{""type"":""Point"",""coordinates"":[73.02049528806216,33.56388344495381]}"
432,31.42459832000003,-0.048103149020580216,0.1841579997898939,-0.20042598509052184,"{""type"":""Point"",""coordinates"":[73.18843041369333,33.57098402322464]}"
433,35.09213378000004,0.020415693026687984,0.13842635603516043,-0.15581353165245782,"{""type"":""Point"",""coordinates"":[72.98552389115954,33.55834196879448]}"
434,26.33687555000006,-0.031777526786531944,-0.020233056988810946,0.052345305184063703,"{""type"":""Point"",""coordinates"":[73.1180680926706,33.70060757791689]}"
435,32.631159379999986,-0.037497632725206745,0.18095101226938762,-0.2066813509544787,"{""type"":""Point"",""coordinates"":[72.88391649809907,33.638956943443915]}"
436,30.347922020000055,-0.11586044785351973,0.30627466599080344,-0.2912670007158196,"{""type"":""Point"",""coordinates"":[72.87558247474365,33.74534634938087]}"
437,34.00178540000002,-0.054477566260635366,0.2069219182400953,-0.22442162123742848,"{""type"":""Point"",""coordinates"":[73.16900067169844,33.50411248913222]}"
438,32.14580053999998,-0.0055751911388474,0.14898362650174887,-0.17753610639697986,"{""type"":""Point"",""coordinates"":[72.84114728336999,33.597754719521745]}"
439,30.187275080000006,-0.038072989013764366,0.14515567319077802,-0.15716497747747749,"{""type"":""Point"",""coordinates"":[73.06107051868308,33.72801431493938]}"
440,25.868606810000017,-0.12632508833922262,0.24533830580713906,-0.22489082969432314,"{""type"":""Point"",""coordinates"":[73.29372710115062,33.77771461861984]}"
441,33.19684169000004,0.024519049415314974,0.10337412318877681,-0.12915902541262772,"{""type"":""Point"",""coordinates"":[73.02120257030532,33.64406582172912]}"
442,32.726863940000044,-0.009685304002444241,0.12850020489004235,-0.1543996925978971,"{""type"":""Point"",""coordinates"":[73.16082904219232,33.62401656541725]}"
443,29.71900634000002,-0.10500335181912365,0.2939875111507583,-0.2900747065101387,"{""type"":""Point"",""coordinates"":[73.23501442969754,33.75712677477094]}"
444,23.48111984000002,-0.1537574919317658,0.2885093967218742,-0.2688017576474565,"{""type"":""Point"",""coordinates"":[73.05425273817697,33.76080530560951]}"
445,31.824506659999997,-0.0022378129914116364,0.12479212625148481,-0.15873015873015872,"{""type"":""Point"",""coordinates"":[72.94183787409285,33.69397599983753]}"
446,33.24298496000006,-0.015368707994548104,0.0887832412182707,-0.14583738486289624,"{""type"":""Point"",""coordinates"":[73.137991414179,33.52213129018743]}"
447,35.74326659000002,-0.021529934831597538,0.1537601678446749,-0.1859223644205614,"{""type"":""Point"",""coordinates"":[72.87529069111231,33.551712264811144]}"
448,29.630137820000016,-0.11024448777561122,0.3059740992977875,-0.29918910380173414,"{""type"":""Point"",""coordinates"":[73.25291250276078,33.64416963109843]}"
449,25.778029280000055,-0.06430617026815934,0.23366097603035005,-0.21377672209026127,"{""type"":""Point"",""coordinates"":[73.2101698230589,33.76630035868168]}"
450,33.06524792000005,0.048032320814005686,0.10824652475351008,-0.1315049976879024,"{""type"":""Point"",""coordinates"":[72.82436008495002,33.55823242616597]}"
451,28.360343390000025,-0.06325406678763569,0.27138805884927963,-0.2536596351625253,"{""type"":""Point"",""coordinates"":[73.13258844823393,33.50568088549164]}"
452,33.93342500000006,0.030649316335292952,0.060830592402501174,-0.08127026230474506,"{""type"":""Point"",""coordinates"":[73.06577291971368,33.64886463853619]}"
453,31.050325130000033,-0.07428289737190745,0.23673896465497365,-0.24419704187407448,"{""type"":""Point"",""coordinates"":[72.97534226643553,33.67779022415268]}"
454,33.44806616000005,-0.06906035603106961,0.2239022871180928,-0.24116635671427067,"{""type"":""Point"",""coordinates"":[73.00483648325604,33.50964302031255]}"
455,33.8821547,-0.040038872691933916,0.1779856906989543,-0.2069471072516071,"{""type"":""Point"",""coordinates"":[72.90230821683092,33.52865035877935]}"
456,35.401464590000046,-0.020375667148291216,0.1494627049112259,-0.17087365500439872,"{""type"":""Point"",""coordinates"":[72.81258711933597,33.727687258476564]}"
457,28.95336986000001,-0.07458350189400904,0.1707502754682961,-0.1841060139406711,"{""type"":""Point"",""coordinates"":[73.14820215373852,33.71872846113627]}"
458,31.44168841999999,-0.0515354967052095,0.18743418743418744,-0.20808484805199443,"{""type"":""Point"",""coordinates"":[72.84836492483397,33.67423519070681]}"
459,29.038820360000045,-0.04959406989057536,0.23092314060990754,-0.24193379972851622,"{""type"":""Point"",""coordinates"":[73.08909154266824,33.73836844641856]}"
460,32.50469264000003,-0.07629851652312479,0.12184126230869617,-0.16386313284647575,"{""type"":""Point"",""coordinates"":[73.21245947219418,33.72522216094222]}"
461,33.07892000000004,2.5337302844112244E-4,0.11281111189452162,-0.15486774228954012,"{""type"":""Point"",""coordinates"":[73.19216726184446,33.52880063394641]}"
462,29.60279366000003,-0.08225014997923365,0.2630105017502917,-0.25637957820675367,"{""type"":""Point"",""coordinates"":[72.8255066619767,33.75993629650458]}"
463,30.41799143000003,-0.05257581352041226,0.23522984174830444,-0.23557900687835673,"{""type"":""Point"",""coordinates"":[72.89030311170893,33.7566821280064]}"
464,23.925462440000047,-0.13618571088192247,0.32292327203551047,-0.2922707651806972,"{""type"":""Point"",""coordinates"":[73.07952927400153,33.75844769500606]}"
465,32.29619342000001,-0.09245122985581,0.22494008445239091,-0.23314950980392157,"{""type"":""Point"",""coordinates"":[72.83422111518993,33.580599403122854]}"
466,28.611567860000036,-0.09895799200471853,0.27520912547528514,-0.2622031538143088,"{""type"":""Point"",""coordinates"":[73.0773787470242,33.692741818795206]}"
467,35.34164924000004,0.033214238454413125,0.09073265405143134,-0.11151681119732237,"{""type"":""Point"",""coordinates"":[72.97636517342318,33.693772789546394]}"
468,32.18168975000003,0.005503798194066218,0.14140483632176346,-0.1702816663855625,"{""type"":""Point"",""coordinates"":[72.94106819018832,33.615595949203644]}"
469,28.673092220000058,-0.14258740406870507,0.33940237763735676,-0.3190127970749543,"{""type"":""Point"",""coordinates"":[72.99644634097497,33.74051768609156]}"
470,26.50948556000003,-0.16884325464528338,0.35512758267249284,-0.3265270198908643,"{""type"":""Point"",""coordinates"":[73.11871230697722,33.708788666208086]}"
471,29.963394770000036,-0.0068860441842054166,0.15306192268217586,-0.17523580382516518,"{""type"":""Point"",""coordinates"":[72.92690031892263,33.7753126008577]}"
472,34.39314869000003,-0.013285337319442961,0.17091742310742927,-0.19032431463895358,"{""type"":""Point"",""coordinates"":[72.94026638597607,33.599221290326454]}"
473,33.755687960000046,-0.05306292128158684,0.19665271966527198,-0.2223486023506704,"{""type"":""Point"",""coordinates"":[73.171591591407,33.58746721902438]}"
474,35.11605992,0.0057024959165544314,0.14175715695952615,-0.1810074880871341,"{""type"":""Point"",""coordinates"":[72.94171393722561,33.60210102700032]}"
475,32.13212845999999,-0.08384036943430372,0.23358843688406697,-0.24165787921574233,"{""type"":""Point"",""coordinates"":[73.00303580084834,33.55162299428363]}"
476,31.54422901999999,-0.061023014746714385,0.19300679894546968,-0.21026146320864272,"{""type"":""Point"",""coordinates"":[73.17376855587614,33.597008834821736]}"
477,34.50081632000001,0.004914861908234772,0.09996494917630565,-0.1278752156411731,"{""type"":""Point"",""coordinates"":[73.14142887727715,33.559775954341035]}"
478,30.317159840000045,-0.007136322049405307,0.13480636404247276,-0.15010099602981125,"{""type"":""Point"",""coordinates"":[73.18120359836796,33.63791398579049]}"
479,33.58136894000006,-0.07290397360834547,0.2178665407192497,-0.24302733971489568,"{""type"":""Point"",""coordinates"":[73.23451554865326,33.62832311255539]}"
480,31.233189200000027,-0.015652930844201267,0.1840173960315303,-0.20293830660750778,"{""type"":""Point"",""coordinates"":[73.28505802216166,33.57889717190542]}"
481,28.873046390000013,-0.0854996609226382,0.26143711606854186,-0.24307533005436188,"{""type"":""Point"",""coordinates"":[72.96364741641726,33.74681739036976]}"
482,31.906539140000007,-0.015973420228739377,0.14577028390257962,-0.15744649876255642,"{""type"":""Point"",""coordinates"":[73.07662311957966,33.704735527217416]}"
483,32.856748700000026,-0.012615791795324217,0.17134401469537708,-0.20749026896237333,"{""type"":""Point"",""coordinates"":[72.85667868181429,33.53111689647523]}"
484,31.87406795000004,-0.02175280174151415,0.16157653528872595,-0.18395336235729368,"{""type"":""Point"",""coordinates"":[73.17024327551137,33.60744064355538]}"
485,33.85310153,0.004178674351585014,0.16364432321395497,-0.20444762020948432,"{""type"":""Point"",""coordinates"":[72.9184131355144,33.69183141500297]}"
486,23.149571900000012,-0.12673533363188536,0.2684648348878246,-0.25486284289276806,"{""type"":""Point"",""coordinates"":[73.19341941957205,33.797832101692535]}"
487,25.54218590000005,-0.07666641389246985,0.23235830223070914,-0.22275330491323256,"{""type"":""Point"",""coordinates"":[72.93890410009391,33.764388095950636]}"
488,38.07948326000002,0.008616637944540186,0.09765828274067649,-0.12035692787082611,"{""type"":""Point"",""coordinates"":[72.8000745099312,33.730185428997615]}"
489,32.12358341000004,-0.030774610945969574,0.21169558589267057,-0.22372723026623073,"{""type"":""Point"",""coordinates"":[73.01583790710659,33.6970119122974]}"
490,33.73005281000002,-0.013086321058028188,0.08745289706376153,-0.11665772737721247,"{""type"":""Point"",""coordinates"":[72.91244887835177,33.58260022704156]}"
491,32.070604100000025,-0.06083841367607316,0.19012867971091132,-0.2114404650828967,"{""type"":""Point"",""coordinates"":[72.80904986327256,33.67891429025173]}"
492,31.66727774000003,-0.04777179911699779,0.21156645727390566,-0.21374488063130556,"{""type"":""Point"",""coordinates"":[73.01067234493702,33.50060061133933]}"
493,32.17656271999999,0.026017652483203795,0.0808420437102551,-0.10967693519942967,"{""type"":""Point"",""coordinates"":[73.10723839440352,33.63739827006396]}"
494,28.47826508000003,-0.07135692792663706,0.2279520446707177,-0.21656361861373252,"{""type"":""Point"",""coordinates"":[73.11653429171832,33.510774717651564]}"
495,27.172581440000044,-0.10126199532122794,0.2953222394848661,-0.280864768815015,"{""type"":""Point"",""coordinates"":[73.14433968084093,33.745838602503476]}"
496,32.60723324000003,-0.05674938043103178,0.21658420311314963,-0.23188882793929422,"{""type"":""Point"",""coordinates"":[73.2610069558539,33.57239989644229]}"
497,32.69268374000001,-0.05761236684853208,0.20534458509142053,-0.2201116481210895,"{""type"":""Point"",""coordinates"":[72.93695773047604,33.655879369778425]}"
498,33.60529508000002,0.028429546865301056,0.08807785888077858,-0.1276047763989698,"{""type"":""Point"",""coordinates"":[73.04544933149245,33.681427231486545]}"
499,34.61361098000003,0.05894657331280323,0.07364932051706993,-0.1408043952947806,"{""type"":""Point"",""coordinates"":[72.90558082639025,33.587322098547254]}"
500,28.047594559999993,-0.11300856682405497,0.32282670788668977,-0.30988586829933784,"{""type"":""Point"",""coordinates"":[73.02858345153959,33.66701033856316]}"
501,35.59800074000003,0.028872709013306554,0.08923228554331374,-0.11860608032389834,"{""type"":""Point"",""coordinates"":[73.01557163282042,33.57114005638694]}"
502,30.55300322000005,-0.06974549131973706,0.22938054468678573,-0.2204445811860626,"{""type"":""Point"",""coordinates"":[73.02134726001331,33.50085376736851]}"
503,32.61748729999999,-0.047550475504755045,0.19717488942983508,-0.21158917418459403,"{""type"":""Point"",""coordinates"":[73.18259752786538,33.59193086974738]}"
504,33.47199230000001,-0.060799951481335476,0.214189025025164,-0.22972545435371042,"{""type"":""Point"",""coordinates"":[73.17539619632721,33.56205199166656]}"
505,35.76890174000005,-0.04044375361921307,0.18769787426503845,-0.20872428566370427,"{""type"":""Point"",""coordinates"":[72.8147925083805,33.53091226538317]}"
506,32.610651260000054,-0.011168775987131627,0.1074105466088315,-0.1576441973592773,"{""type"":""Point"",""coordinates"":[72.94988139056667,33.64475742419311]}"
507,30.453880640000023,-0.0895696986942363,0.24884942924442835,-0.25129806470353294,"{""type"":""Point"",""coordinates"":[73.26847577349334,33.658055916194535]}"
508,34.21370264000001,0.0018324022346368715,0.16809623430962342,-0.19437413098506184,"{""type"":""Point"",""coordinates"":[72.80415950417526,33.59498569752851]}"
509,36.65075090000005,-0.01713801247501968,0.14919092744004653,-0.19141691789324347,"{""type"":""Point"",""coordinates"":[72.93009564389766,33.56231930141727]}"
510,25.42597322000006,-0.10287296124494988,0.25754990615935847,-0.23816723363151485,"{""type"":""Point"",""coordinates"":[73.26513760882689,33.792504251903644]}"
511,30.580347380000035,-0.12402970529923721,0.2455549142633725,-0.2426167391062075,"{""type"":""Point"",""coordinates"":[73.23807423220055,33.63698096628676]}"
512,29.29858988000001,-0.16536649875926834,0.36705595258846085,-0.34044335059563485,"{""type"":""Point"",""coordinates"":[72.99732540214502,33.73049846921701]}"
513,34.483726219999994,0.008376047005875735,0.12339340721594731,-0.14698864868773046,"{""type"":""Point"",""coordinates"":[73.06483823546293,33.55262303714784]}"
514,34.599938899999984,0.016215885448537512,0.08981832971800434,-0.1215598730335903,"{""type"":""Point"",""coordinates"":[73.00350822107308,33.5445030786824]}"
515,32.72344592000002,-0.051809968655890846,0.203346927295739,-0.2186854660685039,"{""type"":""Point"",""coordinates"":[72.96512079646074,33.68086664742503]}"
516,21.074833760000047,-0.09944885718917167,0.2363288370397375,-0.2199289536400018,"{""type"":""Point"",""coordinates"":[73.05808169615935,33.78868481653953]}"
517,33.81721232000001,-0.04599778094785228,0.1957238630186628,-0.20696466456946375,"{""type"":""Point"",""coordinates"":[73.27631038153436,33.545737018697984]}"
518,30.566675300000043,-0.014784258227695643,0.15315130363375076,-0.17244738215341798,"{""type"":""Point"",""coordinates"":[73.24213536717909,33.647103513151684]}"
519,32.71319186000005,-0.012851312628440765,0.18169691853102574,-0.21177387239200068,"{""type"":""Point"",""coordinates"":[72.91110688276521,33.63522953435955]}"
520,31.45877852000001,-0.058708353071214275,0.24029745828554516,-0.23096129837702872,"{""type"":""Point"",""coordinates"":[72.98972235705969,33.70603947334067]}"
521,35.187838339999985,0.03570502010636918,0.057752165483876704,-0.08290693227962198,"{""type"":""Point"",""coordinates"":[73.02938995161735,33.575341324464134]}"
522,32.39189798000001,-0.029003595732667677,0.1839302504487563,-0.20408234230474998,"{""type"":""Point"",""coordinates"":[72.98936346098914,33.71788513191609]}"
523,32.98321543999998,-0.0736105892893269,0.2382253924869171,-0.24795914939362382,"{""type"":""Point"",""coordinates"":[72.81131894560973,33.736537480634574]}"
524,30.73415828000003,-0.03924548402763634,0.18227672126472633,-0.19920455572629486,"{""type"":""Point"",""coordinates"":[73.1599964348333,33.698386539937125]}"
525,29.435310680000043,-0.1266389613736671,0.3075111227427375,-0.29057495018082513,"{""type"":""Point"",""coordinates"":[73.01354362774562,33.731360053080614]}"
526,33.03106772000001,0.007790388935897062,0.13014290461947492,-0.1627573001436094,"{""type"":""Point"",""coordinates"":[72.91638602369096,33.62735257059134]}"
527,35.034027440000045,-0.03236058059587471,0.15958743070929654,-0.20133703150558283,"{""type"":""Point"",""coordinates"":[72.9576398796208,33.52301667675905]}"
528,32.24663213000002,0.006357279084551812,0.10626585140475395,-0.1212785460922243,"{""type"":""Point"",""coordinates"":[73.05950112391005,33.6289401797712]}"
529,31.62797051000001,-0.11476431092960476,0.22016819456019396,-0.2324469102735795,"{""type"":""Point"",""coordinates"":[73.21317284223285,33.718886892878615]}"
530,31.81254359000002,-0.09492637723217966,0.2533076647226469,-0.2545389280383896,"{""type"":""Point"",""coordinates"":[72.90468375049862,33.7067173145999]}"
531,29.662609009999983,-0.08543120752840648,0.1805235644040299,-0.1883304098872961,"{""type"":""Point"",""coordinates"":[73.02994408354172,33.5013847203026]}"
532,34.282063040000025,0.01022795641419881,0.094147206621342,-0.10972867636036576,"{""type"":""Point"",""coordinates"":[73.12060821750386,33.61508412975477]}"
533,31.43314337000004,-0.10429131255140382,0.2696493797860308,-0.26292880855772777,"{""type"":""Point"",""coordinates"":[73.08782980622263,33.7188567727012]}"
534,34.53841454000002,0.011554847212431421,0.12604748603351956,-0.1578229338694622,"{""type"":""Point"",""coordinates"":[72.89513268110503,33.63900135764306]}"
535,30.368430139999987,-0.09411272949422848,0.25227247635520555,-0.2552520427172289,"{""type"":""Point"",""coordinates"":[73.27179696160758,33.63929047657413]}"
536,34.69906148000001,-0.03772549975621648,0.19253396834290518,-0.21339747015856048,"{""type"":""Point"",""coordinates"":[72.99508110725507,33.558129720127134]}"
537,32.76788018000002,-0.043937502109135086,0.22168907845111863,-0.22125500878387713,"{""type"":""Point"",""coordinates"":[72.96039617123655,33.709947458574916]}"
538,29.785657730000025,-0.08243865646012871,0.2387738985105328,-0.24363891142414631,"{""type"":""Point"",""coordinates"":[72.8496043350576,33.76585608744215]}"
539,32.78838830000001,-0.013031631323302926,0.16478801294057552,-0.20250316411193925,"{""type"":""Point"",""coordinates"":[72.87107623691405,33.68491791687855]}"
540,35.07504368000002,-0.02669385485216424,0.17957546500070992,-0.19961012941537462,"{""type"":""Point"",""coordinates"":[72.9528187017937,33.57844900131297]}"
541,33.60187705999999,-0.04961970300615719,0.19767128456686972,-0.21726902496484468,"{""type"":""Point"",""coordinates"":[73.2765465801175,33.54880474953815]}"
542,35.512550239999996,-0.00791894724583673,0.10723766271148495,-0.17093959277548534,"{""type"":""Point"",""coordinates"":[73.23578263503872,33.683838958623134]}"
543,31.42118030000006,-0.036047007245935576,0.20549789223847817,-0.21962583327360047,"{""type"":""Point"",""coordinates"":[73.26405261779712,33.58824331052489]}"
544,31.034944040000028,0.006311139160618492,0.13529546720854774,-0.18048597621238455,"{""type"":""Point"",""coordinates"":[73.249836533529,33.64862755707143]}"
545,27.008516480000026,-0.013859169766599731,0.14708182800104286,-0.16982565427128044,"{""type"":""Point"",""coordinates"":[73.19715011114249,33.72814975459094]}"
546,30.804227690000005,-0.06598282523239923,0.2215605908282422,-0.21209330877839166,"{""type"":""Point"",""coordinates"":[73.0688600609525,33.559913243538645]}"
547,34.75716782000001,-0.018404193360512522,0.1895642708935678,-0.21140323530430566,"{""type"":""Point"",""coordinates"":[72.94616156199366,33.70353346140207]}"
548,32.19365282000001,-0.01876275471353294,0.14356537199124728,-0.1804337468457181,"{""type"":""Point"",""coordinates"":[72.99624640731274,33.634858774715696]}"
549,35.35532132000003,0.03360914698360162,0.07453997992639678,-0.12218301247335872,"{""type"":""Point"",""coordinates"":[73.29695086959504,33.52524149361872]}"
550,26.88888578000001,-0.12900633297971517,0.3199533957229301,-0.29785661492978566,"{""type"":""Point"",""coordinates"":[72.96645274125528,33.76084186775855]}"
551,22.69155722000005,-0.15084939562234564,0.26065757101319614,-0.232592722183345,"{""type"":""Point"",""coordinates"":[73.09291066352753,33.77749011760662]}"
552,33.663401420000014,-5.52791597567717E-4,0.11346548188653452,-0.15018004660029655,"{""type"":""Point"",""coordinates"":[72.8809007907828,33.65119081269073]}"
553,31.96464548000006,-0.059494702526487364,0.21021160800601527,-0.22628160940391104,"{""type"":""Point"",""coordinates"":[72.83818551259803,33.632213091889966]}"
554,28.232167640000057,-0.0919020183097098,0.25460969864348953,-0.24299855142443264,"{""type"":""Point"",""coordinates"":[72.8718142906067,33.712452808318254]}"
555,29.137942940000016,-0.05794855903315773,0.20343688037012558,-0.18433719266293744,"{""type"":""Point"",""coordinates"":[72.89863752255516,33.760200648790956]}"
556,32.17656271999999,-0.02948464602741445,0.17222043644415871,-0.18912358247889569,"{""type"":""Point"",""coordinates"":[73.17499340195448,33.679874665662865]}"
557,31.24344326000005,-0.04443841071590189,0.22239288173295907,-0.23148065807025345,"{""type"":""Point"",""coordinates"":[72.85477946543544,33.70088030381622]}"
558,35.19125636000001,-0.05018669332314115,0.21047815920566607,-0.23176661264181522,"{""type"":""Point"",""coordinates"":[73.20635127156191,33.66097695761825]}"
559,33.86506459999998,-0.008947066860593239,0.1979068550497122,-0.21800510783200908,"{""type"":""Point"",""coordinates"":[73.28473551959691,33.57105670119409]}"
560,28.148426149999977,-0.023222037003416462,0.21197192735518933,-0.21527423844434862,"{""type"":""Point"",""coordinates"":[72.95153591134091,33.76372934304422]}"
561,32.761044140000024,0.0078638904001187,0.12087912087912088,-0.13322662649468034,"{""type"":""Point"",""coordinates"":[73.0221419167298,33.60207189800931]}"
562,33.608713100000045,0.008713893819590124,0.12378803585584487,-0.1635204242692089,"{""type"":""Point"",""coordinates"":[72.87559136212188,33.60748660416538]}"
563,30.08473448000001,-0.01978427984029557,0.19575166823882892,-0.21731398491961873,"{""type"":""Point"",""coordinates"":[72.93365426069082,33.78045514235146]}"
564,28.64403905000006,-0.09641187638603041,0.28620625116975484,-0.2795724952054667,"{""type"":""Point"",""coordinates"":[72.96831031084747,33.7372469482331]}"
565,33.92146193000002,-8.802422904202784E-4,0.14284254101292992,-0.1890042891070859,"{""type"":""Point"",""coordinates"":[72.95432849119037,33.52986104046298]}"
566,32.96783435000003,-0.04740871174249772,0.17127790942162,-0.19170104755598566,"{""type"":""Point"",""coordinates"":[73.17471690606973,33.59004017761638]}"
567,28.70385440000001,-0.11472574159775434,0.3068986373501263,-0.2975044594761661,"{""type"":""Point"",""coordinates"":[73.11312398144538,33.69260952258638]}"
568,24.311698700000022,-0.1974325819065572,0.37197222569301897,-0.34937939994031003,"{""type"":""Point"",""coordinates"":[73.0475492504632,33.75488180916002]}"
569,26.225789899999995,-0.18166762214153767,0.35083375810092476,-0.32040286131179047,"{""type"":""Point"",""coordinates"":[73.11878736775435,33.71195188488004]}"
570,33.67194647000002,-0.03274811670921364,0.1714067468424138,-0.19605318049081313,"{""type"":""Point"",""coordinates"":[73.21501750178453,33.54435996806577]}"
571,24.342460880000033,-0.10144186195210844,0.29169166166766647,-0.2839892665474061,"{""type"":""Point"",""coordinates"":[73.01637191419056,33.75619729293903]}"
572,32.94561722000003,-0.12124597070181597,0.2826110766310102,-0.2766916200305255,"{""type"":""Point"",""coordinates"":[73.22520575000624,33.66555057553132]}"
573,34.610192960000006,0.007433628318584071,0.0895314574361299,-0.13814098227574076,"{""type"":""Point"",""coordinates"":[73.26864495992412,33.56559509301408]}"
574,29.75318654,-0.07656312532709417,0.2719138721175529,-0.277489588660773,"{""type"":""Point"",""coordinates"":[72.9958740663987,33.74926720978649]}"
575,29.845473080000033,-0.025859602952113966,0.18583427022022353,-0.21933970283227364,"{""type"":""Point"",""coordinates"":[73.17872737581429,33.66030049788517]}"
576,32.511528680000026,-0.039696813977389514,0.14603320706623713,-0.19387792734648718,"{""type"":""Point"",""coordinates"":[73.23288789789014,33.69501957652856]}"
577,39.29288036000003,0.021764235586746023,0.07493573683011746,-0.112585457852019,"{""type"":""Point"",""coordinates"":[72.81491031579073,33.68600788668425]}"
578,26.57100992000005,-0.03347777052294177,0.22545793668948286,-0.2320484016487696,"{""type"":""Point"",""coordinates"":[73.11682733621221,33.799652502540354]}"
579,29.21313938000003,-0.05798652647484732,0.2047173531204072,-0.21882933197940088,"{""type"":""Point"",""coordinates"":[73.1681766055295,33.70967536867849]}"
580,33.278874169999995,-0.008475969803423276,0.1611759440944611,-0.1944616583154801,"{""type"":""Point"",""coordinates"":[72.862104485776,33.543903572170706]}"
581,32.330373620000046,0.005853658536585366,0.13621382307124702,-0.17374438892182603,"{""type"":""Point"",""coordinates"":[72.97424974154801,33.57380305143501]}"
582,31.01785394000001,-0.05178268251273345,0.23930982745686422,-0.24259464880547296,"{""type"":""Point"",""coordinates"":[73.20691496280523,33.571046463764766]}"
583,32.48589353,-0.0428912820831135,0.20098643649815043,-0.21033010967637367,"{""type"":""Point"",""coordinates"":[73.18103495550791,33.6468144402239]}"
584,35.334813199999985,0.027239270914833812,0.10451591675577857,-0.14552372502516678,"{""type"":""Point"",""coordinates"":[73.23329081962618,33.53533756974952]}"
585,32.415824120000025,-0.024396135265700482,0.17207309911217053,-0.19225498119970483,"{""type"":""Point"",""coordinates"":[72.96587462762228,33.607353516566256]}"
586,36.160265030000005,-0.00566799125157872,0.14954225352112677,-0.18683995274016177,"{""type"":""Point"",""coordinates"":[72.92273457406993,33.575748917872765]}"
587,36.20640830000002,0.01873479968998049,0.10740461468858392,-0.16009984517678283,"{""type"":""Point"",""coordinates"":[73.00645196895776,33.58452176579045]}"
588,35.80991798000002,-0.03130077562157025,0.16393329181371533,-0.1974513223934788,"{""type"":""Point"",""coordinates"":[73.27678678429145,33.56224379114527]}"
589,32.05009598000004,-0.010839149593129845,0.13201022944206317,-0.1516728352083257,"{""type"":""Point"",""coordinates"":[73.03511215259513,33.64273816157079]}"
590,31.185336920000054,0.019234337312140515,0.10709299078469701,-0.13190578158458244,"{""type"":""Point"",""coordinates"":[72.95158822925299,33.668941857048864]}"
591,25.85664373999998,-0.1520095801212484,0.28932819567766793,-0.26865856171440344,"{""type"":""Point"",""coordinates"":[72.94901404063819,33.745011355531965]}"
592,27.44602304,-0.030986858625596383,0.16501144467775192,-0.19452256725565878,"{""type"":""Point"",""coordinates"":[72.92250484132758,33.73726448149522]}"
593,33.473701310000024,-0.021780374895651513,0.1676958301533338,-0.18408555246772434,"{""type"":""Point"",""coordinates"":[72.96739531464327,33.576975653405974]}"
594,33.75397895000003,2.2672652246859837E-4,0.17098041992706156,-0.1952078928823115,"{""type"":""Point"",""coordinates"":[72.90493743487957,33.52891392218136]}"
595,30.727322240000035,-0.08261572826003236,0.21813738235141178,-0.25080981027302174,"{""type"":""Point"",""coordinates"":[73.2246232209756,33.70290152115537]}"
596,25.049991019999993,-0.15547760828778856,0.2634348659858181,-0.23771243828913452,"{""type"":""Point"",""coordinates"":[73.29236796414108,33.74731083537576]}"
597,30.80764571000003,-0.11803823773898586,0.29377605187217215,-0.2843728447894746,"{""type"":""Point"",""coordinates"":[72.99180071436113,33.64637189195041]}"
598,28.89013649000003,-0.031102762294829552,0.20412126442981984,-0.2194482381862879,"{""type"":""Point"",""coordinates"":[73.25425145472217,33.729702976632495]}"
599,31.58011823000004,-0.09984260145715353,0.23568876248814993,-0.24623078620283886,"{""type"":""Point"",""coordinates"":[72.88707885690948,33.64282641129173]}"
600,33.054993860000025,-0.02513330493411872,0.17009540096909948,-0.19475450249948642,"{""type"":""Point"",""coordinates"":[72.81503338510194,33.672534802911564]}"
601,23.754561440000032,-0.08824889636325416,0.21412824241287115,-0.19143843498273877,"{""type"":""Point"",""coordinates"":[72.96108702384174,33.755657873940095]}"
602,34.66488128000003,-6.042661187987189E-4,0.12023271940061224,-0.1388974861583961,"{""type"":""Point"",""coordinates"":[73.07811686621294,33.533049662266436]}"
603,33.93342500000006,-0.005104868586097255,0.18385157189486342,-0.2103414359983139,"{""type"":""Point"",""coordinates"":[72.91449416173378,33.71689337677124]}"
604,28.731198560000053,-0.06217890601390148,0.16271761154530043,-0.1747159090909091,"{""type"":""Point"",""coordinates"":[73.24255802306627,33.76857925494276]}"
605,25.795119380000017,-0.11357453201770415,0.2369869192602616,-0.21490275993443494,"{""type"":""Point"",""coordinates"":[72.95999983648574,33.79648002178614]}"
606,33.28912823000002,-0.023297376651560606,0.18005998932705225,-0.19608318567565047,"{""type"":""Point"",""coordinates"":[73.23517028183136,33.54358765451637]}"
607,31.05716117000003,-0.07345257852357244,0.22157908542449944,-0.23862548317316218,"{""type"":""Point"",""coordinates"":[73.21518126902397,33.61196088430604]}"
608,31.474159610000015,0.017061250768195254,0.1275681482476165,-0.15896621924709292,"{""type"":""Point"",""coordinates"":[72.99910888189962,33.558494175637975]}"
609,33.015686630000005,0.027742730335911174,0.09081219711226206,-0.1233257301617246,"{""type"":""Point"",""coordinates"":[73.02135058898553,33.651497237733395]}"
610,30.252217459999997,-0.08601778811401993,0.24203867443030694,-0.24481268011527377,"{""type"":""Point"",""coordinates"":[73.01877436905438,33.672650783966816]}"
611,33.92317093999998,0.01215634935477838,0.12610595885300074,-0.15205932603875094,"{""type"":""Point"",""coordinates"":[73.20059437135794,33.650849303569586]}"
612,32.89434692000003,-0.02627217482045301,0.16728339035118342,-0.1908119658119658,"{""type"":""Point"",""coordinates"":[72.93459697823982,33.58720252966889]}"
613,30.628199660000007,-0.11210203944268694,0.25658332541116075,-0.24926752736139726,"{""type"":""Point"",""coordinates"":[73.08623598492565,33.72345772224662]}"
614,31.64164259000006,-0.06727241556660381,0.2193039152319956,-0.2249901613537977,"{""type"":""Point"",""coordinates"":[72.81653910869531,33.5605608550012]}"
615,33.75226994000002,-0.02011205751854131,0.13616852432997872,-0.17092936802973976,"{""type"":""Point"",""coordinates"":[72.96122185441246,33.50779343085386]}"
616,24.53045198000001,-0.14694225284290846,0.2904892889889139,-0.2672505525087992,"{""type"":""Point"",""coordinates"":[73.046814531444,33.795778048942395]}"
617,31.21780811000002,0.03436120210796183,0.05735339987523393,-0.07998645984747417,"{""type"":""Point"",""coordinates"":[73.04577875445425,33.62152638019812]}"
618,34.01716649000002,-0.04905725503732148,0.20641063808673216,-0.22824860659740348,"{""type"":""Point"",""coordinates"":[73.09530555242638,33.651586645220725]}"
619,30.429954500000008,-0.006718314973974095,0.14253331501579888,-0.16351299359938443,"{""type"":""Point"",""coordinates"":[73.16756718003798,33.63711485061208]}"
620,31.848432800000012,-0.0013008130081300813,0.12454346238130022,-0.15812833822312494,"{""type"":""Point"",""coordinates"":[73.0715071033108,33.65640944249798]}"
621,27.223851739999986,-0.02397900606855831,0.20371727143022403,-0.22497351175293334,"{""type"":""Point"",""coordinates"":[73.29370397783597,33.79133198547271]}"
622,26.929902019999986,-0.0693270206290159,0.2272337296237284,-0.21869484958516747,"{""type"":""Point"",""coordinates"":[72.99217868351874,33.76748021205277]}"
623,31.229771180000057,0.011584301222196917,0.09787851192283045,-0.14553676690538614,"{""type"":""Point"",""coordinates"":[73.22880989886188,33.75418222075953]}"
624,32.164599650000014,-0.05947143436612687,0.21951657508170816,-0.22711913409587828,"{""type"":""Point"",""coordinates"":[72.81246298362962,33.646071738615326]}"
625,27.651104239999995,-0.06656987915794868,0.10899968920658883,-0.13955928646379853,"{""type"":""Point"",""coordinates"":[73.26464828071764,33.76120833613048]}"
626,24.609066439999992,-0.03668221353838397,0.2424368319673679,-0.24469332929736273,"{""type"":""Point"",""coordinates"":[73.13985497959052,33.793475812939306]}"
627,22.99234297999999,-0.11932867582108729,0.24572143527414095,-0.22718668838314918,"{""type"":""Point"",""coordinates"":[73.16032491632025,33.77531089455641]}"
628,35.00668328000006,-0.024525854080434915,0.17102104222567435,-0.2035269784825284,"{""type"":""Point"",""coordinates"":[72.97738509656077,33.5233403922773]}"
629,32.49102056000004,0.020686380900705372,0.08291146360670491,-0.10373031646537227,"{""type"":""Point"",""coordinates"":[73.03696521142032,33.60130963577278]}"
630,34.40852977999998,-0.002631893767197033,0.12304445412213996,-0.16309891406168683,"{""type"":""Point"",""coordinates"":[73.08015710584074,33.51421702752986]}"
631,32.908019000000024,-0.03540175019888624,0.12323348556222806,-0.1630054359967235,"{""type"":""Point"",""coordinates"":[73.28672610297886,33.62071074830279]}"
632,33.51129953000003,-0.06546467173266626,0.20893284301474527,-0.22867302877462897,"{""type"":""Point"",""coordinates"":[73.23981999771337,33.67675020901711]}"
633,32.62261433000003,0.04099092908191314,0.06062966692633619,-0.08558760039672507,"{""type"":""Point"",""coordinates"":[73.00507169088975,33.61138641096551]}"
634,33.8821547,-0.02535045198480283,0.2020888530507238,-0.21045509028341647,"{""type"":""Point"",""coordinates"":[72.86222134708474,33.65487472944255]}"
635,34.94344991000003,-0.020466444550214184,0.1739173718267795,-0.20733080782225863,"{""type"":""Point"",""coordinates"":[72.88276951529188,33.55059041274422]}"
636,34.890470600000015,-0.005379063031584755,0.12524441700113204,-0.166604427847426,"{""type"":""Point"",""coordinates"":[73.1918536493005,33.53357855466101]}"
637,34.60677494000004,0.06475447986967652,0.09312842133895481,-0.1293382042995644,"{""type"":""Point"",""coordinates"":[72.83187787149028,33.713195351806945]}"
638,32.16289064,-0.028004702619600277,0.15800196950660464,-0.19467507444386056,"{""type"":""Point"",""coordinates"":[72.853635336623,33.619436577045995]}"
639,31.67924081000001,-0.0676605878706815,0.21492343387470997,-0.22433175585941154,"{""type"":""Point"",""coordinates"":[73.25135741273688,33.55973700776197]}"
640,36.58409950999999,0.022307981927710843,0.07276013426284533,-0.10261491100810304,"{""type"":""Point"",""coordinates"":[73.10072304890438,33.583390569515345]}"
641,35.50571420000006,-0.02123110728390296,0.13486223395479294,-0.17099080694586313,"{""type"":""Point"",""coordinates"":[72.86912548363756,33.55078930491621]}"
642,36.606316640000045,-0.00761004391699353,0.08419305966380491,-0.09393994540491356,"{""type"":""Point"",""coordinates"":[73.08154787664755,33.59456994865779]}"
643,30.877715120000005,-0.06820334701610357,0.24610936147485127,-0.2510863334627688,"{""type"":""Point"",""coordinates"":[72.8896914700512,33.75371894841836]}"
644,28.105700899999988,-0.1097641416932594,0.2710826152652428,-0.24746999058135108,"{""type"":""Point"",""coordinates"":[72.84034241732735,33.50215624340711]}"
645,32.86700275999999,-4.1174421182656065E-4,0.10417394952107949,-0.13158743237917817,"{""type"":""Point"",""coordinates"":[73.06799104066224,33.54343880920496]}"
646,31.315221680000036,-0.06090245174752217,0.24726896393115871,-0.24094271985355808,"{""type"":""Point"",""coordinates"":[72.85253373548912,33.50202496008564]}"
647,33.682200530000046,0.005473565345587428,0.10711105679417567,-0.14737546818173594,"{""type"":""Point"",""coordinates"":[72.9997832545165,33.638601389139836]}"
648,28.75512470000001,-0.0778629430067542,0.2161143933555955,-0.2044606512890095,"{""type"":""Point"",""coordinates"":[73.25939714873262,33.7911276721755]}"
649,36.07652354000004,0.02909171663335554,0.08914908003843554,-0.11506230416089776,"{""type"":""Point"",""coordinates"":[73.05517084143256,33.54311586192515]}"
650,31.83817873999999,-0.045905391658189215,0.19211537067903472,-0.20490752609412197,"{""type"":""Point"",""coordinates"":[73.2593889616224,33.53441902778361]}"
651,34.64095514000002,0.04217557251908397,0.0709103840682788,-0.09744897959183674,"{""type"":""Point"",""coordinates"":[72.99045805299546,33.59865815105085]}"
652,24.053638190000015,-0.08524907927893002,0.23026214594915292,-0.22047347081135282,"{""type"":""Point"",""coordinates"":[72.98977811784448,33.75953230438014]}"
653,32.190234799999985,-0.015024774894773297,0.18923811604606885,-0.21444508191496142,"{""type"":""Point"",""coordinates"":[73.16558828595893,33.62314494565806]}"
654,31.33743880999998,-0.03276610845429812,0.12283667095351829,-0.17118601843512254,"{""type"":""Point"",""coordinates"":[73.28126239096304,33.747114295189206]}"
655,34.593102860000045,0.026753882878134978,0.07344594132530945,-0.117980128912788,"{""type"":""Point"",""coordinates"":[73.20101243009277,33.531803196507646]}"
656,30.030046159999984,-0.05134967926801472,0.2020848845867461,-0.2199803521499282,"{""type"":""Point"",""coordinates"":[73.12735565286125,33.659476891698674]}"
657,32.99688752000003,-0.007827314332967393,0.1284081476278654,-0.17357594674015905,"{""type"":""Point"",""coordinates"":[72.84825347633446,33.61118115877199]}"
658,31.39383614000002,-0.06520492064503793,0.2141819238593432,-0.22719929505066824,"{""type"":""Point"",""coordinates"":[73.19823283803665,33.55076553485263]}"
659,27.68870246000006,-0.14401509760851405,0.34494798865206955,-0.3237631560105964,"{""type"":""Point"",""coordinates"":[72.9838550519932,33.73894470198152]}"
660,30.523950050000053,0.04363595149042276,0.06859160057621377,-0.10913213499392067,"{""type"":""Point"",""coordinates"":[73.18335070485968,33.73861683992339]}"
661,34.14192422000002,-0.008175897270081759,0.11741015051708249,-0.15738678544914625,"{""type"":""Point"",""coordinates"":[72.92858753419344,33.70865834371619]}"
662,23.01626912000006,-0.04398655560426713,0.18572614107883817,-0.1835162559536136,"{""type"":""Point"",""coordinates"":[73.03708568589032,33.786764935004]}"
663,27.16574539999999,-0.052858551010349926,0.25995281627838396,-0.2636793847973972,"{""type"":""Point"",""coordinates"":[73.08263859900141,33.784026147834346]}"
664,34.986175160000016,0.0010713882936731701,0.1384229805282437,-0.17766328735250125,"{""type"":""Point"",""coordinates"":[72.87204019772264,33.5485538676472]}"
665,27.16403638999998,-0.1589679997244325,0.3225109075901105,-0.2938778649438548,"{""type"":""Point"",""coordinates"":[73.23585750371356,33.79126336575553]}"
666,28.95336986000001,-0.05669356507345334,0.2117209743751977,-0.2235265931959751,"{""type"":""Point"",""coordinates"":[72.89418817621178,33.7258582718418]}"
667,27.073458860000017,-0.13912359319946635,0.3073178391959799,-0.28318754575931565,"{""type"":""Point"",""coordinates"":[73.0930314132225,33.74864653435137]}"
668,28.208241499999986,-0.08463147379265133,0.2624082552140106,-0.26194973122185095,"{""type"":""Point"",""coordinates"":[73.14403393843118,33.69274812372309]}"
669,32.58159809000006,-0.06102028629988864,0.22246188174042394,-0.22971026691356639,"{""type"":""Point"",""coordinates"":[72.91392555560061,33.68483612197344]}"
670,33.25836605000001,0.03976133088371623,0.05217471604026226,-0.07413552547230287,"{""type"":""Point"",""coordinates"":[73.042004912229,33.6227262553002]}"
671,35.27670685999999,0.024058301870225656,0.09306365960794598,-0.12208500185079248,"{""type"":""Point"",""coordinates"":[72.83942103603344,33.73091335988376]}"
672,30.467552720000015,-0.047505502567865,0.21038502296008477,-0.2139871040884291,"{""type"":""Point"",""coordinates"":[73.09079097379875,33.725464891733914]}"
673,34.039383620000024,-0.06572205705610729,0.23018509729473186,-0.22789884119233292,"{""type"":""Point"",""coordinates"":[72.90223852628088,33.53243624271006]}"
674,28.604731819999984,-0.053315804849547184,0.11002501443140274,-0.16800971856651145,"{""type"":""Point"",""coordinates"":[73.26698103371838,33.75749968198507]}"
675,33.634348250000016,0.023623461780292822,0.0923525273841825,-0.149239529369119,"{""type"":""Point"",""coordinates"":[72.88171262473634,33.56513048798497]}"
676,32.33891867,-0.01152138132356138,0.21099007324236904,-0.22035930387216426,"{""type"":""Point"",""coordinates"":[73.2930209345699,33.64182665397151]}"
677,31.93901033000003,0.025173782760141764,0.0745628007578679,-0.10084683168146762,"{""type"":""Point"",""coordinates"":[72.8811073014635,33.62687251662922]}"
678,34.398275720000015,0.0345839782249026,0.10521170648255636,-0.16722051943861913,"{""type"":""Point"",""coordinates"":[72.8903848007566,33.60884205609082]}"
679,32.364553820000026,-0.0012352109531959224,0.1356661771408315,-0.17499738027873835,"{""type"":""Point"",""coordinates"":[73.13086591411492,33.516186255785975]}"
680,37.15319984000001,0.011126352690138699,0.0919250058904709,-0.10803702565153533,"{""type"":""Point"",""coordinates"":[72.80895854297185,33.73145663402274]}"
681,33.167788520000045,-0.012798738323425938,0.16266276721676765,-0.19696046453277896,"{""type"":""Point"",""coordinates"":[73.17329179532373,33.676606029233604]}"
682,34.203448579999986,-0.03762662807525326,0.16593608597285067,-0.19381051488553072,"{""type"":""Point"",""coordinates"":[73.2960843271308,33.66537583062223]}"
683,30.867461059999982,0.03908164581452341,0.07097933513027853,-0.0953868774122404,"{""type"":""Point"",""coordinates"":[73.05005984147978,33.55844626924114]}"
684,23.699873120000007,-0.11031574059743074,0.2522911757004451,-0.22917112872135362,"{""type"":""Point"",""coordinates"":[73.02962545718897,33.783982310755874]}"
685,34.75374980000004,-0.02248976349080242,0.16349095966620306,-0.1974663612940166,"{""type"":""Point"",""coordinates"":[73.20880646279173,33.66331510229663]}"
686,30.713650160000043,-0.07802247774962645,0.21692578468759166,-0.23036998591236005,"{""type"":""Point"",""coordinates"":[73.17313488333451,33.692774764954905]}"
687,28.951660850000053,0.021022184701828196,0.14527645106451875,-0.17863272072912675,"{""type"":""Point"",""coordinates"":[72.94114242270163,33.74487699415394]}"
688,32.13383747,0.052185097847058465,0.16731414777656245,-0.17891970135608715,"{""type"":""Point"",""coordinates"":[72.85215726204932,33.69500703266406]}"
689,30.899932250000006,-0.0322620827105132,0.19600945319406107,-0.20481227056300658,"{""type"":""Point"",""coordinates"":[72.80646249332582,33.6558281265964]}"
690,29.62330178000002,-0.0814660530117244,0.2569108230516945,-0.24983499631168227,"{""type"":""Point"",""coordinates"":[73.26187820854342,33.7458006027179]}"
691,34.329915320000055,-0.02302246502034673,0.188485574587961,-0.21669373819073823,"{""type"":""Point"",""coordinates"":[72.91657428832231,33.635346278791175]}"
692,34.76400386,-0.00790251553357061,0.15794580358999238,-0.1848384923589689,"{""type"":""Point"",""coordinates"":[73.1907302145513,33.50455655365238]}"
693,29.028566300000023,-0.08401966617605612,0.25329471397538017,-0.2564791288566243,"{""type"":""Point"",""coordinates"":[73.02724446992625,33.672217822632476]}"
694,34.16414135000002,-0.0513445978105664,0.2023133185915972,-0.22068905966669544,"{""type"":""Point"",""coordinates"":[72.92824601520049,33.65262192112385]}"
695,29.148196999999982,-0.04589971271872552,0.23760961100166106,-0.24284273411436108,"{""type"":""Point"",""coordinates"":[72.97496921353427,33.79258098278451]}"
696,32.735408989999996,0.013077739898284245,0.1283345580013418,-0.1780520346897932,"{""type"":""Point"",""coordinates"":[72.93214393068273,33.643644494986084]}"
697,33.577950920000035,-0.031477143028773955,0.16749957504674487,-0.20072724729904548,"{""type"":""Point"",""coordinates"":[72.87320740813186,33.59665132885158]}"
698,25.634472440000025,-0.1081129442078517,0.2809862651001158,-0.25767668562144597,"{""type"":""Point"",""coordinates"":[73.15648426228631,33.76896185460381]}"
699,19.229102959999977,-0.11167369901547117,0.18979402393436864,-0.17383233088289893,"{""type"":""Point"",""coordinates"":[73.07591330480741,33.7922677926697]}"
700,28.977296000000024,-0.038798573759593884,0.24364215172014614,-0.2534363947934517,"{""type"":""Point"",""coordinates"":[73.0582358488279,33.76715858999601]}"
701,32.64483145999998,-0.06483682008368201,0.18852275274602107,-0.20504564566839653,"{""type"":""Point"",""coordinates"":[73.23639343177591,33.52241412332975]}"
702,26.294150300000013,-0.08550625980406665,0.29040883822391106,-0.2923185341789993,"{""type"":""Point"",""coordinates"":[73.14027401303895,33.79969298369888]}"
703,30.631617679999977,-0.12077694634612322,0.29941855099215503,-0.27730299566345507,"{""type"":""Point"",""coordinates"":[72.99768454165043,33.71262117494909]}"
704,32.59014314000001,-0.024219191108733766,0.1211007383794685,-0.18754091582537988,"{""type"":""Point"",""coordinates"":[73.2110075080549,33.676674220347095]}"
705,29.756604560000028,-0.06814522031913336,0.2155262171504727,-0.20488791644305,"{""type"":""Point"",""coordinates"":[72.84355764873858,33.722749184684815]}"
706,34.36067750000001,-0.020394054614586935,0.15249864204236827,-0.17414311901220905,"{""type"":""Point"",""coordinates"":[73.01544508263164,33.568438247562966]}"
707,33.94367906000002,0.04194203552661272,0.07849755035383778,-0.10516920788397173,"{""type"":""Point"",""coordinates"":[72.93530898531444,33.63455050317078]}"
708,25.71992294000006,-0.08441718656374467,0.21407994948897044,-0.21388834089564016,"{""type"":""Point"",""coordinates"":[73.28893881671908,33.77220469525953]}"
709,33.46686527000003,-0.053703928962413335,0.2160454832596336,-0.2263316227216422,"{""type"":""Point"",""coordinates"":[73.13999240621769,33.55440489450894]}"
710,27.962144060000014,-0.10482162528599272,0.2916840040420852,-0.268658168726282,"{""type"":""Point"",""coordinates"":[72.93346156795627,33.7482052600022]}"
711,33.06866594000002,-0.0114191461016304,0.16585009140767826,-0.18588217792323714,"{""type"":""Point"",""coordinates"":[72.88135229801495,33.58472128167101]}"
712,28.91064461000002,-0.08322633744855967,0.22489017943563397,-0.2269455942126263,"{""type"":""Point"",""coordinates"":[73.14890171863051,33.677888949701575]}"
713,31.36307396000001,-0.09187106045266011,0.23547671840354767,-0.22767332549941247,"{""type"":""Point"",""coordinates"":[73.09339391806232,33.5424611429085]}"
714,31.32034871000002,-0.06726979577212469,0.23966082297248087,-0.24339084458049257,"{""type"":""Point"",""coordinates"":[72.82633941184334,33.737578309441254]}"
715,32.23125104000002,-0.04307962622793707,0.19844372258621007,-0.2209176233032943,"{""type"":""Point"",""coordinates"":[72.84005544150064,33.56379222947905]}"
716,31.991989640000043,-0.01142865908846856,0.21321188701812493,-0.2220039292730845,"{""type"":""Point"",""coordinates"":[72.890125764073,33.73973013641366]}"
717,30.312032810000005,-0.03352828949426078,0.22891835102921215,-0.23889326285007312,"{""type"":""Point"",""coordinates"":[73.29950400156406,33.646119319774876]}"
718,32.02958785999999,-0.02588763786103032,0.16280436059795025,-0.19759311550356326,"{""type"":""Point"",""coordinates"":[72.85272441670256,33.60876562823354]}"
719,31.609171400000037,-0.07522519425152994,0.22700878844946643,-0.22720138125882908,"{""type"":""Point"",""coordinates"":[73.09248339292189,33.51025743663655]}"
720,28.66967420000003,-0.06316292403248926,0.24040283919878108,-0.24651753370429846,"{""type"":""Point"",""coordinates"":[73.22774162997646,33.757914474588155]}"
721,28.156971200000044,-0.04636144578313253,0.24078024992380373,-0.24059119305195795,"{""type"":""Point"",""coordinates"":[72.9253042018796,33.767015014949415]}"
722,33.80695825999999,0.00918849802254007,0.13669702862211305,-0.16969739521168292,"{""type"":""Point"",""coordinates"":[72.98380484295352,33.57627136476748]}"
723,30.320577860000014,-0.07707358432114265,0.24644791214597053,-0.24239232649990597,"{""type"":""Point"",""coordinates"":[73.26106391924107,33.6345575816086]}"
724,32.21074292000003,-0.08661015507612055,0.2811444997827322,-0.2751347395036263,"{""type"":""Point"",""coordinates"":[73.08577864313844,33.62496763789207]}"
725,30.739285310000014,0.016694347893087685,0.08124188051889368,-0.1046395321997384,"{""type"":""Point"",""coordinates"":[73.06417322390148,33.702156655792336]}"
726,35.02035536000005,0.04094864357618154,0.13201087503776054,-0.1653363740022805,"{""type"":""Point"",""coordinates"":[73.19565764916078,33.502990117322945]}"
727,30.83328086000006,-0.047826683538900155,0.21780423842937133,-0.22354951843477952,"{""type"":""Point"",""coordinates"":[73.09013784078802,33.66749311562735]}"
728,30.209492210000008,-0.07826597706025354,0.2473670303121815,-0.24372847545025123,"{""type"":""Point"",""coordinates"":[72.8188186145955,33.713932657304525]}"
729,26.85128756000006,-0.13416621401412276,0.27023856081345327,-0.2422233554309026,"{""type"":""Point"",""coordinates"":[72.98001422063835,33.73465291701539]}"
730,23.46402974,-0.08832539770420404,0.2407843797340515,-0.2281739420193269,"{""type"":""Point"",""coordinates"":[73.06662388941666,33.7997106510029]}"
731,31.51004882000001,-0.07258555596151504,0.25496063553133125,-0.25971750402288574,"{""type"":""Point"",""coordinates"":[72.88137419741302,33.68419616697638]}"
732,27.58957988000003,-0.11813729073762702,0.2763915547024952,-0.2526104582121944,"{""type"":""Point"",""coordinates"":[72.96238800563604,33.74541079365141]}"
733,30.985382749999985,-0.03762694076612032,0.2132455111431923,-0.22679415360472968,"{""type"":""Point"",""coordinates"":[72.81010597763438,33.646497470714905]}"
734,33.829175390000046,-0.05459194141506605,0.17154078126095798,-0.19663323782234957,"{""type"":""Point"",""coordinates"":[73.16601320111353,33.558510029563514]}"
735,34.536705530000006,0.005472878671454782,0.12532604645385667,-0.15966939730836746,"{""type"":""Point"",""coordinates"":[73.03950562934173,33.52731868334612]}"
736,33.82063033999998,-0.016352132350927168,0.2312031322582786,-0.24713474271502034,"{""type"":""Point"",""coordinates"":[72.94931541283903,33.73489317899299]}"
737,36.54991931000001,0.008442914717736005,0.12134670725418767,-0.1567116800219633,"{""type"":""Point"",""coordinates"":[73.16066416114316,33.53632159791116]}"
738,25.171330730000022,-0.12290827019184265,0.31467290778000073,-0.30131151216231367,"{""type"":""Point"",""coordinates"":[73.09789554350128,33.79136380392754]}"
739,29.486580979999985,-0.09407844142527556,0.2696712777034062,-0.2601587008673187,"{""type"":""Point"",""coordinates"":[72.84831645618665,33.75872305900369]}"
740,30.071062400000017,-0.026103524928548744,0.17250889034037303,-0.1958106657784686,"{""type"":""Point"",""coordinates"":[73.2072269213344,33.746426829511236]}"
741,27.480203240000037,-0.11336844745422624,0.3051084160235208,-0.29700511322132944,"{""type"":""Point"",""coordinates"":[73.21654119705082,33.78111071775762]}"
742,30.190693100000033,-0.09109612527145959,0.27525334452947575,-0.26664771111742963,"{""type"":""Point"",""coordinates"":[72.89448279812265,33.73853726322244]}"
743,32.34746372000001,-0.06364737066003469,0.1880985452152935,-0.20528033224562445,"{""type"":""Point"",""coordinates"":[73.26505944297057,33.50331470892424]}"
744,32.41924214000005,-0.05091589228987917,0.21114038389160708,-0.22726484762334015,"{""type"":""Point"",""coordinates"":[72.9927280131499,33.58931782983544]}"
745,31.45877852000001,-0.05847026991354847,0.17514745210096347,-0.18046662250680798,"{""type"":""Point"",""coordinates"":[73.03643900174376,33.636952639544475]}"
746,29.15161502000001,-0.08438339802926247,0.13449683438853716,-0.14479657027572293,"{""type"":""Point"",""coordinates"":[73.281417072424,33.58723707152658]}"
747,35.19125636000001,0.04757857574816534,0.07475239307253914,-0.10011516169835187,"{""type"":""Point"",""coordinates"":[73.07223100691368,33.601416699855065]}"
748,28.221913579999978,-0.14340743642477066,0.31706399939836055,-0.30179142198766074,"{""type"":""Point"",""coordinates"":[72.97362261358361,33.73630224460124]}"
749,28.734616580000022,0.038422747828350194,0.09175531914893617,-0.1138496325607688,"{""type"":""Point"",""coordinates"":[73.17793097046385,33.736036253561664]}"
750,34.99642921999998,-0.059640245595631115,0.2427718472950968,-0.24232230059685295,"{""type"":""Point"",""coordinates"":[72.89007045729035,33.502886665425436]}"
751,30.421409450000056,-0.05120425979815491,0.20665944101917166,-0.22172450393077517,"{""type"":""Point"",""coordinates"":[73.24316712101871,33.61028325317979]}"
752,30.956329579999988,-0.030933194697166624,0.14351618251279463,-0.16569916966713205,"{""type"":""Point"",""coordinates"":[73.08876904638271,33.53771522173293]}"
753,28.700436380000042,-0.0750435720806706,0.2502847435377695,-0.24725094844685808,"{""type"":""Point"",""coordinates"":[72.9801960332202,33.74622503903959]}"
754,33.52155359000005,-0.06774147524611214,0.13171425114928623,-0.15353669251044283,"{""type"":""Point"",""coordinates"":[73.0204705685061,33.713488761392746]}"
755,30.477806780000037,-0.06558561955941045,0.2263734673948425,-0.23948604536399026,"{""type"":""Point"",""coordinates"":[73.16848924479089,33.693354611430586]}"
756,33.78132311000002,-0.01173538871664107,0.17100982660898145,-0.20263148830640995,"{""type"":""Point"",""coordinates"":[72.80571333154595,33.587571439702806]}"
757,30.546167179999998,-0.039151206800273,0.17736379613356767,-0.203117704105456,"{""type"":""Point"",""coordinates"":[73.11721093436115,33.52461016917692]}"
758,28.65942014000001,-0.027560763888888888,-7.386303682599979E-4,0.013336111689935403,"{""type"":""Point"",""coordinates"":[72.8192485563659,33.5653743737026]}"
759,31.93046528000002,-0.0603309184093138,0.2103134479271992,-0.2246419175679626,"{""type"":""Point"",""coordinates"":[73.23919177452174,33.504525527403786]}"
760,34.88363456000002,-0.01579065372665834,0.13870238052493628,-0.17008559622195984,"{""type"":""Point"",""coordinates"":[73.13761876841184,33.55956746084874]}"
761,34.23762878000002,0.004697413372376769,0.08308162113718591,-0.13416753562738964,"{""type"":""Point"",""coordinates"":[73.05972995976441,33.541523192744584]}"
762,28.587641720000022,-0.05319498259670322,0.1964562156113028,-0.19799798304261756,"{""type"":""Point"",""coordinates"":[73.13287610990922,33.686986830536206]}"
763,27.76560791000003,-0.14717474681418902,0.2886868125322638,-0.26801727000996345,"{""type"":""Point"",""coordinates"":[73.03509191150833,33.727533885616296]}"
764,34.12483412000006,-0.0026001972563435847,0.15076669754039312,-0.18082297863353164,"{""type"":""Point"",""coordinates"":[73.02349694710591,33.52875778101231]}"
765,32.803769390000014,-0.025046343401117818,0.22972995568932364,-0.24349458093096393,"{""type"":""Point"",""coordinates"":[73.02294748202961,33.70893358783792]}"
766,25.771193240000002,-0.1324046184738956,0.32974725517647924,-0.3110537978132152,"{""type"":""Point"",""coordinates"":[73.16275194509497,33.77160448400842]}"
767,31.621134470000015,-0.047091075236064574,0.20061469684269348,-0.218164744237141,"{""type"":""Point"",""coordinates"":[72.94378472004144,33.66442947697237]}"
768,34.14534223999999,0.0027931227111911115,0.0984923592355817,-0.13093059270730678,"{""type"":""Point"",""coordinates"":[73.20611794727745,33.6825384994506]}"
769,29.57544949999999,-0.008573843738678904,0.21320405272905546,-0.22981778023191607,"{""type"":""Point"",""coordinates"":[72.92013014039809,33.78314591196271]}"
770,31.108431470000028,-0.0206224908793943,0.21036910990025526,-0.21924178048469156,"{""type"":""Point"",""coordinates"":[72.88800696672725,33.73943684316676]}"
771,34.31966126000003,-0.010350293724551643,0.15226600024813455,-0.17624070489044888,"{""type"":""Point"",""coordinates"":[72.90266272695949,33.581123858084645]}"
772,29.70533426000003,-0.0955967951790728,0.26434329065908013,-0.24172455275718888,"{""type"":""Point"",""coordinates"":[72.97195037267844,33.5860104627764]}"
773,32.37480788000005,-0.0614676585550372,0.21980728827066578,-0.22299702186387738,"{""type"":""Point"",""coordinates"":[73.08904955635917,33.59959069386956]}"
774,34.16755937000005,-0.011811722912966251,0.15477397121427122,-0.19319252923721417,"{""type"":""Point"",""coordinates"":[72.9994621702255,33.65709005422882]}"
775,33.27374714000001,-0.019426937820804367,0.1506728759488101,-0.15725033190736096,"{""type"":""Point"",""coordinates"":[73.06710604890152,33.658213502442756]}"
776,28.11595496000001,-0.09625299661751667,0.24932634730538922,-0.24541113266676615,"{""type"":""Point"",""coordinates"":[73.08335621945034,33.738167874678155]}"
777,30.85037096000002,-0.036018023932440094,0.18600758378027535,-0.2111634397348683,"{""type"":""Point"",""coordinates"":[73.04544697500748,33.51283119514663]}"
778,26.822234390000006,-0.18109078474952983,0.34056508577194755,-0.31162543431620116,"{""type"":""Point"",""coordinates"":[72.910125962748,33.77969149233283]}"
779,32.984924449999994,-0.006914986344354698,0.17239512855209743,-0.1996676820825256,"{""type"":""Point"",""coordinates"":[72.9169412032795,33.552253787820945]}"
780,35.69370530000003,8.506426218352228E-4,0.10726038667215138,-0.1288135593220339,"{""type"":""Point"",""coordinates"":[73.05869353111721,33.548856931741035]}"
781,29.69678921000002,-0.09595598429678492,0.30031860368472085,-0.29975595825328416,"{""type"":""Point"",""coordinates"":[72.97164017477708,33.738509119524856]}"
782,25.531931840000027,-0.09029944115439152,0.24850522455061225,-0.2470282955868043,"{""type"":""Point"",""coordinates"":[72.98424401775317,33.800193666209054]}"
783,31.694621900000016,0.011921035063737801,0.11341166356211492,-0.13206585081585082,"{""type"":""Point"",""coordinates"":[73.07102244806214,33.55976668916737]}"
784,26.788054190000025,-0.12438785504407443,0.2741398446170921,-0.2566174421844525,"{""type"":""Point"",""coordinates"":[73.26018013855878,33.774784687731206]}"
785,31.797162500000013,-0.014584945127367546,0.1815269620928991,-0.2026765395197174,"{""type"":""Point"",""coordinates"":[73.07619432952842,33.5415122431919]}"
786,33.67365547999998,-0.01179401227069334,0.1160865730375195,-0.14269836583713943,"{""type"":""Point"",""coordinates"":[73.15356892669799,33.551241491677125]}"
787,32.52520076000002,-0.059887285563881835,0.21786159046433018,-0.23915719354138007,"{""type"":""Point"",""coordinates"":[72.9386001253996,33.71786699305473]}"
788,29.695080200000007,-0.07701608840224364,0.21761913802923866,-0.2331179818489463,"{""type"":""Point"",""coordinates"":[73.25974019996778,33.7427258637745]}"
789,33.45490219999999,-0.002525636734321273,0.14185699927217274,-0.1728311558862269,"{""type"":""Point"",""coordinates"":[73.05409596748216,33.50743447687649]}"
790,31.431434360000026,-0.03739670085854851,0.18095795889232572,-0.19065544729849423,"{""type"":""Point"",""coordinates"":[73.07577747478946,33.6473174920687]}"
791,25.85664373999998,-0.1758525259158497,0.35149609129301823,-0.3301966888354323,"{""type"":""Point"",""coordinates"":[73.08944783790241,33.75485269913879]}"
792,34.76400386,0.012877823499807572,0.15685390139818894,-0.17819158333627788,"{""type"":""Point"",""coordinates"":[72.93682755973036,33.58566361111389]}"
793,29.749768520000032,-0.12897298033076976,0.30742857142857144,-0.2776215966418916,"{""type"":""Point"",""coordinates"":[72.88398885586054,33.70852239052957]}"
794,31.369910000000004,-0.006716561120706199,0.141758560650029,-0.15487066593285637,"{""type"":""Point"",""coordinates"":[73.2389777323884,33.56566734708587]}"
795,33.34210754000003,-0.10109141341051615,0.23513198166968227,-0.25357406422160056,"{""type"":""Point"",""coordinates"":[73.18327099214606,33.58268883291385]}"
796,33.96760519999998,-0.039452163678329585,0.1828080428581368,-0.2172776743519977,"{""type"":""Point"",""coordinates"":[72.83533678202078,33.529238480085915]}"
797,26.386436839999988,-0.08473685198745752,0.22007982935946444,-0.21148321345440058,"{""type"":""Point"",""coordinates"":[73.20747445265866,33.724505412625334]}"
798,30.97000165999998,-0.054926872507017284,0.25365168539325844,-0.2618929808439952,"{""type"":""Point"",""coordinates"":[72.94100100449083,33.72950081356338]}"
799,29.582285540000044,-0.06837714070635469,0.2586187784059417,-0.262631130222041,"{""type"":""Point"",""coordinates"":[73.26470341147295,33.72894054995753]}"
800,28.99267709000003,-0.052445382323733865,0.24265797043035378,-0.24743443557582667,"{""type"":""Point"",""coordinates"":[73.15694987983089,33.781474963851146]}"
801,30.255635480000024,-0.07202088452088452,0.238798289354604,-0.24106666666666668,"{""type"":""Point"",""coordinates"":[73.11566737007652,33.680268028018205]}"
802,32.63799542000004,0.027925683487209547,0.07529089664613278,-0.09920824894126312,"{""type"":""Point"",""coordinates"":[72.88470878042322,33.78919629572927]}"
803,30.72390422000001,-0.08574720210664911,0.22780569514237856,-0.23908266185834226,"{""type"":""Point"",""coordinates"":[73.26113800949034,33.689939192138915]}"
804,32.79180631999998,-0.040876691073073755,0.1808346780108552,-0.20172426662685675,"{""type"":""Point"",""coordinates"":[72.89678484567531,33.58752936784188]}"
805,29.472908899999993,-0.10513620885357548,0.24186862244897958,-0.2321929998022543,"{""type"":""Point"",""coordinates"":[73.09184736724451,33.511501965036274]}"
806,32.49102056000004,0.013153952178342422,0.16209731484421863,-0.17839636480732762,"{""type"":""Point"",""coordinates"":[72.98405189283127,33.70704337339154]}"
807,36.27818672000001,0.003594761026538714,0.11380551381949054,-0.13482146035814732,"{""type"":""Point"",""coordinates"":[73.12167461589779,33.58837430530543]}"
808,32.93878117999998,-0.024819606867379947,0.17472993689614602,-0.1866176894266782,"{""type"":""Point"",""coordinates"":[72.91743169220634,33.58970089860479]}"
809,34.27180898000006,-0.012464893180598947,0.12967853244604063,-0.15021151502115151,"{""type"":""Point"",""coordinates"":[73.09660547386073,33.57822543240511]}"
810,34.53157850000002,0.013576729090161062,0.12262204109945374,-0.16938528513882115,"{""type"":""Point"",""coordinates"":[72.81026988318783,33.60005518284356]}"
811,29.505380090000017,-0.04374745417515275,0.21489123632156878,-0.23372621523765502,"{""type"":""Point"",""coordinates"":[73.13460431169099,33.500809900380425]}"
812,24.37493207,-0.12869286835439103,0.3211576592145235,-0.313131678388689,"{""type"":""Point"",""coordinates"":[73.11197550062336,33.79849565850708]}"
813,29.09692670000004,-0.06700167504187604,0.21320001465040472,-0.23408218769792483,"{""type"":""Point"",""coordinates"":[73.27050806320405,33.696965244103936]}"
814,36.11412175999999,0.011163170969466368,0.08543025784405095,-0.11380299649346509,"{""type"":""Point"",""coordinates"":[72.97715093666457,33.62791825039888]}"
815,36.50719406000002,0.014364848371044972,0.101227315640407,-0.1236620522334808,"{""type"":""Point"",""coordinates"":[72.8532847743362,33.66939116793019]}"
816,35.32626815000003,0.03027376615015437,0.0928909483682657,-0.12418367173850356,"{""type"":""Point"",""coordinates"":[72.98220439314665,33.66670384056714]}"
817,33.33014447000005,-0.047417099030002255,0.19299087031739778,-0.21890094504725235,"{""type"":""Point"",""coordinates"":[72.93637137492433,33.6926653125905]}"
818,29.961685760000023,-0.03455717068784655,0.22839857651245551,-0.24559757505773672,"{""type"":""Point"",""coordinates"":[73.15508787807752,33.74153094770113]}"
819,31.892867060000015,-0.04129677321617937,0.16218044095766265,-0.19932998324958123,"{""type"":""Point"",""coordinates"":[73.17839239716626,33.66791371983639]}"
820,34.88363456000002,-0.022690387971950884,0.15058393909119097,-0.18239750761169723,"{""type"":""Point"",""coordinates"":[72.96692615082388,33.546731051447125]}"
821,31.75272824000001,-0.09313271054695857,0.26403892141502433,-0.23635923700447634,"{""type"":""Point"",""coordinates"":[72.8442889747949,33.708722475676026]}"
822,34.31111621000002,-0.060645437451271156,0.2177698207923051,-0.23280855751803547,"{""type"":""Point"",""coordinates"":[72.85019023923856,33.66773571739503]}"
823,31.315221680000036,-0.07834894574823739,0.19824922760041194,-0.22367877399241257,"{""type"":""Point"",""coordinates"":[73.14936221963322,33.71508878171708]}"
824,32.02275182000005,-0.06896747459839928,0.2855485016042051,-0.2794782076977953,"{""type"":""Point"",""coordinates"":[72.87510263203153,33.757777014297844]}"
825,36.790889719999996,0.014878145252076551,0.09348193177980411,-0.12185994941270226,"{""type"":""Point"",""coordinates"":[72.83403812465586,33.63105323680443]}"
826,23.73234431000003,-0.08588598614472916,0.21359110095380238,-0.19251128577648433,"{""type"":""Point"",""coordinates"":[72.9592785200162,33.78562277486104]}"
827,31.40409020000004,-0.03242421421700953,0.1717847584166784,-0.19880386222798674,"{""type"":""Point"",""coordinates"":[73.23829962554032,33.64201531869676]}"
828,26.72140280000002,0.011997670355270822,0.19079039730450653,-0.22029996762939252,"{""type"":""Point"",""coordinates"":[73.04618474882288,33.77400801211726]}"
829,33.64972934000002,-0.006663632817578988,0.13081262665912036,-0.1481907162983835,"{""type"":""Point"",""coordinates"":[73.05900972778214,33.598157712618175]}"
830,34.39314869000003,0.0647692085546054,0.04890776262280923,-0.07124873656160985,"{""type"":""Point"",""coordinates"":[73.04547546142715,33.617124627575]}"
831,28.47826508000003,-0.08105110346289983,0.262424046172308,-0.250702949557472,"{""type"":""Point"",""coordinates"":[73.13372323340239,33.74085355427659]}"
832,34.44270998000002,-0.015274759391493324,0.17005975169057927,-0.1969547234727865,"{""type"":""Point"",""coordinates"":[72.84478352943387,33.692648624033424]}"
833,28.015123370000026,-0.08227816837633577,0.246349880541545,-0.2480537728325675,"{""type"":""Point"",""coordinates"":[73.25992352778933,33.71508165545457]}"
834,32.60381522,-0.006975196086943938,0.17081706824606271,-0.19988963995033798,"{""type"":""Point"",""coordinates"":[72.90628712757695,33.606095623625265]}"
835,26.67355052000005,-0.03462189248991279,0.21856436592189477,-0.21921852831780358,"{""type"":""Point"",""coordinates"":[72.93988514312257,33.78265116631293]}"
836,29.172123140000053,-0.0901749663526245,0.24853200234879624,-0.2419231190450115,"{""type"":""Point"",""coordinates"":[72.8269437039407,33.794886752058495]}"
837,28.057848620000016,-0.12380459174866218,0.28930169921178756,-0.2716973023655578,"{""type"":""Point"",""coordinates"":[72.92680703371357,33.76744960874026]}"
838,26.776091120000046,-0.14194494217299233,0.32017626454747466,-0.29687731241675297,"{""type"":""Point"",""coordinates"":[73.08800941569025,33.69288231791105]}"
839,32.11162034000006,-0.03162459346445718,0.1869988239067679,-0.20717651322943095,"{""type"":""Point"",""coordinates"":[72.88490842688923,33.62071389589833]}"
840,32.39531599999998,-0.03225506743678286,0.18725511149105933,-0.21168387378217246,"{""type"":""Point"",""coordinates"":[72.81106176491895,33.646123866845684]}"
841,32.17656271999999,-0.0688338874522842,0.21730593927494565,-0.2350158289759186,"{""type"":""Point"",""coordinates"":[73.21277734132278,33.572710336416876]}"
842,34.557213649999994,0.02684265163873647,0.08997890470574556,-0.13200386420093846,"{""type"":""Point"",""coordinates"":[73.2403240805163,33.53318736720506]}"
843,26.856414589999986,-0.08657987707496491,0.2781994838317899,-0.26773446763659636,"{""type"":""Point"",""coordinates"":[73.20163391334512,33.768229300187365]}"
844,36.28844078000003,0.03224977102180515,0.0810432410116494,-0.10488176264470088,"{""type"":""Point"",""coordinates"":[73.0232146368603,33.55902864002846]}"
845,31.075960280000004,-0.013337807230937002,0.20406671539637186,-0.2363958923271127,"{""type"":""Point"",""coordinates"":[72.92801313107425,33.72369878173835]}"
846,28.20995051,-0.062238298023983035,0.20096696212731668,-0.20227483563909168,"{""type"":""Point"",""coordinates"":[72.94849436001383,33.78871739673561]}"
847,20.74670384000001,-0.09416567891478994,0.19884559884559885,-0.1864051789794364,"{""type"":""Point"",""coordinates"":[73.0746121941927,33.79666404393543]}"
848,28.358634380000012,0.013845538215286115,0.13600324519674006,-0.14875447494033414,"{""type"":""Point"",""coordinates"":[73.14201693933529,33.732079297072424]}"
849,32.04155093000003,-0.0777755185034567,0.2091475933389096,-0.20356494096276112,"{""type"":""Point"",""coordinates"":[73.05368243607587,33.655151685961]}"
850,33.29596427000001,-0.015199279441567215,0.1813953488372093,-0.21424723942903312,"{""type"":""Point"",""coordinates"":[73.29791188990175,33.657747755898654]}"
851,30.091570520000005,-0.05383618373217842,0.22789053003793877,-0.23079195126453755,"{""type"":""Point"",""coordinates"":[73.01597736165063,33.66340437725438]}"
852,30.501732919999995,-0.07517843224159802,0.24751737835153922,-0.25100026673779674,"{""type"":""Point"",""coordinates"":[73.19192642001236,33.668897746877555]}"
853,27.394752740000058,-0.09365528045499438,0.26476438037848804,-0.255861246358108,"{""type"":""Point"",""coordinates"":[73.20019536257075,33.75426284483655]}"
854,33.93513401000001,0.03436174879368329,0.05767417029984874,-0.08096900916630292,"{""type"":""Point"",""coordinates"":[73.10549009495345,33.62723569868304]}"
855,32.42607817999999,-0.024757390385292892,0.16923076923076924,-0.1918349102287119,"{""type"":""Point"",""coordinates"":[73.02598774125131,33.61030701908421]}"
856,32.84478563000005,-0.030165845575725297,0.16957807041117978,-0.1952965410694361,"{""type"":""Point"",""coordinates"":[72.94542628307279,33.616850465404234]}"
857,27.88352960000003,-0.07114862827856497,0.2764963713443989,-0.2781954887218045,"{""type"":""Point"",""coordinates"":[73.01344726475703,33.765612661045964]}"
858,33.97444124000003,0.027650397275822927,0.11499080212418868,-0.14336560364464693,"{""type"":""Point"",""coordinates"":[72.86768577266825,33.54417572595683]}"
859,30.67605193999998,-0.07260683205611118,0.23184784635465225,-0.22973828226797216,"{""type"":""Point"",""coordinates"":[73.17001606197665,33.59188876629178]}"
860,32.17656271999999,-0.06265537967712496,0.20615076884610575,-0.22310158103482622,"{""type"":""Point"",""coordinates"":[73.24645086497013,33.63287864037545]}"
861,32.579889080000044,-0.02114280769563587,0.17591177838304656,-0.2039449073286856,"{""type"":""Point"",""coordinates"":[72.83505514898798,33.61470502883743]}"
862,31.639933580000047,-0.0662065699110254,0.2470225141455308,-0.23350293542074363,"{""type"":""Point"",""coordinates"":[72.95270349016457,33.718416859038015]}"
863,36.71569327999998,0.03969826759572972,0.0828032364442362,-0.11058127714628962,"{""type"":""Point"",""coordinates"":[73.1264831515221,33.555213629516295]}"
864,31.86552290000003,0.024006696762235043,0.09741831383622429,-0.12154734093719939,"{""type"":""Point"",""coordinates"":[73.05203811030724,33.518904618749296]}"
865,35.05624456999999,-0.04557184838223668,0.1992813756523227,-0.2148923631573474,"{""type"":""Point"",""coordinates"":[73.25092313551256,33.542210671394734]}"
866,33.67023746000001,0.019477876620733765,0.11538079962961738,-0.1470353177234777,"{""type"":""Point"",""coordinates"":[72.94001141286013,33.64066291251406]}"
867,33.03448574000004,-0.0344481506626915,0.20820548181348045,-0.2269878505654564,"{""type"":""Point"",""coordinates"":[72.85174887359675,33.701946857132334]}"
868,33.957351140000014,-0.02791288453793488,0.1874597380287739,-0.22110996614161638,"{""type"":""Point"",""coordinates"":[72.83104015470573,33.51424460012346]}"
869,31.007599880000043,-0.11131016362116326,0.29939952520597685,-0.28842425920797565,"{""type"":""Point"",""coordinates"":[73.08435096972778,33.57522130178179]}"
870,35.181002300000046,0.010370082312528355,0.09068181006464517,-0.10781397373576145,"{""type"":""Point"",""coordinates"":[73.1060083738527,33.56545961334192]}"
871,34.398275720000015,-0.041850318994755636,0.20803159973666885,-0.228484346646465,"{""type"":""Point"",""coordinates"":[72.81816251334833,33.59359272309364]}"
872,35.43735379999998,0.01261706163991689,0.11209089367474988,-0.16062579640379443,"{""type"":""Point"",""coordinates"":[72.90755813479258,33.56193076555047]}"
873,29.729260400000044,-0.03512747875354107,0.17909002904162633,-0.2185415740329035,"{""type"":""Point"",""coordinates"":[73.27508090265079,33.739606417925664]}"
874,31.469032580000032,-0.010573704943281106,0.14998314796090326,-0.1728310188367936,"{""type"":""Point"",""coordinates"":[73.01172036361869,33.55198459027283]}"
875,31.84330577000003,-0.039527736360040165,0.17015191217523848,-0.18882238307349666,"{""type"":""Point"",""coordinates"":[73.15806622891303,33.62552602851391]}"
876,33.10284614,-0.01525284524228558,0.15434898612593384,-0.18069247825345386,"{""type"":""Point"",""coordinates"":[73.15829083544276,33.56861718737868]}"
877,29.82496495999999,-0.04010949773863366,0.19605830424964074,-0.20483921000930616,"{""type"":""Point"",""coordinates"":[73.09553995651157,33.66615019755792]}"
878,25.164494690000026,-0.10169964889881902,0.2296217130897513,-0.2127986647926915,"{""type"":""Point"",""coordinates"":[72.944948176227,33.7424832545302]}"
879,28.3278722,-0.08787562802161342,0.25539673278879815,-0.25315764568849414,"{""type"":""Point"",""coordinates"":[72.86160900211145,33.78526638883415]}"
880,30.11891467999999,-0.1265477860148267,0.22748111601100293,-0.20965555818506487,"{""type"":""Point"",""coordinates"":[73.27031134366948,33.62220933959019]}"
881,27.049532720000002,-0.06830359026283593,0.13638199524301037,-0.15699533948642969,"{""type"":""Point"",""coordinates"":[73.268122649637,33.75962229900444]}"
882,33.60529508000002,-0.0702264731415343,0.22225700967091075,-0.23256915332128889,"{""type"":""Point"",""coordinates"":[73.19309486215857,33.5491661195151]}"
883,29.38574939,-0.10088802394230298,0.26154422788605697,-0.2539070503865139,"{""type"":""Point"",""coordinates"":[72.8455899599807,33.77274159687785]}"
884,38.73232508000001,0.03387186243239495,0.07003801405368044,-0.0914324880054832,"{""type"":""Point"",""coordinates"":[73.11126168732517,33.53328481193351]}"
885,26.706021710000016,-0.10158416162664376,0.2870945741133677,-0.2746819768096364,"{""type"":""Point"",""coordinates"":[73.00069781656985,33.738266691581664]}"
886,26.40010891999998,-0.12103813348378746,0.29007371195050224,-0.28209215820238365,"{""type"":""Point"",""coordinates"":[73.29440210530407,33.7701233891604]}"
887,37.771861460000025,0.011518006382008813,0.08764420665440562,-0.11512616566099836,"{""type"":""Point"",""coordinates"":[73.12362945022586,33.56321168270166]}"
888,34.887052580000045,-0.0475120855510523,0.18836672514079955,-0.20525882088545958,"{""type"":""Point"",""coordinates"":[73.25663550893697,33.53893325652488]}"
889,34.26668195000002,0.028978041084422694,0.07563085153811859,-0.09997446839552103,"{""type"":""Point"",""coordinates"":[73.10607356859487,33.63499539213042]}"
890,37.53260006000005,-0.019796188540993197,0.1450893628789712,-0.16281682229867303,"{""type"":""Point"",""coordinates"":[72.81110808612645,33.730582563384466]}"
891,33.67878251000002,-0.024233675287179804,0.18015323907773434,-0.20839976808233077,"{""type"":""Point"",""coordinates"":[73.00850538662063,33.508861493460884]}"
892,31.52030288000003,0.0376983801349067,0.07402047881596542,-0.10129411543735091,"{""type"":""Point"",""coordinates"":[73.12977051797543,33.63208348799772]}"
893,32.251759160000006,-0.07314650130590139,0.2134949538874092,-0.22775435380384967,"{""type"":""Point"",""coordinates"":[73.28146923066386,33.67466993331891]}"
894,22.710356330000025,-0.019459657416809547,0.19133953235030932,-0.1997179070268576,"{""type"":""Point"",""coordinates"":[73.00420969511653,33.77444825825375]}"
895,34.61361098000003,0.0014874496436318562,0.12057033559380977,-0.14371916373833102,"{""type"":""Point"",""coordinates"":[73.1502987693719,33.621017940962986]}"
896,26.969209250000006,-0.10856193978006337,0.2746011026904869,-0.25742840668844896,"{""type"":""Point"",""coordinates"":[73.14893912449867,33.73744424513552]}"
897,30.272725580000042,-0.056813221078889926,0.21931213124190532,-0.24319565695840364,"{""type"":""Point"",""coordinates"":[73.2527447887875,33.70851199859704]}"
898,34.34016938000002,-0.045233622566121,0.18891602224935558,-0.21483278461271876,"{""type"":""Point"",""coordinates"":[73.22722155691312,33.66882234211236]}"
899,33.68732756000003,-0.03441428505964837,0.1896354852876592,-0.20380410630166207,"{""type"":""Point"",""coordinates"":[72.92237499521724,33.6005803105014]}"
900,28.307364080000013,-0.11417968687785689,0.2859795216823839,-0.27264458149138604,"{""type"":""Point"",""coordinates"":[73.01995424883818,33.67795599659969]}"
901,31.845014780000042,-0.07096815367923927,0.25109967941549244,-0.2520331269118854,"{""type"":""Point"",""coordinates"":[73.26787932078982,33.687914194335335]}"
902,24.369805040000017,-0.18090911958613293,0.36508168028004667,-0.3347119224187108,"{""type"":""Point"",""coordinates"":[73.10408574202629,33.77213721807571]}"
903,35.12631398000002,-0.04841748304446119,0.19741796664873587,-0.20807554542494303,"{""type"":""Point"",""coordinates"":[72.89358869321285,33.65172612678787]}"
904,35.35361231000002,0.013776313905198338,0.09863603732950467,-0.14095427435387675,"{""type"":""Point"",""coordinates"":[72.86731008106763,33.60643500238593]}"
905,24.865417940000043,-0.10688613840330058,0.21744011976047903,-0.19837907533615767,"{""type"":""Point"",""coordinates"":[72.96499255668432,33.79151143399459]}"
906,23.98356878000004,-0.08359569569099197,0.15995975855130784,-0.14345217434422572,"{""type"":""Point"",""coordinates"":[73.27066991521873,33.79527363594433]}"
907,32.73369997999998,0.004847183119031724,0.13990291907706628,-0.17124995729853448,"{""type"":""Point"",""coordinates"":[73.21526595981645,33.645342057862905]}"
908,30.300069740000026,-0.010581537452681153,0.18466752856493937,-0.20406278855032317,"{""type"":""Point"",""coordinates"":[72.813851185007,33.79805928306771]}"
909,32.152636580000035,-0.09230955113876639,0.26316892552745563,-0.260263469714923,"{""type"":""Point"",""coordinates"":[73.07928672703714,33.58962911021371]}"
910,31.892867060000015,-0.08940464177598385,0.17800247326689458,-0.22181982797645994,"{""type"":""Point"",""coordinates"":[73.26230972645887,33.7504835593882]}"
911,33.04986683000004,0.024947173581876852,0.08136683197994442,-0.10341631601386546,"{""type"":""Point"",""coordinates"":[73.03158531644904,33.65097558930557]}"
912,32.407279070000016,-0.07186615990697835,0.20504165609817962,-0.2033043037777388,"{""type"":""Point"",""coordinates"":[73.24729894559339,33.57628967137591]}"
913,34.97592110000005,-0.04946732290823002,0.2096079276174063,-0.23365923321981763,"{""type"":""Point"",""coordinates"":[72.82635974563462,33.52794325786791]}"
914,32.63970443000005,-0.05697458447764037,0.19560415881053708,-0.2148669853665657,"{""type"":""Point"",""coordinates"":[72.8895181799884,33.62229030178925]}"
915,26.157429500000035,-0.034379297412176525,0.24336914869637088,-0.24547472998908668,"{""type"":""Point"",""coordinates"":[73.06253021899444,33.771456454919665]}"
916,34.34871443000003,-0.055828383455716134,0.19100293688338638,-0.21783851825211292,"{""type"":""Point"",""coordinates"":[73.23492848887001,33.674966894273396]}"
917,28.32616318999999,-0.05766780120336167,0.24637405668447165,-0.24578203374373006,"{""type"":""Point"",""coordinates"":[72.92057894543247,33.76775090792332]}"
918,28.93286174000002,-0.1447499283583096,0.3234720922980979,-0.2926866410324742,"{""type"":""Point"",""coordinates"":[72.94218235894576,33.72187189941731]}"
919,31.011017900000013,-0.022867194371152155,0.17164085127817655,-0.18788188301384354,"{""type"":""Point"",""coordinates"":[73.22871512667884,33.613574252897756]}"
920,36.722529320000035,0.011841742908723724,0.1006441498244777,-0.12315236670956074,"{""type"":""Point"",""coordinates"":[73.15147528989351,33.56060298276175]}"
921,26.659878440000057,-0.16035362610508158,0.30209299512037746,-0.2619401235050418,"{""type"":""Point"",""coordinates"":[72.80529852600048,33.63790224256287]}"
922,34.13850620000005,-0.04160457769565477,0.1892609228256431,-0.22096069868995633,"{""type"":""Point"",""coordinates"":[72.86893984638499,33.519094496558566]}"
923,23.423013500000025,-0.09038747866506881,0.2533811988645851,-0.2440853532214626,"{""type"":""Point"",""coordinates"":[73.03730641925624,33.765167355975976]}"
924,33.23443990999999,-0.004015464763923512,0.1315802755766416,-0.17566858940744626,"{""type"":""Point"",""coordinates"":[73.29828547364416,33.6706275693288]}"
925,35.48862410000004,-0.036498990325205705,0.17963845916372242,-0.21377898563512512,"{""type"":""Point"",""coordinates"":[72.88052083896169,33.7467117975054]}"
926,32.24150510000004,-0.06913396525508718,0.2269537776127715,-0.23761375126390294,"{""type"":""Point"",""coordinates"":[72.89799950163379,33.699702579525365]}"
927,27.38449867999998,-0.07347917290979922,0.2730826640130784,-0.27880908182207625,"{""type"":""Point"",""coordinates"":[72.946437153713,33.767281258443525]}"
928,33.07037495000003,-0.025495507115525173,0.2135540329692694,-0.2457737773986316,"{""type"":""Point"",""coordinates"":[72.89060808393498,33.517707618799065]}"
929,30.139422800000034,-0.06419581099249996,0.2271139585707081,-0.23544456145629608,"{""type"":""Point"",""coordinates"":[73.2760266064365,33.6009094945384]}"
930,30.735867289999987,-0.01622702048759961,0.25216715005590035,-0.26530879559892595,"{""type"":""Point"",""coordinates"":[73.14523743716732,33.67832993991274]}"
931,31.328893760000028,-0.05267338832875038,0.21333990702915903,-0.22524893314366998,"{""type"":""Point"",""coordinates"":[72.86917808755166,33.731384954366845]}"
932,34.45638206000001,-0.0018082160818217777,0.16791831357048748,-0.19632916090286448,"{""type"":""Point"",""coordinates"":[72.98631988634372,33.691250273032914]}"
933,27.456277100000023,-0.061979003173938826,0.22507443469864005,-0.22942744084632158,"{""type"":""Point"",""coordinates"":[73.2724787842339,33.71143901114631]}"
934,31.923629240000025,6.984741027294219E-4,0.1468121839930941,-0.19831196443528123,"{""type"":""Point"",""coordinates"":[73.23224147051442,33.65623915480335]}"
935,31.686076850000006,-0.05840447276662258,0.22727035081298688,-0.24231732702960165,"{""type"":""Point"",""coordinates"":[72.94712497887133,33.5061799732774]}"
936,32.28252134000002,-0.0560343466868706,0.204219014363368,-0.22377903786354492,"{""type"":""Point"",""coordinates"":[73.29982877589613,33.50834952789703]}"
937,30.81619076000004,-0.08099047170921068,0.2758321474436847,-0.27256361433269866,"{""type"":""Point"",""coordinates"":[73.16057810805373,33.65484118049393]}"
938,29.073000560000025,-0.12346600870073372,0.29330642448705013,-0.27755011629194815,"{""type"":""Point"",""coordinates"":[73.06714063819632,33.73518828459553]}"
939,24.070728290000034,-0.14565571596377552,0.28717086357734306,-0.26015921310382195,"{""type"":""Point"",""coordinates"":[73.19252596790763,33.7672950152688]}"
940,37.11901964000003,0.01138722868826675,0.09303377038917678,-0.11419151274506328,"{""type"":""Point"",""coordinates"":[73.1244026500015,33.55757275721696]}"
941,30.464134700000045,-0.04558797100581082,0.19050542254962144,-0.19859909353110836,"{""type"":""Point"",""coordinates"":[73.04328126271687,33.55582103567968]}"
942,34.57943078000005,0.035010032519200165,0.05579106737320212,-0.08183369531492399,"{""type"":""Point"",""coordinates"":[73.00712045092426,33.609790569405824]}"
943,32.29277539999998,0.004828293801677832,0.10066083706027636,-0.1399633585675274,"{""type"":""Point"",""coordinates"":[72.86422223784766,33.604095346388156]}"
944,28.873046390000013,-0.06798809362738466,0.20564369856998302,-0.2282257750807173,"{""type"":""Point"",""coordinates"":[73.22303449457547,33.73632197719875]}"
945,30.68972402000003,-0.015278792305819333,0.15059326710816778,-0.1672206865180727,"{""type"":""Point"",""coordinates"":[73.20529650806253,33.636488057204794]}"
946,34.70760653000002,-0.022321093057163042,0.17498488382136995,-0.18462395931305953,"{""type"":""Point"",""coordinates"":[72.82365549599076,33.74238063629108]}"
947,32.268849260000025,-0.033183693278330505,0.19252179392920912,-0.2168911435818656,"{""type"":""Point"",""coordinates"":[73.1631778411149,33.61580222331128]}"
948,30.060808339999994,-0.06953807175496539,0.27462257368799425,-0.2699663347897715,"{""type"":""Point"",""coordinates"":[73.28470627133258,33.63801608239326]}"
949,24.01774898000002,-0.08140003665017409,0.26196484324879177,-0.24387673369588128,"{""type"":""Point"",""coordinates"":[73.01224460070875,33.76378704389824]}"
950,34.35725948000004,-0.016618400534640233,0.17223782450852798,-0.19393040899973837,"{""type"":""Point"",""coordinates"":[72.98689592826214,33.58208591890688]}"
951,35.676615200000015,-0.023211113376241373,0.19057946458827515,-0.23031130721014112,"{""type"":""Point"",""coordinates"":[72.96178640257553,33.527181595819144]}"
952,32.21074292000003,-0.023083208497889147,0.13533323258274144,-0.14773508517301964,"{""type"":""Point"",""coordinates"":[73.00158378069624,33.678522353577605]}"
953,26.39327288000004,-0.06977750531895713,0.2141775467605288,-0.21801609459681393,"{""type"":""Point"",""coordinates"":[73.28240650062881,33.75285793587475]}"
954,26.743619930000023,-0.15386507327941665,0.35841665105346526,-0.3436552328324011,"{""type"":""Point"",""coordinates"":[73.15940745819998,33.788126748832106]}"
955,33.236148920000005,-0.01291015026065624,0.16622532923772199,-0.18261398829236855,"{""type"":""Point"",""coordinates"":[72.99083668409646,33.609989755118896]}"
956,33.357488630000034,0.022888247639034628,0.07891449571844959,-0.10452961672473868,"{""type"":""Point"",""coordinates"":[73.08965816970193,33.556478592499076]}"
957,34.692225440000016,-0.03787975900525574,0.18041988628079894,-0.1941740412979351,"{""type"":""Point"",""coordinates"":[73.14824610460329,33.55211560309654]}"
958,31.639933580000047,-0.06439055520102106,0.2305592445034676,-0.24521258725596326,"{""type"":""Point"",""coordinates"":[73.22423891284758,33.69378396936963]}"
959,32.57818007000003,-9.262390284781746E-4,0.1543091608877736,-0.18018236660541553,"{""type"":""Point"",""coordinates"":[73.00083566657709,33.711894988794946]}"
960,31.39383614000002,-0.03497891342098735,0.18005197376562307,-0.20133177359848825,"{""type"":""Point"",""coordinates"":[72.96524277180663,33.60272128395713]}"
961,34.11116204000001,-0.02053016122214842,0.1807321503423222,-0.21354204064048252,"{""type"":""Point"",""coordinates"":[72.95419573644857,33.52328002939739]}"
962,35.42709974000002,0.0012043114349370746,0.13245033112582782,-0.17301368409886497,"{""type"":""Point"",""coordinates"":[72.9067568288541,33.56149616024934]}"
963,32.14580053999998,-0.06225535246264338,0.20021536804861165,-0.21839618958382134,"{""type"":""Point"",""coordinates"":[72.83407142590421,33.56689619119129]}"
964,26.49239546000001,-0.02520655370396303,0.19050329295064639,-0.18997114876671137,"{""type"":""Point"",""coordinates"":[73.03425728326044,33.76828369331982]}"
965,31.13406662,-0.036488365915021956,0.18871644144951433,-0.21071845794392524,"{""type"":""Point"",""coordinates"":[73.19795879699012,33.561141291405114]}"
966,35.922712639999986,-0.008758556781155651,0.1478621721827273,-0.1929440045248869,"{""type"":""Point"",""coordinates"":[72.86340148332846,33.51844737433096]}"
967,32.65508552000006,-0.054928562852683396,0.2311195180047639,-0.2318962495618647,"{""type"":""Point"",""coordinates"":[72.82813826863423,33.707902765632575]}"
968,33.22931288000001,-0.018029508558111706,0.17598268366771558,-0.18854327524082654,"{""type"":""Point"",""coordinates"":[72.97635788534556,33.555717745605044]}"
969,33.46344725000006,-0.03677091489721032,0.15961739906925626,-0.1941290893015031,"{""type"":""Point"",""coordinates"":[72.99857934382135,33.63275416641319]}"
970,30.679469960000006,-0.05624506552976472,0.18729144479943202,-0.19809428284854563,"{""type"":""Point"",""coordinates"":[73.06226841905111,33.526524678114626]}"
971,27.719464640000012,-0.052163218058168134,0.14116446955430006,-0.17862063376286572,"{""type"":""Point"",""coordinates"":[73.26421500901226,33.7928441048997]}"
972,35.13656804000004,-0.044870391795128355,0.18265793664838081,-0.20792365529207635,"{""type"":""Point"",""coordinates"":[72.9760013515062,33.514881515672165]}"
973,33.51984458000004,0.002780086555272133,0.1661360056305929,-0.19888360554062434,"{""type"":""Point"",""coordinates"":[72.95209221287678,33.69043318990223]}"
974,33.685618550000015,0.007125314575058367,0.09127870163628486,-0.13445349038628096,"{""type"":""Point"",""coordinates"":[73.07937585852814,33.50471477218536]}"
975,32.410697089999985,-0.05403377685229135,0.20305482253018997,-0.21464490516100573,"{""type"":""Point"",""coordinates"":[73.20477746522755,33.59848529605825]}"
976,22.75991762000001,-0.11467574026815733,0.2332168145558842,-0.21939114636416004,"{""type"":""Point"",""coordinates"":[73.05763002817821,33.782877419818725]}"
977,29.15845106000006,-0.02663407510872671,0.18744262897007527,-0.20366234926306387,"{""type"":""Point"",""coordinates"":[73.25656573252384,33.70032412803954]}"
978,29.42505662000002,-0.13056614379314585,0.29628809087430263,-0.2639330741133498,"{""type"":""Point"",""coordinates"":[72.88834857231728,33.70078785778396]}"
979,32.27568530000002,-4.243067131383543E-4,0.11156384698275862,-0.1487184841050269,"{""type"":""Point"",""coordinates"":[73.21276159583134,33.611684416424616]}"
980,24.385186130000022,-0.08595932176718203,0.21312267903052143,-0.20683775630656231,"{""type"":""Point"",""coordinates"":[73.04469051180256,33.768595702263674]}"
981,33.832593410000015,-0.008850652967753914,0.1451454264437263,-0.16274922423939794,"{""type"":""Point"",""coordinates"":[72.85519202721643,33.65757210573194]}"
982,31.81425260000003,-0.05880184949406956,0.2125316552835546,-0.21919790119408167,"{""type"":""Point"",""coordinates"":[72.84107224984402,33.65213490045889]}"
983,33.54035270000003,-0.036188648697268615,0.19131334022750776,-0.21059268600252207,"{""type"":""Point"",""coordinates"":[72.95055307985456,33.68949826284405]}"
984,29.712170300000025,-0.10271275771198264,0.2756159667180719,-0.26820223917849245,"{""type"":""Point"",""coordinates"":[72.83550603825812,33.77231587828911]}"
985,30.29665172,-0.04688998379683212,0.16399801459639318,-0.18742029855224665,"{""type"":""Point"",""coordinates"":[73.15867564782648,33.67866846616159]}"
986,32.27910331999999,-0.02218291694303191,0.18709346114344402,-0.20860927152317882,"{""type"":""Point"",""coordinates"":[72.82400738059114,33.778934205799786]}"
987,28.688473310000006,0.00630423724894801,0.13955420430240575,-0.15756019607491067,"{""type"":""Point"",""coordinates"":[73.14322077783369,33.724849314437115]}"
988,26.87692271000003,-0.12199007617119434,0.29939268142681424,-0.2772509162353119,"{""type"":""Point"",""coordinates"":[73.09312725344553,33.67936419631762]}"
989,30.72390422000001,-0.08936879593847087,0.23309431502384464,-0.2520379014840103,"{""type"":""Point"",""coordinates"":[73.24318667240263,33.631506731867205]}"
990,30.47438876000001,-0.05906674542232723,0.1596788921016588,-0.17689530685920576,"{""type"":""Point"",""coordinates"":[73.13881996867549,33.51820228235182]}"
991,34.27009997000005,-0.015313356649966916,0.17576443114646428,-0.19776972400334542,"{""type"":""Point"",""coordinates"":[72.99643065121224,33.5303775744557]}"
992,30.730740260000005,-0.06990302813968707,0.21793308953000134,-0.23920757967269596,"{""type"":""Point"",""coordinates"":[73.20626196164382,33.62244220220757]}"
993,34.20173957000003,-0.017967484552162696,0.14093124894940326,-0.18037633473618309,"{""type"":""Point"",""coordinates"":[72.8154594327026,33.614790502014976]}"
994,29.91725150000002,0.003197158081705151,0.12453661957719668,-0.1590052491179761,"{""type"":""Point"",""coordinates"":[73.18980504673432,33.73582270604798]}"
995,33.15411644000005,0.032450658912330635,0.11041289452195832,-0.14039341512770495,"{""type"":""Point"",""coordinates"":[72.86907807787048,33.66690671749146]}"
996,34.27522700000003,0.04200854306874405,0.08601288974046334,-0.11810910656002295,"{""type"":""Point"",""coordinates"":[72.94297632652352,33.69366205598791]}"
997,27.254613919999997,-0.09743686689667123,0.25196793788864524,-0.25598586470503387,"{""type"":""Point"",""coordinates"":[73.19207353877495,33.73113150613377]}"
998,35.26303478,0.012331575864089044,0.12580548228773664,-0.15369350258322784,"{""type"":""Point"",""coordinates"":[72.97948654518976,33.69660836204987]}"
999,31.821088640000028,-0.04634342351995714,0.22817314746881878,-0.23759901425805316,"{""type"":""Point"",""coordinates"":[73.08770929961386,33.62483057052236]}"
1000,24.831237740000006,-0.14006072512948742,0.3009946192727866,-0.2765378769698424,"{""type"":""Point"",""coordinates"":[73.11711032157515,33.77913775431171]}"
1001,34.05989174000001,0.03119359027140007,0.10969239698200813,-0.13703772532986433,"{""type"":""Point"",""coordinates"":[72.82204435376966,33.54533622984008]}"
1002,27.99974228000002,-0.07620084365219758,0.22527547009043553,-0.23070938126081966,"{""type"":""Point"",""coordinates"":[73.2430198762616,33.76570928828866]}"
1003,30.337667960000033,-0.1464279902359642,0.33081456853559016,-0.2999704753469147,"{""type"":""Point"",""coordinates"":[72.94258037006998,33.72038054776995]}"
1004,31.23831623000001,-0.10291562687557254,0.26802251679680406,-0.26329691005137856,"{""type"":""Point"",""coordinates"":[73.03459144752236,33.6972975243913]}"
1005,32.97637940000004,-0.01772444877573395,0.18143251078271935,-0.20551206666426175,"{""type"":""Point"",""coordinates"":[72.92771152935494,33.571146460318445]}"
1006,23.925462440000047,-0.12818069945615498,0.25835731680318796,-0.22950465065974476,"{""type"":""Point"",""coordinates"":[72.94426335876545,33.75512914040041]}"
1007,31.45877852000001,-0.07527691487025008,0.23390465216765088,-0.2341712886263776,"{""type"":""Point"",""coordinates"":[73.01484692045989,33.68468600283088]}"
1008,34.70589752000001,-0.007270642893776209,0.1395610771698693,-0.17208453275293126,"{""type"":""Point"",""coordinates"":[72.85929365476487,33.53312351427272]}"
1009,30.911895319999985,-0.09906621650393892,0.25937543566150845,-0.25884894091415833,"{""type"":""Point"",""coordinates"":[73.17113294213631,33.56577567043253]}"
1010,32.01933380000003,-0.05689967160377991,0.21363706325996615,-0.2213917825194594,"{""type"":""Point"",""coordinates"":[72.90214371711983,33.51425435146742]}"
1011,29.619883759999993,-0.08082121865687614,0.2533745728086756,-0.25483599663582845,"{""type"":""Point"",""coordinates"":[73.25463857335323,33.77295978188185]}"
1012,29.599375640000005,-0.08121177128628909,0.22905898761178112,-0.22378793448515297,"{""type"":""Point"",""coordinates"":[72.94672267534911,33.7247004554617]}"
1013,30.30177875000004,0.03599979632364173,0.05771272138108274,-0.07295877885668946,"{""type"":""Point"",""coordinates"":[73.04564532186129,33.62402862263652]}"
1014,25.80537344000004,-0.1348681256174595,0.3337555414819506,-0.31987047804742175,"{""type"":""Point"",""coordinates"":[73.13583287058601,33.77962668423961]}"
1015,29.57544949999999,-0.04017278617710583,0.1896328950368625,-0.19462677453823843,"{""type"":""Point"",""coordinates"":[73.13564958543014,33.748053022032316]}"
1016,25.957475330000022,-0.03307841149912467,-0.02800173385348938,0.05681117155515675,"{""type"":""Point"",""coordinates"":[73.12348085800552,33.70190299797425]}"
1017,32.596979180000005,-0.04738333279056892,0.19034753321736556,-0.20696513678838144,"{""type"":""Point"",""coordinates"":[72.82202297416488,33.65455078948418]}"
1018,34.743495740000014,-0.002836594939973067,0.16020817449530944,-0.18724559023066487,"{""type"":""Point"",""coordinates"":[73.00588808062838,33.7072350932733]}"
1019,34.596520880000014,-0.005507613465673136,0.13667388047278176,-0.17468946770808244,"{""type"":""Point"",""coordinates"":[72.92216464997522,33.53124374246187]}"
1020,33.26349307999999,-0.031663472944611734,0.1753413264952526,-0.19274185040616099,"{""type"":""Point"",""coordinates"":[72.96060241449416,33.57621646563926]}"
1021,34.367513540000004,1.820885557342721E-4,0.15584324457074694,-0.18456062131454049,"{""type"":""Point"",""coordinates"":[72.98663535245026,33.57238028721571]}"
1022,33.40534091000001,0.010814750036437837,0.12187784114389619,-0.1517691981332202,"{""type"":""Point"",""coordinates"":[72.95520307598122,33.6066943909945]}"
1023,32.15947262000003,-0.06808194590579934,0.2213454120811069,-0.23422972393076813,"{""type"":""Point"",""coordinates"":[72.95772032885726,33.693977136146614]}"
1024,32.709773840000025,-0.06629892120238802,0.1708644815027794,-0.17991114545103343,"{""type"":""Point"",""coordinates"":[73.1431612277487,33.553528715340484]}"
1025,20.86291652,-0.08156507951312783,0.1727346278317152,-0.16087696466112725,"{""type"":""Point"",""coordinates"":[73.12167848628896,33.78688311390042]}"
1026,32.87896583000003,0.013835472753608712,0.10287299607127562,-0.11676313655988989,"{""type"":""Point"",""coordinates"":[73.10165998884074,33.626062223487644]}"
1027,30.549585200000024,-0.07092463092463093,0.26385093623342565,-0.26482518124254384,"{""type"":""Point"",""coordinates"":[73.14605249410367,33.71091315297377]}"
1028,28.782468859999994,-0.09188572195924397,0.2053961900526277,-0.23967068150632717,"{""type"":""Point"",""coordinates"":[73.29962212794594,33.724956069592864]}"
1029,33.36774269,-0.010879446350546905,0.14414683527498423,-0.18438095892528902,"{""type"":""Point"",""coordinates"":[72.931135661515,33.59820102640125]}"
1030,29.94801368000003,-0.05909119635972951,0.19597487867542107,-0.22459717198290036,"{""type"":""Point"",""coordinates"":[73.26300330335758,33.720960095998926]}"
1031,32.11162034000006,-0.0342185188069465,0.16419166505952276,-0.17876162749414187,"{""type"":""Point"",""coordinates"":[73.00554822931144,33.691894608825336]}"
1032,32.26201322000003,-0.05889689146634241,0.1684040320638525,-0.21828030275854649,"{""type"":""Point"",""coordinates"":[73.22363630216371,33.71410352267978]}"
1033,32.48760254000001,-0.00873041902887754,0.12746569842544425,-0.1539753439342505,"{""type"":""Point"",""coordinates"":[73.10146253181306,33.65385849149066]}"
1034,34.14876026000002,-0.009726042130817571,0.14930306581087463,-0.18090172330140702,"{""type"":""Point"",""coordinates"":[72.97945520889368,33.56722320454486]}"
1035,33.20880476000002,-0.08534214618973561,0.2336758369240968,-0.2384191652186772,"{""type"":""Point"",""coordinates"":[73.22363971351564,33.66547512335705]}"
1036,31.151156720000017,-8.894886973591388E-4,0.155605921099228,-0.18787084561901643,"{""type"":""Point"",""coordinates"":[72.81880894980026,33.57797219775779]}"
1037,32.740536020000036,0.007542651900628554,0.1489656606258013,-0.18459504840841698,"{""type"":""Point"",""coordinates"":[72.96398259198214,33.69385560416179]}"
1038,32.856748700000026,-0.05990104841559665,0.22853729305342207,-0.23994418700797573,"{""type"":""Point"",""coordinates"":[72.88960264486683,33.631440402109845]}"
1039,27.138401240000007,-0.10696754340977362,0.25604788427965747,-0.2429253043764396,"{""type"":""Point"",""coordinates"":[73.25341500727816,33.76380517437298]}"
1040,28.81664906000003,-0.01652096096922971,0.09671549787407861,-0.12119659093066075,"{""type"":""Point"",""coordinates"":[73.19263618515548,33.72650348317678]}"
1041,28.016832379999983,-0.14011983933627445,0.2961784631508029,-0.2746144502926129,"{""type"":""Point"",""coordinates"":[72.85313024957382,33.78035758709821]}"
1042,31.677531799999997,0.013361902211112104,0.12516120274214348,-0.1530221882172915,"{""type"":""Point"",""coordinates"":[73.11873067474261,33.68441358586126]}"
1043,33.003723560000026,-0.054061904915598875,0.15746943115364168,-0.19657054922507602,"{""type"":""Point"",""coordinates"":[73.135234649239,33.55557367472423]}"
1044,35.22543656000005,0.05597474348855564,0.05081529378689907,-0.07891033736243912,"{""type"":""Point"",""coordinates"":[73.04060831456276,33.637120801031934]}"
1045,31.058870179999985,-0.042684757159152306,0.19890932937562558,-0.21765345111648612,"{""type"":""Point"",""coordinates"":[73.24859064740139,33.66489814393587]}"
1046,35.481788059999985,-0.040110930735930736,0.1603531542408693,-0.1870922916586251,"{""type"":""Point"",""coordinates"":[72.97702256839975,33.51325652677486]}"
1047,29.734387430000027,-0.0819601543480781,0.219722569684297,-0.2352429570807336,"{""type"":""Point"",""coordinates"":[73.27018219542188,33.708169516127484]}"
1048,23.27945666000005,-0.0769788344447666,0.2227800181055057,-0.22097132056865806,"{""type"":""Point"",""coordinates"":[73.06724723131322,33.767598537002144]}"
1049,27.95189000000005,-0.12699316628701596,0.3168946395563771,-0.296996176952485,"{""type"":""Point"",""coordinates"":[73.16526347261684,33.72638362859804]}"
1050,34.14534223999999,-0.006756131420638593,0.14859918344361536,-0.17991177959360763,"{""type"":""Point"",""coordinates"":[72.96528599816207,33.685514260481696]}"
1051,36.21495335000003,0.022875118345905995,0.08007561947201404,-0.11040155485371186,"{""type"":""Point"",""coordinates"":[72.93486550276603,33.61708057453798]}"
1052,33.11822723,0.023346986541837332,0.15283269732184485,-0.17612655462777013,"{""type"":""Point"",""coordinates"":[72.83634081792903,33.702387391438236]}"
1053,35.77402877000003,-0.015892364655868595,0.1257598270971228,-0.17229616865648023,"{""type"":""Point"",""coordinates"":[73.22293586425464,33.67650492105319]}"
1054,32.21074292000003,0.019775591457997434,0.10045991023438798,-0.12224524392540968,"{""type"":""Point"",""coordinates"":[73.15836179821993,33.6573240203248]}"
1055,24.50481682999998,-0.11008089607965152,0.29559154622703177,-0.30095352695582417,"{""type"":""Point"",""coordinates"":[73.08494103098,33.78889154050382]}"
1056,28.057848620000016,-0.0520898315658141,0.18880625947203328,-0.21457635663101796,"{""type"":""Point"",""coordinates"":[73.2781873306191,33.789324039345026]}"
1057,32.81231444000002,-0.07111756168359942,0.23013668185353928,-0.23857830157013388,"{""type"":""Point"",""coordinates"":[72.8952554400237,33.516610378612896]}"
1058,28.389396560000023,-0.07582592543452302,0.25903497535033576,-0.2561093683435963,"{""type"":""Point"",""coordinates"":[72.99460782830991,33.78681905036074]}"
1059,32.08256717000006,-0.01815445106592124,0.1723406136705279,-0.19040350530644495,"{""type"":""Point"",""coordinates"":[73.23920745788992,33.54543209265458]}"
1060,26.800017260000004,-0.12465838282986554,0.27981423121579035,-0.25785548355544685,"{""type"":""Point"",""coordinates"":[73.00118223943312,33.73435651628388]}"
1061,34.04621966000002,-0.020900803646395585,0.17914970993159582,-0.19353538186471278,"{""type"":""Point"",""coordinates"":[73.10070392014097,33.631071181811926]}"
1062,28.109118920000014,-0.0681793625067531,0.22487919712551108,-0.22049382716049382,"{""type"":""Point"",""coordinates"":[73.28623944792929,33.72889994282641]}"
1063,31.19559098000002,-0.06000352961938937,0.21528292979024752,-0.23291139240506328,"{""type"":""Point"",""coordinates"":[73.2217413916851,33.64187158878501]}"
1064,31.383582079999996,-0.029825479393025333,0.24291392696608344,-0.24671162946678094,"{""type"":""Point"",""coordinates"":[73.29812375520868,33.61073386097122]}"
1065,31.197299990000033,-0.03778505404074063,0.23132724803603047,-0.2440299414717171,"{""type"":""Point"",""coordinates"":[73.26864549714702,33.595014207169314]}"
1066,32.90118296000003,-0.032313393978376063,0.18692773630088744,-0.2089603099162437,"{""type"":""Point"",""coordinates"":[73.14595082231213,33.64726121170848]}"
1067,32.972961380000015,-0.06101141924959217,0.22375254007676676,-0.23158492709714068,"{""type"":""Point"",""coordinates"":[73.28883290491831,33.566121747991964]}"
1068,31.205845039999986,-0.04915743708546222,0.21405750798722045,-0.2133668544583708,"{""type"":""Point"",""coordinates"":[72.83292554842686,33.749456698673065]}"
1069,32.39531599999998,0.07434402332361516,0.06831363173506884,-0.06873948091062096,"{""type"":""Point"",""coordinates"":[73.06683244074031,33.675487043738364]}"
1070,31.97831756000005,6.359589352230399E-4,0.13695090439276486,-0.16344662247919897,"{""type"":""Point"",""coordinates"":[73.23343036430845,33.651353223030675]}"
1071,30.843534920000025,-0.07744785913845754,0.23892416884572282,-0.24688898078875146,"{""type"":""Point"",""coordinates"":[73.27687689978076,33.745825288658345]}"
1072,30.52224104000004,-0.05241557602197447,0.19540440839099235,-0.2107591642501301,"{""type"":""Point"",""coordinates"":[73.12006753076788,33.688047620411254]}"
1073,33.15582545000001,-0.018638253953798985,0.17640666082383874,-0.20682586492124003,"{""type"":""Point"",""coordinates"":[73.17471177015325,33.67637766085551]}"
1074,32.69097472999999,-0.009687282414555142,0.13489970566718273,-0.1678425742747597,"{""type"":""Point"",""coordinates"":[72.85963924265042,33.57992045923184]}"
1075,32.89434692000003,-0.011892763555734731,0.1442698835741338,-0.1722651338243219,"{""type"":""Point"",""coordinates"":[72.81291081436609,33.6056228305256]}"
1076,30.655543820000048,-0.011667810569663692,0.13717018978552692,-0.1477962934122411,"{""type"":""Point"",""coordinates"":[73.04403703596473,33.70360337563738]}"
1077,21.99428114,-0.11522665936558846,0.27136933160922105,-0.24840736443442282,"{""type"":""Point"",""coordinates"":[73.01612446660464,33.76054168824954]}"
1078,33.759105980000015,-0.004470633070958474,0.17784156339698526,-0.19871256647075286,"{""type"":""Point"",""coordinates"":[72.9419395811446,33.55659223127637]}"
1079,31.18362791000004,-0.019183594718998925,0.17331429478026336,-0.20863568019873177,"{""type"":""Point"",""coordinates"":[73.07548015333612,33.66291445933453]}"
1080,35.551857470000016,-0.015315890236119975,0.14855875831485588,-0.16903428971308607,"{""type"":""Point"",""coordinates"":[72.9040604929134,33.649260551693814]}"
1081,32.71148285000004,-0.03181528810769685,0.1824409687005107,-0.19554540057211736,"{""type"":""Point"",""coordinates"":[72.94838108920925,33.62741312484103]}"
1082,29.794202779999978,-0.02107572634798218,0.19587307767179288,-0.2071052424742592,"{""type"":""Point"",""coordinates"":[73.1109554868084,33.66404792435503]}"
1083,27.620342059999984,-0.09129245873554509,0.26340681974216185,-0.2549821929226339,"{""type"":""Point"",""coordinates"":[73.12817204348926,33.729788463758766]}"
1084,24.356132960000025,-0.09085525759242027,0.20773625550248198,-0.18919168165260294,"{""type"":""Point"",""coordinates"":[72.96592584543856,33.78440168145509]}"
1085,30.75466640000002,-0.0323876780713503,0.19143554704652838,-0.21020517395182872,"{""type"":""Point"",""coordinates"":[72.80945443019186,33.78221767464672]}"
1086,27.40842482000005,-0.16523400191021967,0.3614730692224374,-0.354006854904521,"{""type"":""Point"",""coordinates"":[73.16209333315224,33.78732211297323]}"
1087,30.214619240000047,-0.01966983957931172,0.1419359648141936,-0.15239510259351902,"{""type"":""Point"",""coordinates"":[73.03836607674143,33.686514842617214]}"
1088,33.91975292000001,0.02884481655586771,0.0850438971330899,-0.1334058335632781,"{""type"":""Point"",""coordinates"":[72.80930893433971,33.724904241663964]}"
1089,31.70487595999998,0.003957203576139528,0.14611440906637885,-0.1798611111111111,"{""type"":""Point"",""coordinates"":[72.85938662940268,33.620351795787414]}"
1090,31.304967620000014,-0.024285407264130667,0.16932459430093583,-0.192096048024012,"{""type"":""Point"",""coordinates"":[72.97689043434139,33.580178976196216]}"
1091,30.320577860000014,-0.08656735300629408,0.2414266613666751,-0.25475729573760914,"{""type"":""Point"",""coordinates"":[73.20003763249166,33.675472764377034]}"
1092,28.575678649999986,-0.07389373101521836,0.2536797462489754,-0.25908692306315656,"{""type"":""Point"",""coordinates"":[73.14416806068022,33.68790460125817]}"
1093,29.91212446999998,-0.022576678734886262,0.14682448479276794,-0.1538520830924577,"{""type"":""Point"",""coordinates"":[73.17120315176085,33.74769262522583]}"
1094,34.92635981000001,-0.021290442543696542,0.15457380093192727,-0.19283322776219347,"{""type"":""Point"",""coordinates"":[73.28110261119801,33.50488955951285]}"
1095,31.892867060000015,-0.013511068218831052,0.18661064227958052,-0.2069386582387588,"{""type"":""Point"",""coordinates"":[73.23003752668974,33.574736157465146]}"
1096,36.40807147999999,-0.009664261060558519,0.08146803791086912,-0.11269407655866386,"{""type"":""Point"",""coordinates"":[73.10207109234254,33.565746136651065]}"
1097,33.89582677999999,-0.019509873899595527,0.174575980812061,-0.21028103375229487,"{""type"":""Point"",""coordinates"":[72.88164166565952,33.52348260140497]}"
1098,28.03392248,-0.10079497497301011,0.27851660460521316,-0.26465337417548346,"{""type"":""Point"",""coordinates"":[73.07715376726743,33.74173590679657]}"
1099,31.93901033000003,-0.056703745671012946,0.23396324872339633,-0.24274104243698266,"{""type"":""Point"",""coordinates"":[72.96214359001358,33.707366608867225]}"
1100,37.36853510000003,0.03702534642214576,0.055165496489468405,-0.08422773473594428,"{""type"":""Point"",""coordinates"":[73.10246634416893,33.63254914505453]}"
1101,28.673092220000058,0.013453240018856293,0.07656998140160659,-0.08559115757551575,"{""type"":""Point"",""coordinates"":[73.122129594317,33.72745871852815]}"
1102,28.628657960000055,-0.06439592050209204,0.24017367458866545,-0.2421606775005722,"{""type"":""Point"",""coordinates"":[73.11165692483249,33.51093595270348]}"
1103,27.073458860000017,-0.08755979238050005,0.2514834478450968,-0.24448757763975154,"{""type"":""Point"",""coordinates"":[73.07272596697426,33.74503377204283]}"
1104,30.679469960000006,-0.08670786473726634,0.21203818656620574,-0.20450967879174645,"{""type"":""Point"",""coordinates"":[73.2684039676309,33.78523285334278]}"
1105,34.282063040000025,0.01956435193084229,0.13612548192572577,-0.17568028370729047,"{""type"":""Point"",""coordinates"":[72.81142239349583,33.589669683796814]}"
1106,25.497751640000047,-0.10189953566905867,0.2926867918548451,-0.2769537823347552,"{""type"":""Point"",""coordinates"":[73.02078669474282,33.799310480143035]}"
1107,28.88842748000002,-0.1255090480418874,0.31534594120699216,-0.3041920204367649,"{""type"":""Point"",""coordinates"":[73.05172947377649,33.72684547851397]}"
1108,32.480766500000016,0.02746763476950476,0.09227987844751318,-0.10727237278221875,"{""type"":""Point"",""coordinates"":[73.0483791460542,33.71622061137081]}"
1109,27.03586064000001,-0.032712215320910974,0.23658415652770892,-0.24260309673463132,"{""type"":""Point"",""coordinates"":[73.24735007478651,33.78425742090172]}"
1110,32.636286410000025,-0.044420368364030335,0.17962929638294042,-0.18478889531521112,"{""type"":""Point"",""coordinates"":[73.09063988007772,33.58025875283403]}"
1111,28.727780540000026,-0.06697937924522555,0.25980004315615335,-0.26025327385235286,"{""type"":""Point"",""coordinates"":[73.08416446303679,33.68502160273029]}"
1112,23.834884910000028,-0.06122667810422475,0.2087692871391931,-0.20508969883919148,"{""type"":""Point"",""coordinates"":[73.06555012658326,33.76444087299928]}"
1113,33.759105980000015,-0.026492271105826398,0.18141011604992335,-0.18854520422212023,"{""type"":""Point"",""coordinates"":[72.92743264786621,33.640255382092384]}"
1114,33.72150776000001,-0.023667762670695223,0.19218960223548487,-0.2069712210114557,"{""type"":""Point"",""coordinates"":[73.00375990398474,33.55580059156226]}"
1115,34.471763150000015,0.009534275870262563,0.1192334155632751,-0.14851041846047874,"{""type"":""Point"",""coordinates"":[72.97940598266072,33.55992348394886]}"
1116,31.616007440000033,-7.910233498374008E-4,0.16388415672913118,-0.1833581598364915,"{""type"":""Point"",""coordinates"":[73.01632727051029,33.65727230449536]}"
1117,32.825986520000015,1.1942437451483848E-4,0.16543708240534521,-0.1963277845252554,"{""type"":""Point"",""coordinates"":[72.92507726985765,33.56026036190728]}"
1118,28.04588554999998,-0.09533342403451828,0.2286829310833497,-0.20883740883740884,"{""type"":""Point"",""coordinates"":[72.90615266000586,33.789492846293015]}"
1119,31.180209890000015,-0.025505353230540283,0.20520792848814615,-0.2379859274414891,"{""type"":""Point"",""coordinates"":[72.98597798776991,33.7228974399233]}"
1120,32.77984325,4.1631973355537054E-4,0.186013689930139,-0.20501882057716436,"{""type"":""Point"",""coordinates"":[72.91109264854659,33.54217312032984]}"
1121,30.57692936000001,-0.14217483434798694,0.3030698388334612,-0.2766165413533835,"{""type"":""Point"",""coordinates"":[72.81317165228496,33.51346420360853]}"
1122,32.579889080000044,-0.029878674473350637,0.1830536680072112,-0.2087849805171803,"{""type"":""Point"",""coordinates"":[72.88931435522697,33.75636588306227]}"
1123,26.451379220000035,-0.052628203072383826,0.25121988411100943,-0.2449552419966621,"{""type"":""Point"",""coordinates"":[73.13428330620668,33.76921800589362]}"
1124,32.036423900000045,-0.001315904903938942,0.144451871657754,-0.17565062143789054,"{""type"":""Point"",""coordinates"":[73.16911866266278,33.54540022625396]}"
1125,33.03619475000005,0.012652244035370668,0.12618741773316206,-0.1733390611833518,"{""type"":""Point"",""coordinates"":[73.02041063711884,33.52107790356562]}"
1126,31.417762280000034,-0.0828782524895599,0.2388372349417515,-0.245289988917621,"{""type"":""Point"",""coordinates"":[73.28315596261477,33.611548243153166]}"
1127,34.80160208000001,-0.022725153107221688,0.16296662895927602,-0.19234532999891268,"{""type"":""Point"",""coordinates"":[73.18797787809946,33.50830525732581]}"
1128,33.89582677999999,-0.04218031585260212,0.15903364458277752,-0.17731190485151868,"{""type"":""Point"",""coordinates"":[72.90856768693534,33.50945691590299]}"
1129,35.300633000000005,0.007766657846814736,0.1163254942476404,-0.14192057606534472,"{""type"":""Point"",""coordinates"":[73.24270747280531,33.53544642369813]}"
1130,34.459800080000036,0.015251574513047952,0.1291428207049371,-0.16854192100834792,"{""type"":""Point"",""coordinates"":[72.82421444146208,33.68364807401193]}"
1131,26.048052859999984,-0.012616566099835436,0.18091514882274545,-0.19079701834862386,"{""type"":""Point"",""coordinates"":[73.1075083209688,33.790795995894854]}"
1132,29.25073759999998,-0.053735603571310034,0.18584368288355588,-0.185887977886932,"{""type"":""Point"",""coordinates"":[73.17596064728065,33.73905290085516]}"
1133,33.21564080000002,-0.04453979573336556,0.21709738750792199,-0.22651149588418962,"{""type"":""Point"",""coordinates"":[73.27927909089243,33.5398535317706]}"
1134,32.81231444000002,-0.008234894981957253,0.14561065358331873,-0.1821502187827722,"{""type"":""Point"",""coordinates"":[73.00543671587953,33.63491323040193]}"
1135,32.01591578,-0.06594122814474765,0.26753491820127034,-0.2749673767519108,"{""type"":""Point"",""coordinates"":[73.21848280801422,33.66646421889288]}"
1136,26.406944960000033,-0.14234198136832615,0.30366192889532445,-0.2818764284911387,"{""type"":""Point"",""coordinates"":[73.08465266269852,33.75764830117917]}"
1137,35.461279940000054,-0.04698185263033246,0.18459219561212528,-0.20659831800890466,"{""type"":""Point"",""coordinates"":[72.81014617370535,33.676061241510176]}"
1138,32.80206038000006,-0.050666420414319575,0.19425492460025892,-0.21803518538343503,"{""type"":""Point"",""coordinates"":[72.91673634649503,33.68946925645283]}"
1139,29.992447940000034,-0.054814231404207624,0.21943617580108563,-0.22204674668351232,"{""type"":""Point"",""coordinates"":[73.14046636966985,33.66343559355507]}"
1140,28.235585660000027,-0.14215084680388512,0.2996967520549038,-0.26849309733824017,"{""type"":""Point"",""coordinates"":[72.80233954779939,33.63143999653189]}"
1141,34.33846037000001,-0.009476047467708545,0.14720257128183037,-0.1784608053371456,"{""type"":""Point"",""coordinates"":[73.20556778886525,33.53680051164841]}"
1142,35.38950152000001,-0.06313520172466892,0.16409253389087475,-0.17859947420533306,"{""type"":""Point"",""coordinates"":[72.80216388248418,33.745908316668725]}"
1143,32.73711800000001,-0.043377252663369954,0.1812136013526207,-0.19038243089738735,"{""type"":""Point"",""coordinates"":[73.03110235364038,33.69095186181236]}"
1144,31.716839030000017,0.0063512559871473405,0.17023571643295432,-0.19463499169615134,"{""type"":""Point"",""coordinates"":[72.81804630493937,33.644499477140194]}"
1145,34.23079274000003,0.001746647325261257,0.15643808837903184,-0.1959567299166519,"{""type"":""Point"",""coordinates"":[72.8612332066575,33.51172554587811]}"
1146,30.221455279999986,-0.06125690943573617,0.21407113451767237,-0.22382981905189173,"{""type"":""Point"",""coordinates"":[73.26509578396053,33.62639635513197]}"
1147,28.519281320000005,-0.06401666933803495,0.2157796417713637,-0.2295610298203371,"{""type"":""Point"",""coordinates"":[73.11439667408843,33.74208089030548]}"
1148,33.09088307000002,-0.013601963591736552,0.11267869171469201,-0.13085480650375583,"{""type"":""Point"",""coordinates"":[73.13829576142888,33.5215554652802]}"
1149,32.78838830000001,-0.04531739754518557,0.18835753296922872,-0.2134525793178495,"{""type"":""Point"",""coordinates"":[73.06605538989074,33.53366918888134]}"
1150,29.41480256,-0.0994280544156138,0.27102245134297137,-0.2657267214761356,"{""type"":""Point"",""coordinates"":[73.00466244263751,33.723036169091905]}"
1151,30.90164126000002,-0.11434948979591837,0.2745641549347144,-0.2706943257640492,"{""type"":""Point"",""coordinates"":[72.98256296408181,33.68051896936604]}"
1152,33.93342500000006,-0.011708766716196136,0.17723948337569376,-0.19147446890421027,"{""type"":""Point"",""coordinates"":[72.97211709087082,33.56804967093511]}"
1153,34.147051250000004,-0.02931918008784773,0.10629843817616744,-0.123379606511535,"{""type"":""Point"",""coordinates"":[73.22041329711836,33.532539951419636]}"
1154,28.187733380000054,-0.03901098901098901,0.2424895053841942,-0.2541173869791091,"{""type"":""Point"",""coordinates"":[73.05882455043294,33.77740567234454]}"
1155,34.36409551999998,0.002972752337384286,0.1195475457469992,-0.14785785217761385,"{""type"":""Point"",""coordinates"":[73.16214424296783,33.55881728265562]}"
1156,31.339147819999994,-0.04900228141769224,0.19211247033047288,-0.21383156720580032,"{""type"":""Point"",""coordinates"":[73.2993267737883,33.691569788861585]}"
1157,31.479286640000055,0.0011227755010385673,0.15606523292833474,-0.18949092489220176,"{""type"":""Point"",""coordinates"":[73.21619812454487,33.62607498713821]}"
1158,31.988571620000016,-0.02398253547481678,0.2017421857843496,-0.21275024008273621,"{""type"":""Point"",""coordinates"":[72.86445594345456,33.50845661666131]}"
1159,32.60381522,-0.006975196086943938,0.17081706824606271,-0.19988963995033798,"{""type"":""Point"",""coordinates"":[72.90617394640115,33.60601640941081]}"
1160,33.85822856000004,-0.012726094385200023,0.14788473738689104,-0.1773086077293197,"{""type"":""Point"",""coordinates"":[73.06855583348816,33.54974433084119]}"
1161,32.75079008,-0.042340261739799843,0.20742774212725779,-0.22368910705108894,"{""type"":""Point"",""coordinates"":[72.95164787287169,33.55724002524048]}"
1162,32.10649331000002,-0.053188066013883144,0.2185738094393816,-0.23804377195352608,"{""type"":""Point"",""coordinates"":[72.96445681488292,33.7077896257287]}"
1163,31.298131580000017,-0.02533378979801438,0.21112047177759055,-0.23403378656777915,"{""type"":""Point"",""coordinates"":[72.8810078358094,33.764735834307544]}"
1164,34.97933912000002,0.012657480024222015,0.10759493670886076,-0.1405125055447504,"{""type"":""Point"",""coordinates"":[72.96995594192718,33.699195993086576]}"
1165,33.98127728000003,0.014484097357025534,0.11118593844703346,-0.1473471942145887,"{""type"":""Point"",""coordinates"":[73.21450931456324,33.52002367537693]}"
1166,35.09726081000002,0.029400136009235977,0.08742336723484177,-0.11046374871080392,"{""type"":""Point"",""coordinates"":[73.08423135634858,33.54471089906304]}"
1167,32.47393046000002,-0.002946748053041465,0.19378679694350495,-0.2187480017903958,"{""type"":""Point"",""coordinates"":[72.82986905900897,33.680285339201006]}"
1168,30.361594100000048,-0.06031851360318514,0.1964359252742316,-0.19464692908676312,"{""type"":""Point"",""coordinates"":[73.1482105054991,33.64939264885576]}"
1169,31.845014780000042,-0.0923499437495864,0.24113688484529494,-0.24302953856580756,"{""type"":""Point"",""coordinates"":[73.19756379287605,33.70918156178009]}"
1170,31.469032580000032,-0.015655940594059406,0.17376146460944344,-0.19713353148192045,"{""type"":""Point"",""coordinates"":[72.92448397135595,33.56408197160872]}"
1171,28.905517580000037,-0.06832215213110376,0.25615164240021976,-0.24875156054931336,"{""type"":""Point"",""coordinates"":[73.29222799828968,33.73085420495403]}"
1172,25.087589240000057,-0.11234405174263556,0.3182214472537053,-0.2991085812479862,"{""type"":""Point"",""coordinates"":[73.1519309784517,33.78530292467415]}"
1173,33.34210754000003,-0.047580918357919375,0.16993981083404988,-0.20261622768251725,"{""type"":""Point"",""coordinates"":[73.24242977049012,33.50315036221981]}"
1174,26.34542060000001,-0.06627004452149246,0.14615449771302727,-0.15390027074850235,"{""type"":""Point"",""coordinates"":[73.18145846170715,33.72736482657949]}"
1175,31.745892200000014,-0.0229805452370459,0.15332197614991483,-0.17259048100169597,"{""type"":""Point"",""coordinates"":[73.04164336622424,33.50735967873902]}"
1176,28.035631490000014,-0.08186831488952219,0.2298468529114776,-0.21275359913703687,"{""type"":""Point"",""coordinates"":[73.13221287472473,33.694851863690154]}"
1177,31.055452160000016,-0.0575437732713789,0.22884113419387134,-0.24014867205542725,"{""type"":""Point"",""coordinates"":[73.10012928552058,33.507521234003626]}"
1178,34.92635981000001,0.02291755790502964,0.10300103483959987,-0.1287971052863825,"{""type"":""Point"",""coordinates"":[72.95321187996107,33.67737081236255]}"
1179,32.52178274000005,-0.05329172974141926,0.2039692068648916,-0.21868744638261367,"{""type"":""Point"",""coordinates"":[72.9485312545716,33.50405707921366]}"
1180,23.423013500000025,-0.18292907583665952,0.3745763316564986,-0.34930307487567414,"{""type"":""Point"",""coordinates"":[73.09215283793657,33.773779649114715]}"
1181,33.67365547999998,-0.06553016951325023,0.23246849518161602,-0.22959730799097733,"{""type"":""Point"",""coordinates"":[72.90238440970607,33.53078572258304]}"
1182,32.42607817999999,-0.00457433290978399,0.15403422982885084,-0.1676481990880056,"{""type"":""Point"",""coordinates"":[72.98933094064834,33.705678552125384]}"
1183,31.91679320000003,-0.060101419269661234,0.219663755307764,-0.23337406179088846,"{""type"":""Point"",""coordinates"":[73.064177400734,33.52525875302441]}"
1184,30.349631030000012,-0.06102847565790534,0.21122925788292432,-0.22744220730797912,"{""type"":""Point"",""coordinates"":[72.99406559930974,33.653529735309526]}"
1185,31.62284348000003,-0.04377909170964901,0.19312625826862237,-0.21163885947939104,"{""type"":""Point"",""coordinates"":[73.21067510219494,33.57559008244244]}"
1186,29.34302414000001,-0.07479396672368216,0.24035459211140223,-0.24151309408341415,"{""type"":""Point"",""coordinates"":[72.82411290298968,33.76460119161842]}"
1187,34.16243234000001,-0.039317361339021986,0.20296296296296296,-0.21524233470202234,"{""type"":""Point"",""coordinates"":[73.29567895843095,33.560734619473116]}"
1188,25.36957589000002,-0.14321778447626224,0.2862078467114606,-0.2631294102953727,"{""type"":""Point"",""coordinates"":[73.1954633518842,33.766168805907824]}"
1189,25.046573000000024,-0.036409099225468075,-0.043938115330520396,0.05855631266965819,"{""type"":""Point"",""coordinates"":[73.13412164705748,33.70736910590854]}"
1190,31.53226595000001,-0.017017221428085223,0.13816679045496963,-0.1457602423266425,"{""type"":""Point"",""coordinates"":[73.22358688983634,33.60895631245203]}"
1191,27.459695119999992,-0.08631903869474149,0.2442442863756892,-0.22944479101684342,"{""type"":""Point"",""coordinates"":[72.91330031500807,33.762192859018455]}"
1192,32.29277539999998,-0.005408148700299748,0.12414661394144663,-0.15358299668813918,"{""type"":""Point"",""coordinates"":[73.06308972702814,33.687267222952144]}"
1193,32.34746372000001,-0.021200638837566153,0.1519304814723233,-0.17104176392430065,"{""type"":""Point"",""coordinates"":[73.04917428653387,33.50693271780545]}"
1194,29.790784760000008,-0.03875770020533881,0.15731903485254692,-0.18290098648154915,"{""type"":""Point"",""coordinates"":[73.08494428649196,33.56566420103363]}"
1195,25.538767880000023,-0.14319068538600965,0.34645583818793646,-0.32220011370096646,"{""type"":""Point"",""coordinates"":[73.16248045398385,33.77150459261464]}"
1196,31.91679320000003,-0.0684984520123839,0.23830168934070864,-0.24734583239213914,"{""type"":""Point"",""coordinates"":[72.8487804305201,33.559241591942424]}"
1197,33.09601010000006,-0.0804851157662624,0.21876766534765404,-0.21337185307470077,"{""type"":""Point"",""coordinates"":[73.07998433292934,33.704703345381596]}"
1198,35.74497560000003,0.026502149240807744,0.09188026776733377,-0.11670805250088684,"{""type"":""Point"",""coordinates"":[72.98375471997173,33.61041942449801]}"
1199,26.28047822000002,-0.12614270629054156,0.3367474841528489,-0.3197793649671169,"{""type"":""Point"",""coordinates"":[73.1847078143559,33.79758752847448]}"
1200,32.95928930000002,0.011108056090184218,0.14702130373772165,-0.18227540186055685,"{""type"":""Point"",""coordinates"":[72.94723107824825,33.64800581379925]}"
1201,34.104326000000015,0.011367165662463508,0.10746964478307762,-0.13373935961819283,"{""type"":""Point"",""coordinates"":[73.01404246876979,33.54683146297589]}"
1202,38.24525722999999,0.003622443330116899,0.07438552202909922,-0.10271178725862642,"{""type"":""Point"",""coordinates"":[73.13120272954626,33.55596238706815]}"
1203,35.478370040000016,-0.058033606686366736,0.17953216374269007,-0.19412704990823515,"{""type"":""Point"",""coordinates"":[73.2869571791784,33.53941752897976]}"
1204,33.14044436000006,-2.2334960594748093E-4,0.12049183257675948,-0.16009177707053512,"{""type"":""Point"",""coordinates"":[73.25139959433115,33.691873388332205]}"
1205,23.569988360000025,-0.10919154109479477,0.2849306945370988,-0.28146368508593606,"{""type"":""Point"",""coordinates"":[73.12174456128146,33.78503808864419]}"
1206,32.35088173999998,-0.05306848502816484,0.19995732726432203,-0.22924483625368838,"{""type"":""Point"",""coordinates"":[73.21318091655189,33.69798442962254]}"
1207,28.17747932000003,-0.014147379987638212,0.15681244002271794,-0.17147276982269644,"{""type"":""Point"",""coordinates"":[73.2242542337282,33.75532628907939]}"
1208,34.483726219999994,-0.029876977152899824,0.19648812359627033,-0.21732507011044558,"{""type"":""Point"",""coordinates"":[72.80055879089767,33.571652933730206]}"
1209,25.81733651000002,-0.11742370974546477,0.276209596466573,-0.2611447277055848,"{""type"":""Point"",""coordinates"":[73.20781658443038,33.757420695635695]}"
1210,31.62284348000003,-0.08189396215079603,0.15559387972005534,-0.1633860254779642,"{""type"":""Point"",""coordinates"":[73.28057395354432,33.51868913631953]}"
1211,28.934570750000034,-0.05473639865190178,0.24792167334223408,-0.26021536304312654,"{""type"":""Point"",""coordinates"":[72.94473703076912,33.760661871747374]}"
1212,34.599938899999984,-0.0021170681467071006,0.11228248444049282,-0.15318518518518517,"{""type"":""Point"",""coordinates"":[73.16691611483593,33.558894290144764]}"
1213,27.68870246000006,-0.05633099895355389,0.20405916247660294,-0.21021081948466347,"{""type"":""Point"",""coordinates"":[73.08253752780612,33.741092935906096]}"
1214,31.298131580000017,-0.025728035538005924,0.17586731265692965,-0.1894966550996315,"{""type"":""Point"",""coordinates"":[72.98682094694222,33.723765589181006]}"
1215,30.917022350000025,0.014241001564945227,0.12510270424749045,-0.1483000638045757,"{""type"":""Point"",""coordinates"":[73.16360218690787,33.69504404450402]}"
1216,30.925567399999977,-0.07682098277768999,0.21085921398621277,-0.22509437353945713,"{""type"":""Point"",""coordinates"":[73.24830645283744,33.67215563637631]}"
1217,34.36409551999998,-0.0612819682745225,0.18699422488549342,-0.21736385747971557,"{""type"":""Point"",""coordinates"":[72.97960396298815,33.516829467473954]}"
1218,33.957351140000014,-0.0798689027991024,0.24665098680846712,-0.2576468767730954,"{""type"":""Point"",""coordinates"":[73.23517893304508,33.66290392736385]}"
1219,30.091570520000005,-0.09985087413142114,0.2753026010816379,-0.26881405563689603,"{""type"":""Point"",""coordinates"":[72.8550736170593,33.74519074271547]}"
1220,29.91725150000002,-0.0396796056685151,0.17617537378454676,-0.1952964510873415,"{""type"":""Point"",""coordinates"":[73.20192942478812,33.632497816557404]}"
1221,32.330373620000046,0.02034972572108811,0.07971348533739939,-0.10091112878733097,"{""type"":""Point"",""coordinates"":[73.11858710929728,33.618328868805314]}"
1222,34.13167016,0.01909367057219019,0.10407145099954646,-0.1279181665894429,"{""type"":""Point"",""coordinates"":[73.01991882131811,33.5446786516103]}"
1223,29.32080701000001,0.012886639094262492,0.10836979129312199,-0.1404534804346623,"{""type"":""Point"",""coordinates"":[73.18826191927066,33.73147063819477]}"
1224,37.46423966000003,0.02645301981606144,0.1003393463118414,-0.1336670101575151,"{""type"":""Point"",""coordinates"":[72.90819991868057,33.653015288026936]}"
1225,31.805707550000022,-0.05629553834483002,0.14254637050606825,-0.15455369366937272,"{""type"":""Point"",""coordinates"":[72.86266190204718,33.79441545641847]}"
1226,33.55744279999999,-0.04282084261379678,0.1667544136744937,-0.1966593469887325,"{""type"":""Point"",""coordinates"":[73.23922356032875,33.50579624284479]}"
1227,31.991989640000043,-0.048030116180956706,0.16040244340639598,-0.17513918707470616,"{""type"":""Point"",""coordinates"":[73.01444110822814,33.71337045763764]}"
1228,30.604273519999992,-0.10591658583899127,0.2767243953418931,-0.2622140221402214,"{""type"":""Point"",""coordinates"":[72.98807307776399,33.68655690170456]}"
1229,30.688015010000015,-0.07728171572804296,0.203296999299657,-0.21472726283922194,"{""type"":""Point"",""coordinates"":[73.04723519146216,33.726612979161196]}"
1230,26.09077811000003,-0.1172106824925816,0.25155821490900027,-0.24126846757742473,"{""type"":""Point"",""coordinates"":[73.23715720222995,33.78362054021042]}"
1231,30.120623690000002,-0.09642235406970548,0.2033924741665042,-0.21614911727616645,"{""type"":""Point"",""coordinates"":[73.24092224330458,33.60193561696239]}"
1232,28.628657960000055,-0.001479928470123944,0.13197421153511066,-0.157632132292669,"{""type"":""Point"",""coordinates"":[72.93707399797596,33.78664578437267]}"
1233,29.619883759999993,-0.07026961268837152,0.24753177233812504,-0.2479078014184397,"{""type"":""Point"",""coordinates"":[73.03624287069321,33.66577869050364]}"
1234,35.21005547000004,-0.030495653693962847,0.20366039276831124,-0.21863489438472525,"{""type"":""Point"",""coordinates"":[72.9693311702827,33.7157779136355]}"
1235,31.771527350000042,-0.06729410080695665,0.13459124281964469,-0.17041106641813009,"{""type"":""Point"",""coordinates"":[73.2672024059992,33.752587412362715]}"
1236,31.598917340000014,-0.07513333225915601,0.2396611303087727,-0.2408598951165991,"{""type"":""Point"",""coordinates"":[72.97974224161887,33.647505911544734]}"
1237,29.93434160000004,-0.10037067808525596,0.2867125028024811,-0.2802781030989162,"{""type"":""Point"",""coordinates"":[72.94760120183987,33.72734576739305]}"
1238,32.450004320000005,-0.08693508627773212,0.21171039132346475,-0.22608631173068366,"{""type"":""Point"",""coordinates"":[73.1773387184815,33.69265234618191]}"
1239,27.247777880000058,-0.13568504695400915,0.3334275718274022,-0.316492795087401,"{""type"":""Point"",""coordinates"":[73.21269344922253,33.78451131316226]}"
1240,31.602335359999984,-0.05766565012475742,0.217056873969835,-0.24006789945102572,"{""type"":""Point"",""coordinates"":[73.20391910522741,33.68695222943514]}"
1241,31.19559098000002,-0.04560832791151594,0.22478375185763821,-0.2303628847037207,"{""type"":""Point"",""coordinates"":[73.27395062115161,33.58263493822457]}"
1242,33.63776627000004,-0.0019325288738073862,0.14245063677690253,-0.17484164510661077,"{""type"":""Point"",""coordinates"":[72.97468468067989,33.57076862049855]}"
1243,33.58820498,-0.029193408235132706,0.17559378700285574,-0.1963425007088177,"{""type"":""Point"",""coordinates"":[72.97887465554598,33.5765305329613]}"
1244,35.31943210999998,0.039831037024437264,0.07011058451816746,-0.10119812072244891,"{""type"":""Point"",""coordinates"":[72.96016404201842,33.64919968637312]}"
1245,36.94470062000005,0.008199267035219579,0.09333059435771021,-0.11931300385559061,"{""type"":""Point"",""coordinates"":[72.97466254217666,33.64251608393269]}"
1246,32.10136627999998,-0.05544267053701016,0.21150642330902225,-0.2222761737571434,"{""type"":""Point"",""coordinates"":[72.83048121981247,33.50079067349016]}"
1247,31.533974960000023,-0.022274811418429227,0.1791319776170329,-0.19718700200928427,"{""type"":""Point"",""coordinates"":[73.16039540777153,33.672212219400706]}"
1248,31.72709309000004,-0.041254381339371565,0.1468151615052184,-0.16561051407142485,"{""type"":""Point"",""coordinates"":[72.99740515350803,33.66585129430476]}"
1249,32.75420810000003,-0.01825264329437952,0.17990714469950994,-0.20826730058108822,"{""type"":""Point"",""coordinates"":[73.15529958762315,33.61066917294908]}"
1250,22.824860000000058,-0.09230938497084387,0.2674042553191489,-0.24250135580493096,"{""type"":""Point"",""coordinates"":[73.0332505680765,33.76651053148811]}"
1251,34.76400386,-0.09407596278022451,0.25703850251103333,-0.25156255918784803,"{""type"":""Point"",""coordinates"":[72.90190663484603,33.504196052415274]}"
1252,32.415824120000025,-0.028578467602857847,0.20656021963730944,-0.22758012349309026,"{""type"":""Point"",""coordinates"":[72.88689611658441,33.52283507227498]}"
1253,31.293004549999978,-0.08540135647630888,0.22502841716396704,-0.2501404672575354,"{""type"":""Point"",""coordinates"":[73.20355219035638,33.72183321036094]}"
1254,29.67457208000002,-0.05274281274281274,0.16840289755087962,-0.17932559232630607,"{""type"":""Point"",""coordinates"":[73.18494373312018,33.64877346851761]}"
1255,31.626261500000055,-0.04738925098206535,0.22616648581615253,-0.2466509062253743,"{""type"":""Point"",""coordinates"":[72.8155163210087,33.663547094856824]}"
1256,33.058411879999994,-0.022558724051261365,0.16478156369291672,-0.19424512575197506,"{""type"":""Point"",""coordinates"":[72.84280959008044,33.57932271100008]}"
1257,31.287877520000052,-0.02276619038261797,0.19844741949277983,-0.22838840188806472,"{""type"":""Point"",""coordinates"":[72.92981601706069,33.67697759908175]}"
1258,35.068207640000026,-0.0013579700636262378,0.13050368635016882,-0.156705500819571,"{""type"":""Point"",""coordinates"":[72.96804739670097,33.5459797696373]}"
1259,26.95041014000003,-0.07460575631143483,0.2441460618961847,-0.23527140447497308,"{""type"":""Point"",""coordinates"":[72.99206928079799,33.7692945825664]}"
1260,29.42505662000002,-0.08450656212715187,0.24976429918290383,-0.2376098965222127,"{""type"":""Point"",""coordinates"":[73.11134672398664,33.505554787101595]}"
1261,34.053055700000016,-0.07238071508658278,0.23744833782569633,-0.25595476928688676,"{""type"":""Point"",""coordinates"":[72.80663229484387,33.50474061406905]}"
1262,26.810271320000027,-0.1513616212792907,0.3486646884272997,-0.32291486191482727,"{""type"":""Point"",""coordinates"":[72.83935741499089,33.73786485137904]}"
1263,32.35088173999998,0.010549943883277216,0.10567241193965672,-0.12565893876657608,"{""type"":""Point"",""coordinates"":[73.0132910339413,33.603106600499956]}"
1264,35.01351932,-0.0032454361054766734,0.1449452693541453,-0.17761904761904762,"{""type"":""Point"",""coordinates"":[72.88783503682394,33.57127955976053]}"
1265,32.47051243999999,-0.07878946850716417,0.2002772508390486,-0.21333480842276062,"{""type"":""Point"",""coordinates"":[73.25591076467151,33.57690854660636]}"
1266,32.25517718000003,-0.07029007633587786,0.24350787569178373,-0.24815724815724816,"{""type"":""Point"",""coordinates"":[73.24685844782151,33.59527005348479]}"
1267,30.68972402000003,-0.06690075771576419,0.21158487530168946,-0.21605111641623367,"{""type"":""Point"",""coordinates"":[73.01524696930576,33.688852194131165]}"
1268,33.22589486000004,-0.04584257374608865,0.18367487278228578,-0.21419250167530773,"{""type"":""Point"",""coordinates"":[73.17816693456352,33.55441520939126]}"
1269,32.66363057000001,-0.005674832119549797,0.11718558470213288,-0.13642922032811414,"{""type"":""Point"",""coordinates"":[73.07871620351004,33.66798177808385]}"
1270,30.462425690000032,-0.0709137263542224,0.22505265810934885,-0.23230713509597972,"{""type"":""Point"",""coordinates"":[72.83538364279764,33.781772567172766]}"
1271,31.855268840000008,-0.007673627974745022,0.14200792602377807,-0.15523385300668152,"{""type"":""Point"",""coordinates"":[73.26903010206713,33.65739834311522]}"
1272,33.90095381000003,0.015289459232925807,0.11109299329822102,-0.15776059808002718,"{""type"":""Point"",""coordinates"":[72.9254717767637,33.60054837352325]}"
1273,27.141819260000034,-0.09350149858803555,0.2681682104036487,-0.24712019126276896,"{""type"":""Point"",""coordinates"":[73.10869933701578,33.75583478327981]}"
1274,27.96556208000004,-0.16171341925701288,0.28209848136217214,-0.26636363636363636,"{""type"":""Point"",""coordinates"":[73.2781775761053,33.69661011387064]}"
1275,26.82394340000002,-0.14262988538992732,0.28612705001424327,-0.2573702009150587,"{""type"":""Point"",""coordinates"":[73.05866205019252,33.732786387408474]}"
1276,29.833510010000055,-0.07090110089249309,0.2419481952398466,-0.24281883664277326,"{""type"":""Point"",""coordinates"":[73.03123766022391,33.65535876818315]}"
1277,32.74566305000002,-0.03029069676429611,0.16253930123291058,-0.18418827254898432,"{""type"":""Point"",""coordinates"":[72.99346710465899,33.54449412735736]}"
1278,31.460487530000023,0.006774650489622467,0.13293173396090552,-0.15314349046316655,"{""type"":""Point"",""coordinates"":[72.81558913890044,33.666345292561594]}"
1279,34.80160208000001,0.035388368520916785,0.08713214079630698,-0.12481562126852568,"{""type"":""Point"",""coordinates"":[73.14592275904825,33.6228273345809]}"
1280,32.42266016000002,-0.01650318712343918,0.19479986315429354,-0.20017870029897936,"{""type"":""Point"",""coordinates"":[73.27741771051299,33.533470377437375]}"
1281,26.765837060000024,-0.08952002466682654,0.2597346009110715,-0.2497347427987582,"{""type"":""Point"",""coordinates"":[73.12519606211684,33.755988301349326]}"
1282,33.62580320000001,-4.3903295674061935E-4,0.1556614937282348,-0.18338872732308545,"{""type"":""Point"",""coordinates"":[72.96206331928586,33.600245602248954]}"
1283,26.84103349999998,-0.14251799094888346,0.2909174734900876,-0.26483511970760953,"{""type"":""Point"",""coordinates"":[72.97798932876292,33.73702259052698]}"
1284,28.44408487999999,-0.057039898711164494,0.23338005227470737,-0.24617268830373545,"{""type"":""Point"",""coordinates"":[73.12053435016576,33.5058582149245]}"
1285,31.920211220000056,0.011964393963564432,0.08969351490200218,-0.11103935708391634,"{""type"":""Point"",""coordinates"":[73.08791390716303,33.55757079516476]}"
1286,32.47051243999999,-0.024800652979217682,0.1902140226783826,-0.21087577432397345,"{""type"":""Point"",""coordinates"":[72.9287619036248,33.52306710126355]}"
1287,32.36626282999998,-0.02800439051885253,0.16942546190837762,-0.19152081972286214,"{""type"":""Point"",""coordinates"":[72.9462605807363,33.65759332306403]}"
1288,33.05670286999998,0.0031685678073510772,0.09633914725305362,-0.12457551385165326,"{""type"":""Point"",""coordinates"":[73.09195327137718,33.64381959462465]}"
1289,35.064789620000056,-0.07060889195459961,0.17952260872569,-0.2167622848590671,"{""type"":""Point"",""coordinates"":[73.21198114139611,33.698126880719485]}"
1290,31.26395137999998,-0.05338547261971266,0.2713944884340099,-0.2704061360927324,"{""type"":""Point"",""coordinates"":[73.02379284358238,33.696483914211306]}"
1291,25.439645300000052,-0.06911882053425543,0.2070873911364709,-0.1995225102319236,"{""type"":""Point"",""coordinates"":[73.0186904212237,33.79763604678672]}"
1292,29.24390156000004,-0.05372178395688511,0.21019771071800208,-0.216022786681329,"{""type"":""Point"",""coordinates"":[72.81769987942369,33.79851580408307]}"
1293,31.038362060000054,-0.06969449846308262,0.23163596966413869,-0.24154501437984638,"{""type"":""Point"",""coordinates"":[72.93695853195726,33.70074610844057]}"
1294,32.70635582,-0.030400391670874067,0.17959855676603495,-0.197808842884075,"{""type"":""Point"",""coordinates"":[72.91740161938732,33.61830536853891]}"
1295,34.316243240000006,-0.03780775130058032,0.14857722865842987,-0.18422287178376817,"{""type"":""Point"",""coordinates"":[72.81950461657601,33.589849862996964]}"
1296,32.20390687999998,-0.030226981205733087,0.23350694444444445,-0.2405896376884591,"{""type"":""Point"",""coordinates"":[73.01750313023659,33.65748146116134]}"
1297,29.42847463999999,-0.050594360939188524,0.20604488553061914,-0.22328986501944634,"{""type"":""Point"",""coordinates"":[73.20449180931493,33.748089404344874]}"
1298,33.020813660000044,-0.037723229215437096,0.21329423264907135,-0.22141310765597325,"{""type"":""Point"",""coordinates"":[72.9578135498362,33.709631198586315]}"
1299,30.323995879999984,-0.1078719969613522,0.26489826894582774,-0.2624346257889991,"{""type"":""Point"",""coordinates"":[72.84135934790378,33.77790694336018]}"
1300,30.125750720000042,-0.05978599164122477,0.24227789166463987,-0.25110224648330887,"{""type"":""Point"",""coordinates"":[73.06632063352251,33.69967439278298]}"
1301,34.22395670000003,0.007921298070780632,0.09524313269156176,-0.11330155202695437,"{""type"":""Point"",""coordinates"":[73.13891804391133,33.6045880384712]}"
1302,33.37970575999998,0.07251451749394497,0.0653259594436065,-0.08946322067594434,"{""type"":""Point"",""coordinates"":[73.01827247665284,33.64658876429763]}"
1303,31.745892200000014,-3.3683436935419664E-4,0.12663815698717065,-0.14898705683736635,"{""type"":""Point"",""coordinates"":[73.23303589759158,33.65236428586109]}"
1304,28.20995051,-0.11967732053507607,0.29449265096511423,-0.26404980114127613,"{""type"":""Point"",""coordinates"":[72.85889342153048,33.727015672466635]}"
1305,33.21564080000002,-0.023809130958470145,0.15225344004753857,-0.16696757692018355,"{""type"":""Point"",""coordinates"":[73.08934293357137,33.59667531884459]}"
1306,34.51619741000002,-0.02280159476772835,0.17942007025277223,-0.20164204764745097,"{""type"":""Point"",""coordinates"":[72.94853493587081,33.559069919873835]}"
1307,33.318181400000014,-0.025733768158908984,0.19550794747753975,-0.2263141105164286,"{""type"":""Point"",""coordinates"":[72.81980024749394,33.52011403908645]}"
1308,36.57726347000005,0.016371990229149702,0.0900916869430703,-0.11677892234548336,"{""type"":""Point"",""coordinates"":[73.01983117881255,33.685591044938256]}"
1309,30.282979640000008,-0.07955263490458739,0.23997532387415177,-0.24053803844687688,"{""type"":""Point"",""coordinates"":[73.13742528853359,33.652535590431896]}"
1310,34.27864502,0.0010223681764669433,0.13789148654609618,-0.16950474221569375,"{""type"":""Point"",""coordinates"":[72.96337831107081,33.556791478365106]}"
1311,26.01729068000003,-0.14977114427860697,0.2649647501861015,-0.24340377910730426,"{""type"":""Point"",""coordinates"":[73.01729188596974,33.73708955161842]}"
1312,35.20663745000002,0.017970040439710656,0.11785395899181457,-0.14750170546247152,"{""type"":""Point"",""coordinates"":[73.02969745671285,33.5488983961201]}"
1313,32.66533958000002,-0.03669008587041374,0.22321154436598095,-0.24521618336516757,"{""type"":""Point"",""coordinates"":[72.86279386784882,33.74841093558937]}"
1314,32.07573113000001,0.004057521331821708,0.12397306397306397,-0.15574636037876297,"{""type"":""Point"",""coordinates"":[73.06398514522502,33.54068650921194]}"
1315,24.27580949000003,-0.015352663950794793,0.2181079423489727,-0.2200956019273963,"{""type"":""Point"",""coordinates"":[73.08694583188986,33.78133506563886]}"
1316,33.46344725000006,-0.010744796406658251,0.16227803659442305,-0.18565328190646738,"{""type"":""Point"",""coordinates"":[72.93077452265995,33.687137025512484]}"
1317,30.990509780000025,-0.05550383155482346,0.19733528312616785,-0.19485994568081397,"{""type"":""Point"",""coordinates"":[73.10785076519525,33.721165621599276]}"
1318,27.070040840000047,-0.06911107136469326,0.23791575197779896,-0.22890625,"{""type"":""Point"",""coordinates"":[73.28656669262472,33.73692422123027]}"
1319,23.809249760000057,-0.11481133342285484,0.2122067555728609,-0.1909338688853823,"{""type"":""Point"",""coordinates"":[72.99927469662983,33.772347943009954]}"
1320,26.601772100000005,-0.10007709019552877,0.2704977741804937,-0.24787343986008425,"{""type"":""Point"",""coordinates"":[73.16068720043995,33.732705230749495]}"
1321,26.762419040000054,-0.04270266968049362,-0.03836835878077638,0.05466629742453614,"{""type"":""Point"",""coordinates"":[73.13465181992484,33.70330185036487]}"
1322,30.42653647999998,-0.10057011854846008,0.24822525188593716,-0.25319868789393235,"{""type"":""Point"",""coordinates"":[73.1407451426637,33.65447363988292]}"
1323,33.00714158000005,-0.010427807486631016,0.10780505679736167,-0.13466446479507582,"{""type"":""Point"",""coordinates"":[73.08966706659572,33.54640158840865]}"
1324,27.073458860000017,-0.1286699252257793,0.30303823012818115,-0.2926521835841922,"{""type"":""Point"",""coordinates"":[73.22191497624556,33.7726406174151]}"
1325,33.33868952,-0.03746785845475695,0.1948949372443943,-0.22034386533441355,"{""type"":""Point"",""coordinates"":[72.88905832208792,33.578081543499394]}"
1326,24.274100480000016,-0.13127121840814787,0.3443406798655211,-0.3169874844470468,"{""type"":""Point"",""coordinates"":[73.14327405192826,33.781884123282715]}"
1327,29.746350500000005,-0.03812404540145548,0.19251410485757534,-0.2080153336818261,"{""type"":""Point"",""coordinates"":[73.11367015983731,33.68140881079359]}"
1328,33.11310020000002,-0.04962741726249736,0.22214416186595476,-0.22952963211647878,"{""type"":""Point"",""coordinates"":[73.1994572191097,33.6717698759443]}"
1329,35.478370040000016,0.026547649998555623,0.08325832583258326,-0.12891122278056952,"{""type"":""Point"",""coordinates"":[73.29860805584188,33.530465386641076]}"
1330,30.166766960000018,0.012054794520547946,0.10106870229007633,-0.12092011190550202,"{""type"":""Point"",""coordinates"":[73.11388392654017,33.745939417754315]}"
1331,32.325246590000006,-0.04098704075588367,0.19750706332059165,-0.21673787129130853,"{""type"":""Point"",""coordinates"":[73.25744456617468,33.592864041006784]}"
1332,36.23717048000003,-0.011050390990610186,0.1255566946204393,-0.1480338715759882,"{""type"":""Point"",""coordinates"":[72.81190245418516,33.757656932187054]}"
1333,34.17268640000003,0.03269926634133386,0.08134788094707934,-0.10845665157682505,"{""type"":""Point"",""coordinates"":[73.01280783428258,33.61664301023212]}"
1334,33.71125370000004,-0.0058395900369443456,0.13053378876163688,-0.15842569399169612,"{""type"":""Point"",""coordinates"":[72.811738634553,33.74175102675607]}"
1335,29.107180760000006,-0.15948301773369403,0.3457057140863741,-0.33011516447141576,"{""type"":""Point"",""coordinates"":[72.98356486152055,33.74493621865686]}"
1336,28.016832379999983,-0.08404124246157836,0.26218430291819245,-0.25795770938370083,"{""type"":""Point"",""coordinates"":[72.88505969819458,33.73222526651341]}"
1337,34.109453030000054,-0.023287864313344713,0.1738708634256764,-0.19103171709806782,"{""type"":""Point"",""coordinates"":[73.22860906404651,33.59900736547006]}"
1338,33.15411644000005,-0.02881444728651114,0.1602140821575033,-0.19283953264015435,"{""type"":""Point"",""coordinates"":[72.93970426196478,33.59603494784178]}"
1339,31.66727774000003,-0.05067258521662193,0.21838480801335558,-0.22621068659537602,"{""type"":""Point"",""coordinates"":[72.97566676587277,33.67817401098115]}"
1340,32.65508552000006,-0.08054752035308502,0.24412855377008652,-0.24970683589708215,"{""type"":""Point"",""coordinates"":[73.09553372805516,33.54975038251127]}"
1341,31.400672180000015,-0.06311735105920357,0.22889662848730746,-0.2399826099558003,"{""type"":""Point"",""coordinates"":[73.2549824476157,33.579251581298095]}"
1342,33.119936240000015,-0.054556902250905086,0.18179573116951844,-0.20120486248072578,"{""type"":""Point"",""coordinates"":[73.25650133631932,33.581334679990384]}"
1343,29.17041413000004,-0.09020957451989416,0.27949245541838136,-0.2664391182183334,"{""type"":""Point"",""coordinates"":[73.170638797667,33.754737588079514]}"
1344,34.73836871000003,0.008051980351924393,0.09971048459364444,-0.126659604519774,"{""type"":""Point"",""coordinates"":[73.15900543536758,33.635743919576896]}"
1345,35.07846170000005,-0.02304969812330845,0.1457979414409913,-0.16837063958425325,"{""type"":""Point"",""coordinates"":[72.82235196068369,33.732453916354814]}"
1346,34.50765236000001,-0.019103218510254608,0.158553111643907,-0.1759394783712769,"{""type"":""Point"",""coordinates"":[72.89796519934838,33.64506908123799]}"
1347,33.00885059000001,-0.04787839492831929,0.21039842891855007,-0.23963251461589596,"{""type"":""Point"",""coordinates"":[72.99825434017711,33.65490468554153]}"
1348,30.925567399999977,-0.03603890926487004,0.10602922400340474,-0.14447608702034584,"{""type"":""Point"",""coordinates"":[73.15959498359783,33.65469856880985]}"
1349,33.786450140000056,-0.005555555555555556,0.13177121042585402,-0.162059877002095,"{""type"":""Point"",""coordinates"":[72.94604671398892,33.69441962513749]}"
1350,32.91827306000005,0.0010057760280467829,0.164077149745513,-0.19075184106867615,"{""type"":""Point"",""coordinates"":[72.99472671569,33.53948705696176]}"
1351,32.00907974000006,-0.06299310430515002,0.22928266101512268,-0.23034333992450118,"{""type"":""Point"",""coordinates"":[72.93213549161213,33.57087811952977]}"
1352,29.71558832000005,-0.09106932043032208,0.2401814401814402,-0.241260593220339,"{""type"":""Point"",""coordinates"":[72.85035152456395,33.77425423872652]}"
1353,29.71558832000005,-0.03957198316641112,0.19120780531568912,-0.1949600629992125,"{""type"":""Point"",""coordinates"":[73.08335636988541,33.5657351791711]}"
1354,32.85333068,-0.01600321921624466,0.19514992626577093,-0.2118068374806173,"{""type"":""Point"",""coordinates"":[73.2574434815879,33.62035003920293]}"
1355,31.24686128000002,0.013712908374320055,0.1303568762132298,-0.15387546680893224,"{""type"":""Point"",""coordinates"":[72.89287874167422,33.79251958369634]}"
1356,34.65462722000001,-0.028518298352309967,0.18396996122330814,-0.2073574406412711,"{""type"":""Point"",""coordinates"":[73.23250371849434,33.66326284632003]}"
1357,32.13896450000004,-0.0076154502254173265,0.14425072644250728,-0.17610666666666666,"{""type"":""Point"",""coordinates"":[73.05497065952596,33.511158551158154]}"
1358,34.77596692999998,-0.012658227848101266,0.13779170152548106,-0.15925207203612687,"{""type"":""Point"",""coordinates"":[72.893338445608,33.67315320877083]}"
1359,27.102512030000014,-0.1684981684981685,0.31428,-0.2879794594382705,"{""type"":""Point"",""coordinates"":[72.90818905517273,33.781858429490676]}"
1360,34.42220186000003,0.009555209573526268,0.10896910035548264,-0.13143853530950306,"{""type"":""Point"",""coordinates"":[72.9972450820243,33.571155285204064]}"
1361,32.60039720000003,-0.04144812587949341,0.17322380746505261,-0.18604312354312355,"{""type"":""Point"",""coordinates"":[73.15944276042372,33.68122967521153]}"
1362,29.657481980000057,-0.11880559085133419,0.2854535869256661,-0.2556647124069086,"{""type"":""Point"",""coordinates"":[72.88178370674227,33.69859846834181]}"
1363,31.04007107000001,-0.11195433919903872,0.2939488160727099,-0.2856228863906407,"{""type"":""Point"",""coordinates"":[72.90758874550991,33.760332342951784]}"
1364,33.487373390000016,-0.0031661582500831296,0.17672596537046145,-0.20108705059631996,"{""type"":""Point"",""coordinates"":[72.94138982084105,33.50998435297895]}"
1365,34.350423439999986,-0.0124355474673946,0.16731653581857286,-0.19335752462327727,"{""type"":""Point"",""coordinates"":[72.95057399119024,33.57322299507063]}"
1366,34.14192422000002,-0.0279711738121412,0.1924902585901523,-0.20806717864063734,"{""type"":""Point"",""coordinates"":[72.87754484023277,33.53903928748026]}"
1367,37.57019828,0.028490379871731624,0.07071736840316716,-0.0990268233980955,"{""type"":""Point"",""coordinates"":[73.00844553307721,33.619988345447155]}"
1368,34.84090931000003,-0.015485568464598753,0.14710305808207405,-0.1617465728584899,"{""type"":""Point"",""coordinates"":[72.97554171459795,33.69317907490688]}"
1369,32.68242968000004,0.004761904761904762,0.10638923608558194,-0.12403361344537815,"{""type"":""Point"",""coordinates"":[73.05852260277811,33.658153465555515]}"
1370,30.72561323000002,-0.051058891789962285,0.19051444010369126,-0.20423237433984562,"{""type"":""Point"",""coordinates"":[72.87648305529893,33.6813978537532]}"
1371,34.84261832000004,-0.011303372829479682,0.15394190871369295,-0.18884257774927862,"{""type"":""Point"",""coordinates"":[73.24424124709523,33.533379943659675]}"
1372,32.49102056000004,0.014048911023563518,0.12731599524052353,-0.1564886827328846,"{""type"":""Point"",""coordinates"":[72.95687048331757,33.59910831682154]}"
1373,33.57111487999998,-0.04479037341228154,0.18300111739898353,-0.2051555098593618,"{""type"":""Point"",""coordinates"":[72.90454138856991,33.55890182294817]}"
1374,33.13360832000001,0.030924300603400987,0.06885989790130459,-0.09223694887746822,"{""type"":""Point"",""coordinates"":[73.011846286361,33.69646149229451]}"
1375,26.39669090000001,-0.08251268278125932,0.2386358786119766,-0.22488603748100625,"{""type"":""Point"",""coordinates"":[72.9260821144132,33.740094406618674]}"
1376,30.24196340000003,-0.0923427585782049,0.281769553274541,-0.2667976424361493,"{""type"":""Point"",""coordinates"":[73.06471615354288,33.73042514768841]}"
1377,23.048740310000028,-0.16178183415118477,0.2960020447719866,-0.2700857912204897,"{""type"":""Point"",""coordinates"":[73.22237745705505,33.79821254006565]}"
1378,25.05340904000002,-0.06615015679763882,0.22459530468683786,-0.21297850906648758,"{""type"":""Point"",""coordinates"":[73.26578334201729,33.79392528921759]}"
1379,27.859603460000017,-0.0961470370489587,0.2559563325219444,-0.2617265653945906,"{""type"":""Point"",""coordinates"":[73.23724723947731,33.76084394694343]}"
1380,24.23992027999998,-0.18361415141468732,0.37578743621326766,-0.35845712796455564,"{""type"":""Point"",""coordinates"":[73.12750263295911,33.790957544358605]}"
1381,34.37434958000006,-0.033608116677235254,0.19189386817089732,-0.21754286120793911,"{""type"":""Point"",""coordinates"":[72.90300847035374,33.54477126249701]}"
1382,32.10820232000003,-0.04603875813874737,0.2200718132854578,-0.23557753495390993,"{""type"":""Point"",""coordinates"":[72.82394933578044,33.71731104101462]}"
1383,26.290732280000043,-0.08537875581887432,0.295164751925262,-0.3104263132684017,"{""type"":""Point"",""coordinates"":[73.06397658706518,33.780642787933736]}"
1384,23.959642640000027,-0.07351992776989552,0.16865975521284313,-0.16264667535853977,"{""type"":""Point"",""coordinates"":[72.9994875054565,33.77313652006853]}"
1385,31.236607219999996,-0.0372794275054283,0.20072217502124043,-0.2174443646805456,"{""type"":""Point"",""coordinates"":[73.24281424103403,33.6057106003134]}"
1386,33.18146060000004,-0.04320068803546029,0.17877700530761756,-0.20012938579800593,"{""type"":""Point"",""coordinates"":[72.835516661755,33.59048723806729]}"
1387,35.150240120000035,0.033617182481511375,0.07424428291557574,-0.10466364166964773,"{""type"":""Point"",""coordinates"":[72.90850775288749,33.64882307199946]}"
1388,32.85333068,-0.06391603557175628,0.22699186402594815,-0.23360842396749923,"{""type"":""Point"",""coordinates"":[72.99925991002249,33.6735102512582]}"
1389,31.909957159999976,-0.02869050495288717,0.17653967047770372,-0.20076144816159622,"{""type"":""Point"",""coordinates"":[73.23290481397541,33.58882145905229]}"
1390,26.93673806000004,-0.1523133847041651,0.3109600679694138,-0.2774620855755842,"{""type"":""Point"",""coordinates"":[72.87410517167528,33.78663383600481]}"
1391,33.14215337000002,0.00854537338179963,0.09888323437941758,-0.12070643359163813,"{""type"":""Point"",""coordinates"":[73.1052454306567,33.67351957557329]}"
1392,36.428579600000035,-0.004962957635042797,0.042484294092191066,-0.0705364941692079,"{""type"":""Point"",""coordinates"":[72.85316449133703,33.6711080365368]}"
1393,31.108431470000028,-0.10618510308505141,0.27016630624079,-0.2589389024829758,"{""type"":""Point"",""coordinates"":[73.26714421599699,33.61286960806803]}"
1394,32.62090532000002,-0.007917802165426825,0.06837123060407924,-0.11251575139221982,"{""type"":""Point"",""coordinates"":[73.07818350103682,33.72149120200394]}"
1395,32.28593936000004,-0.01780472239948947,0.1595477843614817,-0.1816262270790887,"{""type"":""Point"",""coordinates"":[72.96171076648675,33.51253741108735]}"
1396,33.64460230999998,0.05618108969672155,0.07772712852109737,-0.11129476584022038,"{""type"":""Point"",""coordinates"":[72.80810999920884,33.546758471691966]}"
1397,30.628199660000007,-0.057565196490806395,0.2315012419969912,-0.23604185687197135,"{""type"":""Point"",""coordinates"":[73.13519250719112,33.66139418685672]}"
1398,30.717068180000012,-0.026709385486736414,0.1790061028770706,-0.18991975221737295,"{""type"":""Point"",""coordinates"":[73.03202349339865,33.61144678844924]}"
1399,31.598917340000014,-0.16611495636473067,0.33519399076562606,-0.3074431473108847,"{""type"":""Point"",""coordinates"":[73.12360630193642,33.613882671975375]}"
1400,28.87988243000001,-0.07562766970898252,0.23309436155783764,-0.24316740956473867,"{""type"":""Point"",""coordinates"":[72.86043555010507,33.787106494172654]}"
1401,32.05009598000004,-0.03424872387144609,0.1942048073756997,-0.217332930554157,"{""type"":""Point"",""coordinates"":[72.94004088315405,33.578555253335516]}"
1402,31.858686860000034,-0.0717347813661046,0.22495644599303136,-0.23994268709357433,"{""type"":""Point"",""coordinates"":[72.8138265152854,33.514444843612395]}"
1403,31.90824815000002,-0.013452640901525446,0.1595038434661076,-0.1788632326820604,"{""type"":""Point"",""coordinates"":[72.95325042134908,33.51365943263209]}"
1404,31.668986750000045,-0.08299323966478707,0.2177461729778961,-0.23777817340217197,"{""type"":""Point"",""coordinates"":[73.15472604681017,33.543374142500305]}"
1405,31.012726910000026,-0.08319052049160261,0.24926586853399593,-0.245140712945591,"{""type"":""Point"",""coordinates"":[73.00985202703679,33.71387825201448]}"
1406,36.03208928000004,7.66554631758948E-4,0.09473820213831197,-0.12530712530712532,"{""type"":""Point"",""coordinates"":[73.15168272697602,33.62523799760583]}"
1407,24.470636630000058,-0.0758647658999609,0.25045968225110016,-0.23787708354637488,"{""type"":""Point"",""coordinates"":[72.94709972337344,33.77387858670988]}"
1408,31.619425460000002,-0.031651101019621285,0.1491562953348095,-0.15541992937202517,"{""type"":""Point"",""coordinates"":[73.00116082750908,33.61156500833044]}"
1409,32.72002789999999,-0.037721977151905894,0.21251569417828586,-0.2314765100671141,"{""type"":""Point"",""coordinates"":[72.92481546414652,33.67936899522533]}"
1410,25.685742740000023,-0.1359167148640833,0.3066935483870968,-0.28233944046535553,"{""type"":""Point"",""coordinates"":[72.92155371210549,33.75079994517867]}"
1411,34.76742188000003,-0.061889644746787605,0.19556115328318072,-0.22662661963468725,"{""type"":""Point"",""coordinates"":[73.20142962269112,33.663246349611825]}"
1412,34.463218100000006,0.005479244137512332,0.14534426401440334,-0.170573102758325,"{""type"":""Point"",""coordinates"":[72.91099573027778,33.56644531710777]}"
1413,36.95153665999999,-0.006604398028976981,0.09394632095528878,-0.12341585133626633,"{""type"":""Point"",""coordinates"":[73.15269343221651,33.53446828419338]}"
1414,31.58866327999999,-0.017038833422569368,0.17295363324313034,-0.19571214337289172,"{""type"":""Point"",""coordinates"":[72.83863767773663,33.58131149781672]}"
1415,28.678219249999984,-0.11120107962213226,0.24277413025432043,-0.23707932692307693,"{""type"":""Point"",""coordinates"":[73.14393014720763,33.64809833335059]}"
1416,31.315221680000036,-0.06352659289384911,0.21157921201020005,-0.22669090909090908,"{""type"":""Point"",""coordinates"":[72.93915130104843,33.654018623110204]}"
1417,32.761044140000024,-0.03492516037063435,0.20737527114967463,-0.2245975578453302,"{""type"":""Point"",""coordinates"":[72.86935752464655,33.68806093428185]}"
1418,30.447044600000027,-0.04147292869402403,0.1706068046299544,-0.20557743019181446,"{""type"":""Point"",""coordinates"":[73.16690578851852,33.66458405563944]}"
1419,32.95758029000001,-0.03245116572148708,0.12215352420812328,-0.15559125460387116,"{""type"":""Point"",""coordinates"":[73.28305063891624,33.52206351215785]}"
1420,31.069124240000008,-0.0555849655902594,0.2108590819789248,-0.22481572481572482,"{""type"":""Point"",""coordinates"":[73.18769710716442,33.70244543355033]}"
1421,33.25494803000004,-0.003053409071524828,0.0523282866244318,-0.09054154302670624,"{""type"":""Point"",""coordinates"":[73.27184928353083,33.522278418409975]}"
1422,33.47882834000001,-0.027165302829900727,0.18681355590635812,-0.22525052879780852,"{""type"":""Point"",""coordinates"":[72.91746488426291,33.69004647956586]}"
1423,32.877256820000014,-0.041840618860510805,0.1841939986043266,-0.21139328609926294,"{""type"":""Point"",""coordinates"":[73.16449752523391,33.65640097502792]}"
1424,32.04155093000003,-0.06984873522308377,0.21773099669035864,-0.22870855307578605,"{""type"":""Point"",""coordinates"":[73.28874984584023,33.573983917524025]}"
1425,37.13098271000001,0.006081259731484474,0.09605727799915767,-0.13250874520896447,"{""type"":""Point"",""coordinates"":[73.16291075950903,33.526453213079115]}"
1426,31.98173558000002,-0.08065381800439131,0.22209347238315952,-0.22733066110054123,"{""type"":""Point"",""coordinates"":[73.2336989872548,33.649581360807495]}"
1427,31.5749912,-0.04029047785606023,0.16550038254119315,-0.17506067390363667,"{""type"":""Point"",""coordinates"":[72.99874795529425,33.677702691138826]}"
1428,29.233647500000018,-0.03330601540731028,0.17536729062569917,-0.1839317908653846,"{""type"":""Point"",""coordinates"":[73.12032994828628,33.72371025867319]}"
1429,31.949264390000053,-0.012922239854908184,0.19013371690373448,-0.2053306476269266,"{""type"":""Point"",""coordinates"":[72.8598515932656,33.63678921861368]}"
1430,31.42459832000003,-0.047067453161771446,0.212150160987864,-0.22717340688469392,"{""type"":""Point"",""coordinates"":[73.24742973631768,33.583648888313824]}"
1431,21.43372585999998,-0.050971471898398256,0.209247546346783,-0.20679973010034172,"{""type"":""Point"",""coordinates"":[73.1202970611285,33.79696436707596]}"
1432,31.24686128000002,-0.08222255503968848,0.22482880195267477,-0.24943804682366774,"{""type"":""Point"",""coordinates"":[73.10593419016585,33.67992303736597]}"
1433,21.13977613999998,-0.08110909562062711,0.13406545612699794,-0.11550802139037433,"{""type"":""Point"",""coordinates"":[72.99609310116806,33.782861220602456]}"
1434,26.304404360000035,-0.08655762361346117,0.2386994448850119,-0.22186046511627908,"{""type"":""Point"",""coordinates"":[72.95353215131081,33.744294191760495]}"
1435,31.945846370000027,0.014157168566286743,0.126658211359819,-0.15112247399572726,"{""type"":""Point"",""coordinates"":[72.93959676257624,33.57927937219322]}"
1436,28.20311447000006,-0.11780714635340186,0.23388804841149774,-0.21229880664203507,"{""type"":""Point"",""coordinates"":[73.27119799921422,33.5907949815877]}"
1437,30.67263392000001,-0.08402100525131283,0.2090670520670901,-0.2134977287475665,"{""type"":""Point"",""coordinates"":[73.12148332900371,33.60421761252813]}"
1438,24.49627178000003,-0.007195144841393981,0.15360636353864346,-0.17435074409104173,"{""type"":""Point"",""coordinates"":[72.9798576780351,33.77482802228158]}"
1439,33.58478696000003,-0.035087192724434974,0.18488232262497853,-0.20239880059970014,"{""type"":""Point"",""coordinates"":[72.82340554664468,33.62675224147532]}"
1440,28.291982990000008,-0.07333735875097042,0.2360630985020066,-0.22385710913525847,"{""type"":""Point"",""coordinates"":[72.89922259757668,33.779865874440695]}"
1441,33.888990740000054,-0.053714930212885946,0.15593705293276108,-0.16091954022988506,"{""type"":""Point"",""coordinates"":[73.04421159274803,33.58518545272547]}"
1442,30.549585200000024,-0.07023749368367863,0.23963858506785676,-0.2552505833981554,"{""type"":""Point"",""coordinates"":[73.24821039242235,33.77735650378224]}"
1443,31.53226595000001,-0.05731360532838613,0.22229058627054585,-0.23321686383710824,"{""type"":""Point"",""coordinates"":[73.00054136580698,33.51068535340744]}"
1444,32.005661720000035,-0.05952308349088248,0.22027112453466322,-0.2234937849924293,"{""type"":""Point"",""coordinates"":[73.05083009145444,33.63061543116024]}"
1445,26.683804580000015,-0.11323276685125072,0.25381736848896724,-0.23516949152542374,"{""type"":""Point"",""coordinates"":[73.29157574164128,33.74911006338256]}"
1446,34.21712065999998,-0.044096184585447215,0.13956839989380665,-0.1671004078461837,"{""type"":""Point"",""coordinates"":[72.90167856928161,33.695721476702694]}"
1447,33.96418718000001,-0.042224480478357564,0.18722947354293193,-0.20485579051316102,"{""type"":""Point"",""coordinates"":[72.80960620189654,33.677499185408934]}"
1448,33.17291555000003,-0.03730267898080828,0.18576616375276103,-0.15772351780100885,"{""type"":""Point"",""coordinates"":[73.06960243339267,33.57282264082334]}"
1449,30.872588090000022,-0.010144491270319085,0.17733532146302955,-0.18752211763040555,"{""type"":""Point"",""coordinates"":[73.00010674442578,33.71048388670371]}"
1450,33.36603367999999,-0.03031111111111111,0.17347506960263223,-0.2065160820235245,"{""type"":""Point"",""coordinates"":[72.86113211921565,33.68185625423018]}"
1451,29.954849720000027,-0.04996955030609956,0.19628966877259613,-0.21451876019575855,"{""type"":""Point"",""coordinates"":[73.09837882655802,33.67630971137883]}"
1452,34.43587394000002,-0.0021179851000488765,0.14966356283558757,-0.18326017383396584,"{""type"":""Point"",""coordinates"":[72.91388532979201,33.52972429584473]}"
1453,29.809583869999983,-7.989429370371509E-4,0.11322270264727496,-0.134472368810631,"{""type"":""Point"",""coordinates"":[72.82105991938876,33.7720312441808]}"
1454,34.07014579999998,-0.03059730697317119,0.1755253194901384,-0.2020760426704536,"{""type"":""Point"",""coordinates"":[73.25255393055245,33.55315954807988]}"
1455,29.39087642000004,-0.009976701117151562,0.1602498112689589,-0.18137032249047902,"{""type"":""Point"",""coordinates"":[73.15029555272977,33.74810162590896]}"
1456,30.269307560000016,-0.04242649795310755,0.2059414466130884,-0.2186208396780509,"{""type"":""Point"",""coordinates"":[72.81971943983423,33.667201989324575]}"
1457,32.49272957000005,-0.021106726622006057,0.1636078431372549,-0.1907114448269097,"{""type"":""Point"",""coordinates"":[72.90355913921165,33.570996820307805]}"
1458,29.74805951000002,-0.05596229064286431,0.20439250376527557,-0.20436954283753384,"{""type"":""Point"",""coordinates"":[73.11075694743022,33.50573957015326]}"
1459,29.11401680000006,-0.09783201633391,0.2918951635089779,-0.2837485647633454,"{""type"":""Point"",""coordinates"":[72.9334883404912,33.728116868329806]}"
1460,28.56029755999998,-0.038303116790451786,0.20217799474277132,-0.20371484433749437,"{""type"":""Point"",""coordinates"":[73.12784053390945,33.72036556194747]}"
1461,29.32080701000001,-0.07059066961656613,0.2421421975992613,-0.2401268483351156,"{""type"":""Point"",""coordinates"":[72.8918830241125,33.7878059159916]}"
1462,32.86700275999999,-0.039243188397147036,0.21749466839142748,-0.23986185779898173,"{""type"":""Point"",""coordinates"":[73.28822286099067,33.626531701699285]}"
1463,28.80297698000004,-0.05569117599192787,0.18862461978231393,-0.20950178997613364,"{""type"":""Point"",""coordinates"":[73.22091788853848,33.7270665437796]}"
1464,31.479286640000055,-0.04579988971264016,0.2254370535233514,-0.22660390578681663,"{""type"":""Point"",""coordinates"":[73.09643586755915,33.60021799288366]}"
1465,32.477348480000046,-0.021432853717026377,0.17148554336989033,-0.20572520434521072,"{""type"":""Point"",""coordinates"":[73.00167742213787,33.5911926430075]}"
1466,31.40409020000004,-0.07256487156082932,0.20128518748402643,-0.21755541575694778,"{""type"":""Point"",""coordinates"":[73.29110735800576,33.671450138612336]}"
1467,29.11401680000006,-0.061034242301904795,0.22070683612717984,-0.2104337631887456,"{""type"":""Point"",""coordinates"":[73.29901841057433,33.62700592235542]}"
1468,31.293004549999978,-0.05690469742108272,0.20716973998522056,-0.21550441252811905,"{""type"":""Point"",""coordinates"":[72.96495711695476,33.67668979157562]}"
1469,33.871900640000035,0.07157954509605981,0.0562015503875969,-0.0801189121738173,"{""type"":""Point"",""coordinates"":[72.97532511605013,33.61909797243463]}"
1470,28.416740720000007,-0.03606388459556929,0.049062312527713293,-0.02450455958021295,"{""type"":""Point"",""coordinates"":[72.81752864577237,33.56633353662567]}"
1471,31.24686128000002,-0.018264127380580704,0.15180195292497306,-0.1779471251083502,"{""type"":""Point"",""coordinates"":[73.06891717662384,33.52839051571431]}"
1472,31.81254359000002,-0.022582152312723876,0.1466992665036675,-0.1468773046617242,"{""type"":""Point"",""coordinates"":[73.09659069039787,33.59433574631327]}"
1473,29.70875228,-0.06312386771340273,0.21033687871557408,-0.2035711413174616,"{""type"":""Point"",""coordinates"":[72.8466351401226,33.72791466482004]}"
1474,33.89240876000002,-0.06759577405992101,0.21967862645828748,-0.22837613153519307,"{""type"":""Point"",""coordinates"":[72.94338048979368,33.52838545074348]}"
1475,32.97637940000004,-0.06038894575230297,0.20384520581710625,-0.22665135804240968,"{""type"":""Point"",""coordinates"":[73.1642095937365,33.50198293718864]}"
1476,33.81721232000001,0.032708381191355516,0.04807673897643072,-0.06551952349437459,"{""type"":""Point"",""coordinates"":[73.07276448853378,33.610652728617474]}"
1477,35.04428150000001,-0.0212344667486003,0.13409409713007545,-0.13932053625837904,"{""type"":""Point"",""coordinates"":[73.05565926450929,33.58283241798506]}"
1478,32.783261270000025,-0.01508886694643298,0.14134545328383583,-0.16656028368794326,"{""type"":""Point"",""coordinates"":[72.9268344336578,33.70971890371328]}"
1479,32.06376806000003,0.01781612415261359,0.10836441803123222,-0.1479929277715932,"{""type"":""Point"",""coordinates"":[73.21955613016321,33.60293532837619]}"
1480,26.290732280000043,-0.07240856346771064,0.24963011671872432,-0.2313611144858867,"{""type"":""Point"",""coordinates"":[73.15844888628052,33.76265450812399]}"
1481,34.32307928,-0.050498388668215544,0.18812619729770966,-0.22475228492039914,"{""type"":""Point"",""coordinates"":[72.83518876003914,33.52979058301509]}"
1482,32.80547840000003,-0.07017543859649122,0.22185653112503095,-0.23373235661961766,"{""type"":""Point"",""coordinates"":[73.15911175378699,33.67112402643445]}"
1483,28.60814984000001,-0.08572874173860798,0.24570060227849938,-0.24497788091957357,"{""type"":""Point"",""coordinates"":[72.84204418837213,33.79421425887687]}"
1484,24.814147639999987,-0.10048554615904048,0.3008970655313973,-0.2876815411242381,"{""type"":""Point"",""coordinates"":[72.99484651426951,33.761689676890796]}"
1485,31.97831756000005,0.02474961806144967,0.16720165779529478,-0.1786476284260627,"{""type"":""Point"",""coordinates"":[72.80071608466432,33.55391339364948]}"
1486,35.25619874000006,0.012772867805502639,0.10531468531468531,-0.12827468056249555,"{""type"":""Point"",""coordinates"":[73.16470850243608,33.55486704979458]}"
1487,28.03392248,-0.0875418574454999,0.23675927724888285,-0.24405878674171358,"{""type"":""Point"",""coordinates"":[73.28584411830613,33.72833190115714]}"
1488,28.628657960000055,-0.12477266822551313,0.3032549388523048,-0.277253282195014,"{""type"":""Point"",""coordinates"":[73.0187589000523,33.66780572503407]}"
1489,27.845931380000025,-0.14039058798757698,0.3058468957203134,-0.27477786713218133,"{""type"":""Point"",""coordinates"":[72.9064826093361,33.756355670605615]}"
1490,24.34929692000003,-0.1390108909123371,0.298144229203972,-0.27929734499077563,"{""type"":""Point"",""coordinates"":[73.05393267035848,33.780680060032296]}"
1491,30.87087908000001,-0.07043299247409807,0.18081977588325082,-0.18700647430859624,"{""type"":""Point"",""coordinates"":[72.99389156677444,33.67481044719457]}"
1492,35.068207640000026,0.02013586377067658,0.052896890343698856,-0.09770330682865236,"{""type"":""Point"",""coordinates"":[73.22552887800575,33.53707543785051]}"
1493,31.038362060000054,-0.06433811158220606,0.2438065277231616,-0.2407814216224698,"{""type"":""Point"",""coordinates"":[72.9850140530762,33.71339200147301]}"
1494,34.01203945999998,-0.020353374539551727,0.16229286679468033,-0.20191211619783048,"{""type"":""Point"",""coordinates"":[72.84020793827158,33.58753308821068]}"
1495,32.610651260000054,-0.020248163466880673,0.18946345676346757,-0.21174572915902926,"{""type"":""Point"",""coordinates"":[72.83810148951082,33.746724532174554]}"
1496,33.12677228000001,0.03764553482567416,0.07844282755324233,-0.10428713858424726,"{""type"":""Point"",""coordinates"":[72.99287708608742,33.657646501512275]}"
1497,31.797162500000013,-0.03133421069123269,0.16447903767910843,-0.18703115983843047,"{""type"":""Point"",""coordinates"":[73.22733207242686,33.56620433275979]}"
1498,32.59014314000001,-0.038170619303302074,0.21907641561297417,-0.2353115262085894,"{""type"":""Point"",""coordinates"":[73.26362435156285,33.66797500900242]}"
1499,28.445793890000004,-0.0861393265616252,0.28023832418877387,-0.26384364820846906,"{""type"":""Point"",""coordinates"":[73.08333994616014,33.68446633091344]}"
1500,31.340856830000007,2.2105554020447637E-4,0.20426027625228824,-0.2244124464899071,"{""type"":""Point"",""coordinates"":[73.0353360276473,33.72096561374577]}"
1501,30.04542724999999,-0.050776923851394436,0.20203474421729534,-0.20141207167798628,"{""type"":""Point"",""coordinates"":[72.90436113906065,33.73662935920601]}"
1502,33.58136894000006,9.203336209375898E-4,0.11389726159173988,-0.15847395451210564,"{""type"":""Point"",""coordinates"":[72.84745699543595,33.611160300872285]}"
1503,35.374120430000005,-0.00459534968931772,0.11739034454651973,-0.15836355314579445,"{""type"":""Point"",""coordinates"":[73.20426575805091,33.53451740192971]}"
1504,29.83863703999998,-0.07038474438215706,0.2218110221865714,-0.2472317856145901,"{""type"":""Point"",""coordinates"":[73.29984908103447,33.69931926647437]}"
1505,28.679928259999997,-0.10046435742971888,0.29262180290410555,-0.27979274611398963,"{""type"":""Point"",""coordinates"":[72.83804656307575,33.73655955580876]}"
1506,33.71808973999998,0.002271055241019736,0.09854194548143974,-0.13190840802699857,"{""type"":""Point"",""coordinates"":[73.22246525863841,33.521976826317285]}"
1507,31.762982300000033,-0.06746295067462951,0.20366279484073255,-0.21811560235098978,"{""type"":""Point"",""coordinates"":[73.2032782363435,33.549732533194295]}"
1508,33.23443990999999,0.005145223162637764,0.12290166835621381,-0.15333980411188564,"{""type"":""Point"",""coordinates"":[73.19163837017271,33.50996675705243]}"
1509,33.08233802000001,0.03557994271318632,0.04861072024915105,-0.0646500819078822,"{""type"":""Point"",""coordinates"":[73.05953857144074,33.62015006676356]}"
1510,30.95803859,-0.03915844410013863,0.22126811316414935,-0.22700662455707904,"{""type"":""Point"",""coordinates"":[72.87537391351836,33.71860104552152]}"
1511,32.648249480000004,-0.06330194315627756,0.2689800353116936,-0.26867850232526563,"{""type"":""Point"",""coordinates"":[72.97961633380362,33.72491437364486]}"
1512,29.404548500000033,-0.0934980095947739,0.25481698389458274,-0.25073941469489414,"{""type"":""Point"",""coordinates"":[73.2523380690601,33.79919146077827]}"
1513,25.37812094000003,-0.06728599867285999,0.20857038579617423,-0.19743895175699822,"{""type"":""Point"",""coordinates"":[72.96685761139751,33.782608053469694]}"
1514,32.333791640000015,-0.04055310969182117,0.1760459737893335,-0.18706893502635022,"{""type"":""Point"",""coordinates"":[72.81079342885471,33.75533279203871]}"
1515,29.876235260000044,-0.11147540983606558,0.29751896657781424,-0.29486392469817885,"{""type"":""Point"",""coordinates"":[72.87803814022395,33.506335637185344]}"
1516,33.340398530000016,0.011979982813526765,0.09788429133121139,-0.11778722430850759,"{""type"":""Point"",""coordinates"":[73.03120742266495,33.62406383760122]}"
1517,33.871900640000035,-0.008108262433620738,0.14769550802834297,-0.18545625461626267,"{""type"":""Point"",""coordinates"":[72.95538317989947,33.56991288129781]}"
1518,36.22691642000001,-0.015345945230850642,0.10706429627492697,-0.15261873474751267,"{""type"":""Point"",""coordinates"":[72.93486168858959,33.7062344722252]}"
1519,30.156512900000052,-0.07388876335582169,0.23201125800836944,-0.2388932335307042,"{""type"":""Point"",""coordinates"":[73.14521693121286,33.708004848717025]}"
1520,30.740994320000027,0.016933815925542915,0.09578185223875221,-0.1323283082077052,"{""type"":""Point"",""coordinates"":[73.25255830288316,33.776877412780784]}"
1521,30.70339610000002,-0.051094890510948905,0.22047158535260242,-0.22756334359460098,"{""type"":""Point"",""coordinates"":[72.87842966593583,33.678757536185444]}"
1522,33.17975159000002,-0.030985659279022526,0.16176973009907755,-0.197148389368069,"{""type"":""Point"",""coordinates"":[73.22943812994932,33.67409097673673]}"
1523,33.33698050999999,-0.05925327299175691,0.1954761036118205,-0.21069257911363173,"{""type"":""Point"",""coordinates"":[73.2649376516636,33.57958390766756]}"
1524,34.26155491999998,0.02355815373876625,0.09963643509875209,-0.14685386349661816,"{""type"":""Point"",""coordinates"":[72.97553581777295,33.55236646556712]}"
1525,29.144778980000012,-0.06614619865206917,0.26323396567299007,-0.27180457282136167,"{""type"":""Point"",""coordinates"":[72.99522129816235,33.75067916155255]}"
1526,33.26178407000003,0.01773717206956702,0.048639280182904344,-0.08851844054431664,"{""type"":""Point"",""coordinates"":[72.97045166534859,33.646097034175234]}"
1527,36.02867126000001,-0.01992080045947825,0.16654565570653113,-0.18585688176578097,"{""type"":""Point"",""coordinates"":[72.83761858106755,33.68560290215853]}"
1528,33.321599419999984,-0.012000355566090847,0.18265867931715088,-0.1994381035996488,"{""type"":""Point"",""coordinates"":[72.91040253683867,33.53211345053633]}"
1529,34.27522700000003,-3.721622627465575E-4,0.10993234443985643,-0.16286189683860233,"{""type"":""Point"",""coordinates"":[73.03572218636766,33.501346679420365]}"
1530,33.677073500000006,-0.003326996197718631,0.1330045956190668,-0.1619250748219753,"{""type"":""Point"",""coordinates"":[72.9492986393214,33.57902485572773]}"
1531,28.39281458000005,-0.11526257620592535,0.2509797648564345,-0.23967662677340096,"{""type"":""Point"",""coordinates"":[73.13253796645215,33.71229925018485]}"
1532,31.80741655999998,-0.05085159636163848,0.22628673196794302,-0.23601637107776263,"{""type"":""Point"",""coordinates"":[72.83263827870265,33.75090810186181]}"
1533,34.27009997000005,0.006718036956684372,0.14047655860777544,-0.1742875842428316,"{""type"":""Point"",""coordinates"":[72.92844382986762,33.60897068091011]}"
1534,33.84797450000002,-0.0033222591362126247,0.11407633892221539,-0.14646283281177858,"{""type"":""Point"",""coordinates"":[73.11556117318055,33.59527044398545]}"
1535,31.315221680000036,0.020185109138579144,0.10227434257285004,-0.12136220671703843,"{""type"":""Point"",""coordinates"":[73.11816461920266,33.68521883512173]}"
1536,26.786345180000012,-0.12454074099508979,0.28972551490568266,-0.27313015083190795,"{""type"":""Point"",""coordinates"":[73.21636134785317,33.784992632123455]}"
1537,31.629679520000025,0.0015782828282828283,0.13352924311926606,-0.15391631097004851,"{""type"":""Point"",""coordinates"":[73.26962937346718,33.61455698598922]}"
1538,30.891387200000054,-0.06238978412891456,0.22401653413668687,-0.23265248527181007,"{""type"":""Point"",""coordinates"":[72.81387446297379,33.72586760895689]}"
1539,31.166537810000023,-0.11807084603054377,0.26364197407975154,-0.2444418303728973,"{""type"":""Point"",""coordinates"":[73.11968189582363,33.57232153448898]}"
1540,30.710232140000016,-0.021731942649313173,0.1727849848192106,-0.19123882950762222,"{""type"":""Point"",""coordinates"":[73.15324293069463,33.66264508152505]}"
1541,34.51619741000002,-0.005743777574294514,0.14076195571781516,-0.19310719399595122,"{""type"":""Point"",""coordinates"":[73.15278119514026,33.50849353955364]}"
1542,31.513466839999978,-0.07154761904761905,0.2277997544673305,-0.23343610825625213,"{""type"":""Point"",""coordinates"":[72.90494236528403,33.62773154353292]}"
1543,31.335729800000024,-0.02548962291727565,0.17417497824486244,-0.19737875012799072,"{""type"":""Point"",""coordinates"":[73.18323835660537,33.59518543181543]}"
1544,31.038362060000054,-0.052679895487606807,0.1860367976131278,-0.18540018289531232,"{""type"":""Point"",""coordinates"":[73.12024001166031,33.69213923315526]}"
1545,31.434852380000052,-0.012069180042304343,0.11497207086803057,-0.15716470462709392,"{""type"":""Point"",""coordinates"":[73.21118637687343,33.70102645020207]}"
1546,32.41753313000004,-0.00580510087552341,0.12019077901430843,-0.14193618094071886,"{""type"":""Point"",""coordinates"":[72.88499372592995,33.64262956059517]}"
1547,31.36307396000001,-0.048565850728337585,0.1991893655755161,-0.21399262813825717,"{""type"":""Point"",""coordinates"":[73.2858309378081,33.690701315771946]}"
1548,33.41730398000004,-0.06868268809570563,0.22447213568708896,-0.23853371612632168,"{""type"":""Point"",""coordinates"":[73.26965375445268,33.58946415297342]}"
1549,39.56973998000001,0.04863048630486305,0.0806979280261723,-0.10935422934303506,"{""type"":""Point"",""coordinates"":[73.10338940901316,33.61398152868434]}"
1550,34.28548106000005,0.015462868769074262,0.09118583871240522,-0.1469542545626926,"{""type"":""Point"",""coordinates"":[72.86637107375539,33.556826102836304]}"
1551,25.925004140000055,-0.08469584261601783,0.2378695165043523,-0.22446717817561807,"{""type"":""Point"",""coordinates"":[72.93049749647139,33.76459647584966]}"
1552,24.59539436,-0.1374676279134878,0.30898107128473623,-0.2847655941181121,"{""type"":""Point"",""coordinates"":[73.29576107404495,33.7879331157714]}"
1553,30.247090430000014,-0.06626220173535792,0.22382369531812257,-0.2237998910760134,"{""type"":""Point"",""coordinates"":[73.27409545301137,33.511989060313375]}"
1554,31.084505330000013,-0.053281575024978295,0.18744344935832333,-0.19826333246375732,"{""type"":""Point"",""coordinates"":[72.98247226532482,33.681982845421274]}"
1555,32.28081233,-0.03711914769140763,0.13669574608102864,-0.18654994451587903,"{""type"":""Point"",""coordinates"":[73.21453437281039,33.67802960579366]}"
1556,33.08575603999998,-0.0020495568716694702,0.15155453039212502,-0.18453415318807645,"{""type"":""Point"",""coordinates"":[72.92469184526838,33.64758352168479]}"
1557,34.34016938000002,-0.00326572190430536,0.15127552774530703,-0.18926021948360977,"{""type"":""Point"",""coordinates"":[72.97182051983378,33.581468424201354]}"
1558,30.55300322000005,-0.09625012433274759,0.2363146874065211,-0.2340997312630636,"{""type"":""Point"",""coordinates"":[72.84236244958691,33.654184481574944]}"
1559,32.735408989999996,-0.035460323453527155,0.20062021160160526,-0.2076697247706422,"{""type"":""Point"",""coordinates"":[72.952067009285,33.5570720647728]}"
1560,26.239461979999987,-0.11404923143072128,0.27243707796193983,-0.2531285895653225,"{""type"":""Point"",""coordinates"":[73.07768139242967,33.75086586098001]}"
1561,31.680949820000023,-0.1068460870643681,0.2920482102139057,-0.2779408605999857,"{""type"":""Point"",""coordinates"":[72.8757830788438,33.742098434419944]}"
1562,36.74645545999999,-0.04479190271168517,0.19029998451026625,-0.22331299195188822,"{""type"":""Point"",""coordinates"":[72.82162316339787,33.53401357362033]}"
1563,33.906080840000016,-0.04715547024952015,0.18556378429122772,-0.21043663471778487,"{""type"":""Point"",""coordinates"":[73.22012009994091,33.62364284254094]}"
1564,30.347922020000055,-0.028665704268921427,0.22788015192010128,-0.2572827769975874,"{""type"":""Point"",""coordinates"":[72.8978223366694,33.725380663156216]}"
1565,32.735408989999996,0.025852236725383348,0.11097862807797229,-0.1375298274171769,"{""type"":""Point"",""coordinates"":[73.06141656571239,33.55558401583697]}"
1566,33.248111989999984,-0.04185185185185185,0.22224636106886814,-0.2499230953276139,"{""type"":""Point"",""coordinates"":[72.8291143599849,33.7173753140575]}"
1567,33.77448707000002,-0.04610646456716688,0.19087065617158766,-0.21725076855511638,"{""type"":""Point"",""coordinates"":[72.83636478530569,33.66456676246493]}"
1568,32.47393046000002,-0.05032129338927848,0.22723532638507954,-0.24724738675958188,"{""type"":""Point"",""coordinates"":[72.83469501635105,33.51776938056488]}"
1569,30.58718342000003,-0.028264787809274126,0.06242857747492276,-0.07664593609264422,"{""type"":""Point"",""coordinates"":[72.89479478103584,33.79166682283519]}"
1570,32.256886190000046,-0.06664449215324604,0.2182907665475142,-0.2301013024602026,"{""type"":""Point"",""coordinates"":[73.20594367687082,33.59122195469558]}"
1571,30.130877750000025,-0.003505659135461531,0.1830235147262238,-0.2123915223178785,"{""type"":""Point"",""coordinates"":[73.19286997317427,33.740889361632895]}"
1572,32.361135800000056,-0.021892570881684413,0.15961310028847786,-0.19694528130035732,"{""type"":""Point"",""coordinates"":[73.25424755000506,33.68116033833436]}"
1573,26.485559420000016,-0.10909431137724551,0.2971730804304213,-0.290910410919123,"{""type"":""Point"",""coordinates"":[73.00581008140549,33.74992860757016]}"
1574,30.120623690000002,-0.08569683085147002,0.28159085582418375,-0.2715499508094088,"{""type"":""Point"",""coordinates"":[73.09088244297746,33.7442289107437]}"
1575,36.59606258000002,0.02255568727771885,0.07043167802661474,-0.11240901828510563,"{""type"":""Point"",""coordinates"":[73.21852812101687,33.53429402298362]}"
1576,31.12723058000006,-0.04396354676878321,0.2057462200431995,-0.2293924351534643,"{""type"":""Point"",""coordinates"":[73.10947211237489,33.66672248305224]}"
1577,34.32649730000003,-0.029881144177280602,0.19451397948030885,-0.2125984251968504,"{""type"":""Point"",""coordinates"":[73.00824800793232,33.53291341552121]}"
1578,32.39360699000002,-0.005493647969535225,0.12430413765422403,-0.1532857168429909,"{""type"":""Point"",""coordinates"":[73.11557360958214,33.520762361125264]}"
1579,29.03540234000002,0.04598840628413005,0.07138409283894707,-0.09502227536595244,"{""type"":""Point"",""coordinates"":[73.17700974550664,33.730341159999476]}"
1580,34.104326000000015,-0.008098025537593643,0.13502253790465785,-0.17138325991189426,"{""type"":""Point"",""coordinates"":[73.1086983830106,33.520269910795804]}"
1581,32.14580053999998,-0.06679609294424559,0.22587841606246514,-0.2363943186612291,"{""type"":""Point"",""coordinates"":[73.28147385602252,33.52696823517927]}"
1582,34.58968484000002,-0.006501547987616099,0.13421484143320658,-0.15508971398116894,"{""type"":""Point"",""coordinates"":[73.08265481847181,33.604453455555955]}"
1583,32.62603235000006,-6.417947930909395E-4,0.11910371838282335,-0.1619090820723844,"{""type"":""Point"",""coordinates"":[73.21243214115079,33.594300935792006]}"
1584,32.04496895,-0.05347014623899168,0.1886303967327888,-0.19361394386568775,"{""type"":""Point"",""coordinates"":[73.07804078189756,33.53357733089032]}"
1585,32.71319186000005,-0.043118400632930654,0.18300721261690306,-0.19834999650422988,"{""type"":""Point"",""coordinates"":[73.29651444777821,33.570103285669575]}"
1586,29.732678420000013,-0.031311465008565444,0.16940952175398838,-0.18819444444444444,"{""type"":""Point"",""coordinates"":[73.21137935948353,33.73341559753235]}"
1587,26.343711589999998,-0.14528744287939208,0.30210927770859275,-0.2781098993448822,"{""type"":""Point"",""coordinates"":[72.88453098802904,33.780403995660706]}"
1588,32.337209659999985,-0.05266726247341983,0.20836281307485496,-0.2298552603154029,"{""type"":""Point"",""coordinates"":[72.84401256215641,33.51365644406237]}"
1589,31.371619010000018,-0.019714999265462024,0.18652991452991452,-0.20114902747975358,"{""type"":""Point"",""coordinates"":[72.82582031092576,33.74583699553653]}"
1590,34.50423434000004,0.004960627189787352,0.07362353557659918,-0.11083572147780962,"{""type"":""Point"",""coordinates"":[73.20705245771886,33.538641209338415]}"
1591,33.77619607999998,-0.019091847265221878,0.20594321381322298,-0.22333103922918102,"{""type"":""Point"",""coordinates"":[72.88049061513934,33.537190610337746]}"
1592,30.843534920000025,-0.018647738209817133,0.18956130799761162,-0.21052255343484166,"{""type"":""Point"",""coordinates"":[73.17091223233021,33.67204553143816]}"
1593,25.48066154000003,-0.10162843964732829,0.320893135945524,-0.2995040343474721,"{""type"":""Point"",""coordinates"":[73.03197766829875,33.774667354408614]}"
1594,33.762523999999985,0.03650492142980487,0.07077608044829968,-0.09627475636592267,"{""type"":""Point"",""coordinates"":[73.0066191549536,33.6072674381409]}"
1595,33.89411776999998,2.8355923552430103E-4,0.14454526271365267,-0.19130243795299803,"{""type"":""Point"",""coordinates"":[72.92011050680186,33.688352388723324]}"
1596,16.351130119999993,-0.0663471960750756,0.08529292225512396,-0.074623433367828,"{""type"":""Point"",""coordinates"":[73.13136324798485,33.79949855505788]}"
1597,28.688473310000006,-0.09243518264631509,0.309127418765973,-0.2934025899072972,"{""type"":""Point"",""coordinates"":[73.16227277315437,33.78423894810825]}"
1598,34.10774402000004,-0.00998973018392307,0.11829364942627753,-0.16959780885108836,"{""type"":""Point"",""coordinates"":[72.95112451502281,33.53939702020447]}"
1599,30.009538040000052,-0.07850659679985028,0.2404218682737839,-0.24596425482848083,"{""type"":""Point"",""coordinates"":[72.84731872515857,33.75944166432567]}"
1600,32.32695560000002,-0.08137317228226319,0.21486983537478127,-0.22652053214118326,"{""type"":""Point"",""coordinates"":[73.23108579154398,33.62639304229386]}"
1601,33.46686527000003,-0.03239240453962519,0.21909755581247659,-0.2352902352902353,"{""type"":""Point"",""coordinates"":[72.90782032134192,33.63418310134495]}"
1602,31.352819899999986,-0.03234193671126895,0.2410612182663719,-0.24215024226469803,"{""type"":""Point"",""coordinates"":[72.95843245021729,33.73367564803189]}"
1603,32.65508552000006,-0.03258085853360696,0.08715915787218086,-0.1509319823055692,"{""type"":""Point"",""coordinates"":[73.21578909583975,33.72741278833099]}"
1604,28.09886486000005,-0.12789127575624726,0.2788404183401599,-0.2675745452395499,"{""type"":""Point"",""coordinates"":[73.24598142940557,33.764275458467175]}"
1605,33.32843546000004,-0.010730052919334562,0.19768569844789358,-0.2231539468563139,"{""type"":""Point"",""coordinates"":[72.99308550180594,33.72563093986175]}"
1606,30.518823020000013,-0.08724015548419807,0.21532474402085616,-0.21495750708215297,"{""type"":""Point"",""coordinates"":[73.27014312845805,33.60058712221947]}"
1607,24.744078230000014,-0.11694091707157732,0.2440876841913771,-0.21997993087300702,"{""type"":""Point"",""coordinates"":[72.9750106412634,33.78539600743949]}"
1608,32.887510880000036,-0.006434692446098015,0.13686313686313686,-0.16945428773919205,"{""type"":""Point"",""coordinates"":[73.2183476506461,33.68716878226483]}"
1609,34.84945435999998,0.03243393946903751,0.08046215580462156,-0.1032460880929674,"{""type"":""Point"",""coordinates"":[73.028297528909,33.550072479347286]}"
1610,32.361135800000056,-0.025116219008264464,0.19322110326168646,-0.2095840316928234,"{""type"":""Point"",""coordinates"":[73.01442884078898,33.514369686856874]}"
1611,30.498314900000025,-0.08644617175944866,0.2249503264263412,-0.24238443960631195,"{""type"":""Point"",""coordinates"":[73.2274633381163,33.56063486509479]}"
1612,35.83897115000002,0.009820693150858519,0.09166477481095996,-0.11790268066310199,"{""type"":""Point"",""coordinates"":[73.11823760791746,33.647214398112055]}"
1613,26.57784595999999,-0.16541353383458646,0.31756214915797915,-0.2874157655539884,"{""type"":""Point"",""coordinates"":[72.92341103381052,33.7394786130514]}"
1614,26.294150300000013,-0.07533727451872063,0.21811547542391072,-0.2120280198188963,"{""type"":""Point"",""coordinates"":[72.95697019762407,33.735401942972295]}"
1615,32.35088173999998,-0.05853226151542012,0.24867495943753382,-0.25169871331502097,"{""type"":""Point"",""coordinates"":[73.01676578228309,33.669280810613444]}"
1616,33.400213880000024,0.027028489488920754,0.12356671978004811,-0.16961004325625265,"{""type"":""Point"",""coordinates"":[72.8872320164928,33.56557771987567]}"
1617,32.726863940000044,-0.018738344039548858,0.1867305769164454,-0.21269997885686096,"{""type"":""Point"",""coordinates"":[72.96107456776605,33.696928197333676]}"
1618,34.186358480000024,-0.03192502688585036,0.15655348164474137,-0.18124582322113186,"{""type"":""Point"",""coordinates"":[73.10673742788404,33.583216303028415]}"
1619,31.612589420000006,0.02376039148635104,0.09052589982546844,-0.12394786858539235,"{""type"":""Point"",""coordinates"":[73.20146017720045,33.615154727022954]}"
1620,33.35919764000005,-0.05928780638199476,0.2205328596802842,-0.2280363142469083,"{""type"":""Point"",""coordinates"":[72.86323878456616,33.6200218797039]}"
1621,31.732220120000022,-0.005844224843268515,0.17360963513992206,-0.20491698943501901,"{""type"":""Point"",""coordinates"":[72.86639233001783,33.68104795419603]}"
1622,34.10774402000004,-0.015520009514182078,0.18371166175706116,-0.19997189432265317,"{""type"":""Point"",""coordinates"":[72.91088990695422,33.5940816447031]}"
1623,31.598917340000014,-0.00302808147132885,0.12261424851057758,-0.1352092352092352,"{""type"":""Point"",""coordinates"":[73.02883071052013,33.56056180375514]}"
1624,31.36478297000002,-0.05978351373855121,0.23164080368767373,-0.23378980947848924,"{""type"":""Point"",""coordinates"":[72.82326847171989,33.744253798367566]}"
1625,34.10774402000004,-0.048078785921859865,0.16543094626860314,-0.20131756694239344,"{""type"":""Point"",""coordinates"":[72.80426138884437,33.544397697158324]}"
1626,33.30792733999999,-0.042972817555911286,0.17104666178061634,-0.20539579329297863,"{""type"":""Point"",""coordinates"":[73.2371164550064,33.703114913159524]}"
1627,33.024231680000014,-0.06149679635378823,0.20347487456002397,-0.21018148956999774,"{""type"":""Point"",""coordinates"":[73.2422640017214,33.51730941019254]}"
1628,34.50765236000001,0.034045197370572655,0.05954943320418998,-0.08626174583034515,"{""type"":""Point"",""coordinates"":[73.07814167128093,33.59986635002494]}"
1629,31.21268108000004,-0.09945115916384249,0.2874326151468858,-0.28039537564178685,"{""type"":""Point"",""coordinates"":[73.11176462126406,33.69228336899815]}"
1630,31.694621900000016,-0.0020812310797174573,0.14668206256991304,-0.15889281937201416,"{""type"":""Point"",""coordinates"":[73.02519396362777,33.626378078619005]}"
1631,28.41332269999998,-0.13154942028492742,0.3037687064169866,-0.2760246923047429,"{""type"":""Point"",""coordinates"":[73.03802288605709,33.73302886013756]}"
1632,34.37434958000006,0.024882011108613992,0.0659834339463709,-0.09531537379638645,"{""type"":""Point"",""coordinates"":[73.03414467448015,33.57544728457957]}"
1633,29.148196999999982,-0.11736995088704019,0.27775655230381296,-0.27303871188763273,"{""type"":""Point"",""coordinates"":[73.26518491632736,33.718758208686246]}"
1634,36.50035802000002,0.0011493262075108468,0.1193650180319423,-0.15489775917343565,"{""type"":""Point"",""coordinates"":[73.10859701190697,33.644868728221994]}"
1635,29.04907442000001,-0.05987400518802167,0.19426548954108008,-0.21637166349386366,"{""type"":""Point"",""coordinates"":[73.29723156509125,33.72369165572473]}"
1636,25.03290092000003,-0.13537734050261221,0.2755939247231208,-0.2488936429035844,"{""type"":""Point"",""coordinates"":[73.04952900036572,33.748404215532716]}"
1637,34.056473719999985,0.033248743271857374,0.05791000424508278,-0.08648658467910407,"{""type"":""Point"",""coordinates"":[73.09340246620599,33.63720562526847]}"
1638,35.55014846000006,-0.007605962092866344,0.11418591243598875,-0.17302199371608112,"{""type"":""Point"",""coordinates"":[72.91401408759475,33.52090813174317]}"
1639,30.057390320000025,-0.05691647199949492,0.21495055792434,-0.2365106917309894,"{""type"":""Point"",""coordinates"":[73.28038244569898,33.689388636703335]}"
1640,29.768567630000007,-0.06433977384026356,0.19914931182536816,-0.2043201418554042,"{""type"":""Point"",""coordinates"":[73.28068525035363,33.62889900877584]}"
1641,34.22395670000003,-0.042653557773474356,0.15919253629722319,-0.19333939531711752,"{""type"":""Point"",""coordinates"":[72.91097650826437,33.51727806426351]}"
1642,31.63651556000002,-0.021194271194271194,0.14694340846440732,-0.1883736559139785,"{""type"":""Point"",""coordinates"":[73.20642350252078,33.60939030416646]}"
1643,31.301549600000044,-0.027077907815882776,0.1796461133734549,-0.19843303800248957,"{""type"":""Point"",""coordinates"":[72.81359110738744,33.67030283563957]}"
1644,31.70145794000001,-0.047109001699644035,0.19595634019485753,-0.21049899903610886,"{""type"":""Point"",""coordinates"":[72.82906019016743,33.60108643145597]}"
1645,34.42732889000001,-0.05303619782750786,0.19817969331019583,-0.22068082189309618,"{""type"":""Point"",""coordinates"":[73.25642190121943,33.60238972358956]}"
1646,33.52668061999998,-0.0131516867185657,0.16867920677574066,-0.19327614350710243,"{""type"":""Point"",""coordinates"":[72.85057688382551,33.59185429888719]}"
1647,31.980026570000007,-0.05546464148964904,0.21757299169736624,-0.2304500833487683,"{""type"":""Point"",""coordinates"":[72.93348037820039,33.57818563145914]}"
1648,30.036882200000036,-0.10671462829736211,0.27813301836842746,-0.24739645440814056,"{""type"":""Point"",""coordinates"":[72.88192042570729,33.70035902586714]}"
1649,34.276936009999986,-0.022849195310947746,0.17963090264925174,-0.20514298062378447,"{""type"":""Point"",""coordinates"":[72.90368189598462,33.520462428394154]}"
1650,26.11128623000002,-0.114685450886191,0.3205783948005999,-0.28929188255613125,"{""type"":""Point"",""coordinates"":[73.14999581461325,33.77609516865408]}"
1651,32.463676400000054,-0.025906127004640782,0.20849768182132725,-0.2204479541563297,"{""type"":""Point"",""coordinates"":[72.82704221066862,33.75303587358844]}"
1652,28.88842748000002,-0.04784440842787682,0.22146230870961647,-0.22150846432889965,"{""type"":""Point"",""coordinates"":[72.86965197315764,33.72544710670387]}"
1653,29.387458400000014,-0.07364783561136651,0.23950986678065114,-0.23651481771018407,"{""type"":""Point"",""coordinates"":[72.80970178911033,33.7945581551656]}"
1654,25.778029280000055,-0.12816746235769372,0.24249505662412368,-0.22678262412920974,"{""type"":""Point"",""coordinates"":[73.23980225495721,33.783698534563634]}"
1655,27.743390780000027,-0.17601613509725497,0.3368306520556462,-0.30701721059230275,"{""type"":""Point"",""coordinates"":[72.93560051439583,33.723319042280025]}"
1656,34.11799808000001,0.01997138602586937,0.11359941607776783,-0.14826725052170642,"{""type"":""Point"",""coordinates"":[72.9124739054474,33.659783593246324]}"
1657,33.04815782000003,-0.011066490910763005,0.13951077943615256,-0.1677110993096123,"{""type"":""Point"",""coordinates"":[72.86314820580986,33.59707096762164]}"
1658,31.253697320000015,-0.057673571736595805,0.19222252227923306,-0.21361287248469743,"{""type"":""Point"",""coordinates"":[73.1945587926847,33.60750160189279]}"
1659,32.887510880000036,-0.014726296095117388,0.180688202247191,-0.20848158131177,"{""type"":""Point"",""coordinates"":[72.84832145936801,33.62847433821877]}"
1660,30.37526618000004,-0.07148854851318875,0.26222798280919574,-0.27286485742785405,"{""type"":""Point"",""coordinates"":[72.92120007485894,33.74317265106766]}"
1661,32.942199200000005,-0.07808922715178516,0.22279538197003193,-0.2349730649277006,"{""type"":""Point"",""coordinates"":[73.26430606482084,33.603005310365674]}"
1662,25.612255310000023,-0.03469550700442767,0.14277697611030946,-0.1665302782324059,"{""type"":""Point"",""coordinates"":[73.28596283101368,33.790377581129455]}"
1663,35.181002300000046,0.00974176588835627,0.09432672590567327,-0.12425827744812332,"{""type"":""Point"",""coordinates"":[72.99141544885548,33.663516177031845]}"
1664,33.395086849999984,-0.013891951488423374,0.1431744347941391,-0.17642042062530916,"{""type"":""Point"",""coordinates"":[72.9473847781016,33.50955349108784]}"
1665,34.234210759999996,-0.02911080888543488,0.12104269916577012,-0.14734923013050777,"{""type"":""Point"",""coordinates"":[73.06306018456257,33.50061574911806]}"
1666,32.31841055000001,-0.05441524394142848,0.19339255667529084,-0.21659258166257817,"{""type"":""Point"",""coordinates"":[73.04959611854096,33.503729177833485]}"
1667,34.203448579999986,0.013038661477714968,0.14135540882362604,-0.1753721244925575,"{""type"":""Point"",""coordinates"":[72.87689874338407,33.51796694951278]}"
1668,30.793973629999982,-0.11803517923400556,0.2949490227105173,-0.2864364695164431,"{""type"":""Point"",""coordinates"":[73.04513139143877,33.715305376799286]}"
1669,34.28889908000002,-0.00644122383252818,0.16229923922231615,-0.19024947629023042,"{""type"":""Point"",""coordinates"":[72.81116002771442,33.682630405904646]}"
1670,33.67365547999998,-0.03642971104414111,0.17625953558554783,-0.20230322348465374,"{""type"":""Point"",""coordinates"":[73.17924528072605,33.58685251683605]}"
1671,24.209158100000025,-0.13921041752790408,0.30880810559436406,-0.2820423354268434,"{""type"":""Point"",""coordinates"":[73.03422664515043,33.75523106163778]}"
1672,28.160389220000013,-0.12982041146627657,0.2861394557823129,-0.28431927540333995,"{""type"":""Point"",""coordinates"":[72.85447694855134,33.786204827598155]}"
1673,28.36547042000001,-0.14241846182478016,0.33576324665433577,-0.31536936840413565,"{""type"":""Point"",""coordinates"":[73.00042832162802,33.73362801495107]}"
1674,27.393043730000045,-0.011488700010567792,0.1796605394746109,-0.20525274329915452,"{""type"":""Point"",""coordinates"":[72.95453781106905,33.78865934366687]}"
1675,26.818816370000036,-0.11043995506528424,0.26122696563408565,-0.24149148633902284,"{""type"":""Point"",""coordinates"":[73.01952836372004,33.73664713204131]}"
1676,31.747601210000028,-0.011845016849138742,0.17862497683586315,-0.2106875248758371,"{""type"":""Point"",""coordinates"":[72.82419404218678,33.67349370787204]}"
1677,35.464697960000024,-0.023498069266920107,0.15932594174888956,-0.1974504447713105,"{""type"":""Point"",""coordinates"":[72.80559214846126,33.527402172150296]}"
1678,35.02719139999999,0.02084440138754336,0.08490304709141275,-0.11636855982327371,"{""type"":""Point"",""coordinates"":[73.11938017244213,33.64791235506513]}"
1679,33.755687960000046,-0.029237590301677364,0.2008392417884532,-0.21882802173593774,"{""type"":""Point"",""coordinates"":[72.8962034461758,33.512104253138084]}"
1680,28.820067080000058,-0.05678490566037736,0.25618114615853876,-0.25519021836566386,"{""type"":""Point"",""coordinates"":[73.17487826956902,33.76682279449829]}"
1681,28.91918966000003,-0.09598423416147062,0.2592427616926503,-0.24964084429218697,"{""type"":""Point"",""coordinates"":[72.8071789336858,33.63855533261807]}"
1682,35.35532132000003,0.021585063136309673,0.04435143230166654,-0.081929388363998,"{""type"":""Point"",""coordinates"":[73.05379599444984,33.66126849445539]}"
1683,27.755353850000006,-0.10861801522311605,0.23660067600193144,-0.235482120243623,"{""type"":""Point"",""coordinates"":[73.26200506167936,33.70198034505177]}"
1684,32.69951978000006,-0.033734342056306585,0.1349400871459695,-0.15884602015988877,"{""type"":""Point"",""coordinates"":[73.169144143968,33.528149241057015]}"
1685,32.70635582,-0.06461184449557951,0.21102118133287412,-0.2327595273989412,"{""type"":""Point"",""coordinates"":[73.21575898816914,33.664414583381685]}"
1686,31.824506659999997,-0.032838856322526616,0.195444475214622,-0.20866582668346634,"{""type"":""Point"",""coordinates"":[72.99928977598954,33.59047303542209]}"
1687,29.370368299999996,0.06819638116742441,0.09310233740201167,-0.12844579114625673,"{""type"":""Point"",""coordinates"":[72.94060085439557,33.77923480428822]}"
1688,34.85287238000001,0.007550181081578786,0.1162276916704063,-0.16153597471173534,"{""type"":""Point"",""coordinates"":[72.90419929811968,33.580169962735795]}"
1689,29.862563180000052,-0.08772066560149644,0.12901203357265648,-0.14000980231988236,"{""type"":""Point"",""coordinates"":[73.10019776273202,33.54448309429263]}"
1690,32.217578960000026,-0.05636780513950511,0.2074469895510704,-0.22057457423017374,"{""type"":""Point"",""coordinates"":[73.2321670257916,33.59097094640485]}"
1691,32.85503969000001,-0.05334189173620369,0.21663751805946316,-0.22642955695232256,"{""type"":""Point"",""coordinates"":[72.92576145435876,33.71340333421701]}"
1692,31.13406662,-0.040683980300388486,0.21449352967425256,-0.22631341804091196,"{""type"":""Point"",""coordinates"":[73.20872330146503,33.562012731984986]}"
1693,32.51323768999998,0.011156847255138387,0.09231758473927554,-0.15610720420001944,"{""type"":""Point"",""coordinates"":[73.26957685212531,33.66456369839917]}"
1694,32.05864102999999,-0.022989038851011858,0.16183519744350605,-0.18688454018761996,"{""type"":""Point"",""coordinates"":[73.17388859749984,33.51628037254983]}"
1695,35.87827837999998,-0.004963072378138848,0.15460068560567491,-0.18773785831500298,"{""type"":""Point"",""coordinates"":[72.87677825671113,33.55059797326499]}"
1696,32.24492312000001,-0.013931089835464082,0.18813610560612676,-0.21611771986522726,"{""type"":""Point"",""coordinates"":[72.87853758453335,33.631752270555744]}"
1697,34.75374980000004,0.04585654841667254,0.11053832641066474,-0.14870854348158338,"{""type"":""Point"",""coordinates"":[73.00135207180692,33.571667945929754]}"
1698,32.58672511999998,-0.03284041897720271,0.20423850574712643,-0.2192159429776711,"{""type"":""Point"",""coordinates"":[72.93899979636818,33.50659005548361]}"
1699,26.89743083000002,-0.08421242774566474,0.2352493260068737,-0.2282726584402562,"{""type"":""Point"",""coordinates"":[73.28276541750944,33.75418327303336]}"
1700,30.494896880000056,-0.032624889780777766,0.23046266439621751,-0.23939858404496023,"{""type"":""Point"",""coordinates"":[73.2922203733135,33.61360081659193]}"
1701,35.22543656000005,0.04402454307244112,0.07035734460703026,-0.09446970261608408,"{""type"":""Point"",""coordinates"":[73.08616981754838,33.55801303855608]}"
1702,30.330831920000037,-0.06436588531724823,0.0917064766230715,-0.15335291440863774,"{""type"":""Point"",""coordinates"":[73.26733030419183,33.76400142785733]}"
1703,35.99107304000006,-0.02035813578069415,0.16594930655188905,-0.2010274816144129,"{""type"":""Point"",""coordinates"":[72.85672619453234,33.51604737812351]}"
1704,32.54570888000001,-0.05031455984144382,0.25106413420610224,-0.26251195697294566,"{""type"":""Point"",""coordinates"":[72.86429618893597,33.702121648663066]}"
1705,33.547188740000024,-0.04055008134573472,0.18058022498519835,-0.1868632050698505,"{""type"":""Point"",""coordinates"":[73.01627170850122,33.70785665746995]}"
1706,28.912353619999976,0.013998221402457099,0.11273835631713935,-0.13574626299415737,"{""type"":""Point"",""coordinates"":[73.1762018647486,33.741811624558565]}"
1707,32.21586995000001,-0.02422198140997268,0.16004010510302863,-0.18668765141735486,"{""type"":""Point"",""coordinates"":[73.17820141889895,33.541774653159194]}"
1708,34.54866860000004,-0.04663248337028825,0.10074694844233922,-0.1680327868852459,"{""type"":""Point"",""coordinates"":[73.235532488246,33.68579288703625]}"
1709,29.973648830000002,-0.09645675684453249,0.26009144350097974,-0.26046780787395696,"{""type"":""Point"",""coordinates"":[73.17717327351221,33.708513276898465]}"
1710,31.99882567999998,-0.021180208272048008,0.18247777361447015,-0.2025079672994319,"{""type"":""Point"",""coordinates"":[72.86431980172455,33.73491853597173]}"
1711,22.96158079999998,-0.13609365584918653,0.2989646076926105,-0.28540262573532277,"{""type"":""Point"",""coordinates"":[73.11770564289927,33.79125440220823]}"
1712,32.73711800000001,-0.013762057877813505,0.19791785402180934,-0.21154363447719327,"{""type"":""Point"",""coordinates"":[72.84406225630157,33.553863602404334]}"
1713,34.8221102,-0.0623902393936593,0.22498134924864116,-0.2305770671996003,"{""type"":""Point"",""coordinates"":[73.24600192433311,33.54957428618739]}"
1714,28.047594559999993,-0.04792079207920792,0.20213531215689243,-0.20734628693106202,"{""type"":""Point"",""coordinates"":[73.11812882344564,33.738796859829975]}"
1715,27.56736275000003,-0.09295302013422818,0.23285597123209892,-0.2180254300673149,"{""type"":""Point"",""coordinates"":[72.85100853248596,33.7202975635641]}"
1716,31.906539140000007,-0.005667121973902177,0.17206340604254167,-0.19828242953113095,"{""type"":""Point"",""coordinates"":[73.08624790686527,33.6614812251664]}"
1717,30.67605193999998,-0.0708994387064389,0.2320319199202002,-0.24466524052826052,"{""type"":""Point"",""coordinates"":[73.11652427551033,33.65774993962303]}"
1718,31.793744479999987,-0.05025566548667211,0.22839549861985986,-0.23565427879823436,"{""type"":""Point"",""coordinates"":[72.84650819671718,33.70249376746902]}"
1719,28.17235229000005,-0.11532076642618881,0.3104856351173983,-0.2912774823968961,"{""type"":""Point"",""coordinates"":[73.01896489803514,33.69326750817842]}"
1720,32.190234799999985,0.04019078347478432,0.053871924217336054,-0.07752273711563447,"{""type"":""Point"",""coordinates"":[73.06336294847354,33.62598258951628]}"
1721,29.542978310000024,-0.0187226288099227,0.19494578614400718,-0.2179352027549371,"{""type"":""Point"",""coordinates"":[72.94594552971262,33.79060401110102]}"
1722,29.175541160000023,-0.08258680442032303,0.22646121934958144,-0.2348312511653925,"{""type"":""Point"",""coordinates"":[73.230982562879,33.63528633995557]}"
1723,27.15720035000004,-0.08340536601074558,0.22441864919741025,-0.23128190311085428,"{""type"":""Point"",""coordinates"":[73.23013174446363,33.74671543125944]}"
1724,28.821776090000014,-0.09203452778672817,0.2638913423227149,-0.25737605686056275,"{""type"":""Point"",""coordinates"":[73.27630536676783,33.73160432691387]}"
1725,28.46117498000001,-0.1046253244449424,0.2549269182630094,-0.23187772016409489,"{""type"":""Point"",""coordinates"":[72.87233675468154,33.7112147329978]}"
1726,27.111057080000023,-0.006433342567796349,0.14030621141840757,-0.16530044906978403,"{""type"":""Point"",""coordinates"":[73.20007024785912,33.74053947758548]}"
1727,27.798079099999995,-0.05499839394696456,0.20074742058656267,-0.2056448323680561,"{""type"":""Point"",""coordinates"":[73.16294525382011,33.76072045771191]}"
1728,26.892303800000036,-0.07322039900838154,0.26381455480642246,-0.2793990887821697,"{""type"":""Point"",""coordinates"":[73.00847319111007,33.77464170137097]}"
1729,24.468927620000045,-0.035879281352332065,0.18790216177813865,-0.19029410568278893,"{""type"":""Point"",""coordinates"":[73.19353203614875,33.798521662543074]}"
1730,33.53693468000006,0.006090752207897675,0.1048919483157479,-0.1204653824146481,"{""type"":""Point"",""coordinates"":[73.08278907200818,33.61801271353346]}"
1731,34.36238651000002,-0.04150282712895726,0.21493261906754835,-0.22053110442138543,"{""type"":""Point"",""coordinates"":[73.20516405478108,33.58196626285117]}"
1732,33.74885191999999,-0.008618611378977821,0.1483959512780923,-0.1709347886929751,"{""type"":""Point"",""coordinates"":[73.22543024914947,33.651396882490396]}"
1733,34.881925550000005,-0.017113641929953467,0.1314194251464378,-0.1701123516359666,"{""type"":""Point"",""coordinates"":[73.20684859458397,33.531371849883726]}"
1734,28.597895780000044,-0.07572319002716957,0.21956876245696685,-0.24331313728387763,"{""type"":""Point"",""coordinates"":[73.12860631842163,33.68930545282615]}"
1735,27.210179659999994,-0.11840756799369334,0.24529295589203423,-0.224442238812411,"{""type"":""Point"",""coordinates"":[73.26331902022686,33.78812493875703]}"
1736,32.33208263000006,-0.019494697442295695,0.17221963203385576,-0.19223053073135146,"{""type"":""Point"",""coordinates"":[73.1526808748983,33.511205108248326]}"
1737,33.70783568000002,0.0623859905144108,0.04058613708666731,-0.057799729523137534,"{""type"":""Point"",""coordinates"":[73.06034485386023,33.66446183775786]}"
1738,32.887510880000036,-0.07331045800387886,0.22985401210297787,-0.24135551107736905,"{""type"":""Point"",""coordinates"":[72.90461087356297,33.543386181637125]}"
1739,34.04621966000002,-0.08030038638913124,0.22395015092407902,-0.24464628695542912,"{""type"":""Point"",""coordinates"":[72.8028308573921,33.5370024890443]}"
1740,34.56575870000006,0.02292942661044597,0.07983264736895813,-0.1289072223605135,"{""type"":""Point"",""coordinates"":[73.08674284301057,33.59739417747523]}"
1741,30.999054829999977,-0.04765450483991065,0.2034137815626046,-0.21758597336142674,"{""type"":""Point"",""coordinates"":[72.98578265618626,33.650688644349586]}"
1742,32.480766500000016,-0.04736842105263158,0.22998774488037937,-0.2362013566583363,"{""type"":""Point"",""coordinates"":[73.13105879782239,33.580517378010924]}"
1743,30.864043040000013,-0.06092821583427011,0.18824418144537575,-0.192447926067651,"{""type"":""Point"",""coordinates"":[73.15179738984516,33.628091484583]}"
1744,33.01055960000002,-0.0035457712823358926,0.11574653343160277,-0.1544914427595992,"{""type"":""Point"",""coordinates"":[73.24064489234355,33.51738456574086]}"
1745,32.53887284000001,-0.08165635889869086,0.25123474723997674,-0.25868556606875387,"{""type"":""Point"",""coordinates"":[72.93836649143773,33.71847888068981]}"
1746,32.26201322000003,-0.01048951048951049,0.1619647523956309,-0.18115867988147544,"{""type"":""Point"",""coordinates"":[72.8288853953402,33.69789965224786]}"
1747,30.713650160000043,0.0578766924283805,0.11563736452778256,-0.14632163184501715,"{""type"":""Point"",""coordinates"":[72.90549209310848,33.794454153775014]}"
1748,33.43439408000006,-0.027292381215559422,0.15694279176201373,-0.18100612946628794,"{""type"":""Point"",""coordinates"":[73.25603648439913,33.51073346060726]}"
1749,35.20834646000003,-0.008691965232139071,0.14386784352783596,-0.16170212765957448,"{""type"":""Point"",""coordinates"":[73.02351083577916,33.62286348328525]}"
1750,31.633097539999994,-0.02119205298013245,0.14374336238431584,-0.16453262847138786,"{""type"":""Point"",""coordinates"":[72.80381968760618,33.757567990195014]}"
1751,31.872358940000026,-0.05184028116762667,0.19326614242994794,-0.2020528840789914,"{""type"":""Point"",""coordinates"":[72.88211575771474,33.570672058833644]}"
1752,31.55448308000001,-0.06022413217116652,0.20703962381578037,-0.23087229391439248,"{""type"":""Point"",""coordinates"":[72.84540407544918,33.51339150540977]}"
1753,24.942323390000013,-0.13275864932649029,0.3180781570097793,-0.2941667615469278,"{""type"":""Point"",""coordinates"":[73.11778630413373,33.76697816002412]}"
1754,31.70145794000001,-0.01237749872628645,0.2326667639760619,-0.23564269514960862,"{""type"":""Point"",""coordinates"":[72.99827684566495,33.72188681317366]}"
1755,31.561319120000007,-0.05593904662672571,0.19765122978063374,-0.21460674157303372,"{""type"":""Point"",""coordinates"":[73.29737913715235,33.69186955728743]}"
1756,33.8821547,0.004334327257077864,0.10451832907075874,-0.12660869565217392,"{""type"":""Point"",""coordinates"":[73.04377772029049,33.53128329386655]}"
1757,32.415824120000025,-0.058113854369252066,0.1995067448899518,-0.21241879437981567,"{""type"":""Point"",""coordinates"":[73.28334103494524,33.66286614182686]}"
1758,32.08085816000005,-0.05591775325977934,0.20957954831065312,-0.22657928272346622,"{""type"":""Point"",""coordinates"":[73.22346644444896,33.514339903143075]}"
1759,34.17268640000003,-0.01084528568069598,0.1737824647622948,-0.19875917115421482,"{""type"":""Point"",""coordinates"":[72.9379332888043,33.64560597756909]}"
1760,28.3278722,-0.09424503709645077,0.22432038290393747,-0.23877265332374864,"{""type"":""Point"",""coordinates"":[73.24207137081213,33.76089994077099]}"
1761,31.349401880000016,-0.06897140709869162,0.2251194111659228,-0.22181874975596425,"{""type"":""Point"",""coordinates"":[72.89841893306334,33.549248482985476]}"
1762,33.91633490000004,-0.04643872990073721,0.18762764345477304,-0.2179582460644551,"{""type"":""Point"",""coordinates"":[72.92820784146116,33.65023461451066]}"
1763,30.729031250000048,-0.015808867229288006,0.13232761068312165,-0.14294994268246083,"{""type"":""Point"",""coordinates"":[73.07813090836129,33.548444749427354]}"
1764,33.55744279999999,0.03929318003658218,0.055099185708648704,-0.08062530999136616,"{""type"":""Point"",""coordinates"":[73.02934087239228,33.57651914129711]}"
1765,33.28741922000006,-0.001567616526161778,0.11812860948528983,-0.13342400409989552,"{""type"":""Point"",""coordinates"":[72.82432611850003,33.7259173576886]}"
1766,32.679011660000015,0.01043309474705811,0.1260742018981881,-0.15329963592661977,"{""type"":""Point"",""coordinates"":[73.22659029542407,33.65046428305729]}"
1767,38.43837536000001,-0.006217554026318966,0.08951272917415602,-0.12083109198493813,"{""type"":""Point"",""coordinates"":[73.13496453733238,33.55818376596508]}"
1768,35.05624456999999,0.02614075343460455,0.07476800282082927,-0.1316468940378352,"{""type"":""Point"",""coordinates"":[73.28149624496665,33.509898821115755]}"
1769,32.14921856000001,-0.031411601312017964,0.17644679631939061,-0.2108093107156485,"{""type"":""Point"",""coordinates"":[73.05704801360191,33.5214530338674]}"
1770,30.44020856000003,-0.042878174457121825,0.19087979826281873,-0.20203627107858735,"{""type"":""Point"",""coordinates"":[73.16235320569155,33.691646030785954]}"
1771,34.86312644000003,-0.017103414574552563,0.1752540937323546,-0.20476087113812314,"{""type"":""Point"",""coordinates"":[72.81382539507257,33.59331075910819]}"
1772,34.630701079999994,-0.03655039213391081,0.1875083813866166,-0.20991955730901266,"{""type"":""Point"",""coordinates"":[73.20179140632155,33.591200973317086]}"
1773,31.619425460000002,-0.06374436436634087,0.22455628587123294,-0.23383464386594396,"{""type"":""Point"",""coordinates"":[72.89590341636764,33.69312358007651]}"
1774,33.184878620000006,-0.056729187232642315,0.2062049278846154,-0.22050775311644877,"{""type"":""Point"",""coordinates"":[73.1923399475745,33.51202890597206]}"
1775,24.950868440000022,-0.035171682780329554,0.21587565079604618,-0.23214558801039914,"{""type"":""Point"",""coordinates"":[72.98828713651199,33.756449222659114]}"
1776,33.25665704000005,-0.016600364908922322,0.17086950530522255,-0.19908273064032458,"{""type"":""Point"",""coordinates"":[72.95107762472425,33.54500754169481]}"
1777,30.898223239999993,-0.14083668304302516,0.31045215130993914,-0.2952133053884119,"{""type"":""Point"",""coordinates"":[73.25498810569397,33.6404681199779]}"
1778,32.62945037000003,-0.024788202070913083,0.1867732558139535,-0.19256639889303148,"{""type"":""Point"",""coordinates"":[72.86762814422598,33.59224989282195]}"
1779,28.21507754000004,-0.13016070318742787,0.207570439237264,-0.18807168191151763,"{""type"":""Point"",""coordinates"":[73.23362370410561,33.78177126002962]}"
1780,35.119477940000024,-0.029306603917733706,0.16289186576439718,-0.19367757025906368,"{""type"":""Point"",""coordinates"":[72.8030876541847,33.666213943363545]}"
1781,35.47666103000006,-0.026723693390360057,0.1666293277267479,-0.20002836275969652,"{""type"":""Point"",""coordinates"":[72.93578496181908,33.56253264424672]}"
1782,30.248799440000028,-0.06159555994415881,0.2114547715262667,-0.22583942753794134,"{""type"":""Point"",""coordinates"":[73.27811908544821,33.74413822224407]}"
1783,32.574762050000004,-0.021643304912831934,0.18207006088414365,-0.19822543424983452,"{""type"":""Point"",""coordinates"":[72.92697202707679,33.7118223438997]}"
1784,28.72948955000004,-0.03952550996950145,0.2379405376795459,-0.25201661282879556,"{""type"":""Point"",""coordinates"":[72.8911344929228,33.72364416145938]}"
1785,34.49910731,-0.026529387613302594,0.14025609542185583,-0.17849891225525744,"{""type"":""Point"",""coordinates"":[73.01977299052486,33.53177763789205]}"
1786,32.88067483999998,-0.08331971365998758,0.2153727676115736,-0.23286957815638717,"{""type"":""Point"",""coordinates"":[73.27240765806712,33.67621260409919]}"
1787,25.648144520000017,-0.07103393843725335,0.10079091462178057,-0.07045308879357097,"{""type"":""Point"",""coordinates"":[73.10943605941164,33.7080169711513]}"
1788,30.416282420000016,-0.053766128276422256,0.19665093837584702,-0.21997974537037038,"{""type"":""Point"",""coordinates"":[73.25640718765516,33.63228562878275]}"
1789,31.52030288000003,-0.010658002611362464,0.14488167308750688,-0.1633694512408249,"{""type"":""Point"",""coordinates"":[72.871799782264,33.6355338084888]}"
1790,32.08085816000005,-0.055283625116362874,0.22275574112734864,-0.2360451619710879,"{""type"":""Point"",""coordinates"":[73.01631739130654,33.63973629672666]}"
1791,27.924545840000008,-0.11691779515544536,0.2606561611986567,-0.23367321142664532,"{""type"":""Point"",""coordinates"":[72.94880603092494,33.7289241540369]}"
1792,31.54081100000002,-0.09893090289823078,0.26057229678399596,-0.2628107559614409,"{""type"":""Point"",""coordinates"":[72.9998484180061,33.67973149707821]}"
1793,30.72390422000001,-0.09207218102542886,0.2517875383043922,-0.25213012461457057,"{""type"":""Point"",""coordinates"":[73.14307235700012,33.66133881376703]}"
1794,29.989029920000007,-0.024917350312232155,0.18106458781614873,-0.19425024967898416,"{""type"":""Point"",""coordinates"":[72.86847568129427,33.73824465031663]}"
1795,33.33185348000001,0.004806367671819991,0.10316275281661463,-0.1316183381487799,"{""type"":""Point"",""coordinates"":[73.11482285038213,33.61736856971422]}"
1796,32.50469264000003,-0.054982817869415807,0.2174210310406126,-0.23773112748505493,"{""type"":""Point"",""coordinates"":[73.15317919354224,33.69879329387912]}"
1797,34.056473719999985,-0.025663489569959064,0.18824044098346313,-0.2016564319464845,"{""type"":""Point"",""coordinates"":[72.99314143858746,33.69209003010055]}"
1798,33.70441765999999,0.01966127050275151,0.1128024743768573,-0.1603376861542353,"{""type"":""Point"",""coordinates"":[72.83335919700674,33.61163908610868]}"
1799,24.11174453000001,-0.12898233201342688,0.25375,-0.23497724324443173,"{""type"":""Point"",""coordinates"":[73.00640205355373,33.741532548455446]}"
1800,22.69497524000002,-0.09698510715583,0.23461276402452874,-0.21965447610500335,"{""type"":""Point"",""coordinates"":[72.99958530343126,33.75877905915754]}"
1801,33.92829797000002,0.010325439773292535,0.11781530918005993,-0.15345830185695963,"{""type"":""Point"",""coordinates"":[73.1226314817104,33.529880645779706]}"
1802,35.20834646000003,-0.00405164496785695,0.1318433712928567,-0.15685298145151252,"{""type"":""Point"",""coordinates"":[72.96251314085828,33.633165754884686]}"
1803,24.71160703999999,-0.08548334716559015,0.24813808269194865,-0.23519750349018642,"{""type"":""Point"",""coordinates"":[72.90486609260721,33.73088969823859]}"
1804,35.83042610000001,0.018072643786424914,0.09614247223500033,-0.12977512869141153,"{""type"":""Point"",""coordinates"":[72.9235013296599,33.63165989640021]}"
1805,33.35919764000005,-0.08049839890935608,0.21980027917964137,-0.23192596876807403,"{""type"":""Point"",""coordinates"":[72.9344548093766,33.601027434408984]}"
1806,34.623865040000055,0.022256820353136832,0.09781485895907827,-0.10289774087969984,"{""type"":""Point"",""coordinates"":[73.06405709061391,33.61171994574539]}"
1807,29.373786320000022,0.04335809293487649,0.053619557979516126,-0.0939619411338645,"{""type"":""Point"",""coordinates"":[73.09056128797017,33.734154541425454]}"
1808,32.08769419999999,-0.008898675756387439,0.15618086283185842,-0.18661746966579154,"{""type"":""Point"",""coordinates"":[73.24781565840274,33.57852052464885]}"
1809,29.992447940000034,-0.031158194605181162,0.18195887685164713,-0.19921315548806792,"{""type"":""Point"",""coordinates"":[73.20116614248403,33.631132407402866]}"
1810,31.602335359999984,-0.013352623805648492,0.16638912017762975,-0.18737749209768848,"{""type"":""Point"",""coordinates"":[73.16018237568562,33.50341145802316]}"
1811,31.06057919,-0.057578558225508315,0.20660082246669711,-0.22256450435371,"{""type"":""Point"",""coordinates"":[73.16647749774833,33.69532346832878]}"
1812,35.61509083999999,-0.031065260229511997,0.17592623194632648,-0.18968803290199618,"{""type"":""Point"",""coordinates"":[73.15050060552008,33.53146888118923]}"
1813,33.037903760000006,-0.013355567346320018,0.16865679469920802,-0.2010133314168673,"{""type"":""Point"",""coordinates"":[72.86416868380408,33.676629095706154]}"
1814,26.935029050000026,-0.09054908232427081,0.23037267747825152,-0.22100954979536153,"{""type"":""Point"",""coordinates"":[72.95555257833983,33.762144772043456]}"
1815,27.405006800000024,0.022150801903141445,0.15047265987025024,-0.17069674450186728,"{""type"":""Point"",""coordinates"":[73.01186059049125,33.79788102562199]}"
1816,26.406944960000033,-0.09725970521071206,0.25159838977030546,-0.24063062358187937,"{""type"":""Point"",""coordinates"":[73.12622151216371,33.73927157802785]}"
1817,32.42949620000002,-0.07173219978746015,0.22638832590190514,-0.2502066115702479,"{""type"":""Point"",""coordinates"":[73.20094512430174,33.66976389390563]}"
1818,29.146487990000026,-0.12490996499103837,0.2633519574091841,-0.2612402809600721,"{""type"":""Point"",""coordinates"":[73.20141944164138,33.63613599913363]}"
1819,34.12483412000006,-0.03205759291164165,0.15448945176721615,-0.19755818934742253,"{""type"":""Point"",""coordinates"":[72.8146842746492,33.512864054087466]}"
1820,31.06741523000005,-0.04747175052080045,0.1830594274713914,-0.21136683031884798,"{""type"":""Point"",""coordinates"":[73.15872125843794,33.71166885303929]}"
1821,32.27397629000001,-0.0017155195362181669,0.11853490983552414,-0.15203673781784166,"{""type"":""Point"",""coordinates"":[73.12854237343704,33.62800375241636]}"
1822,32.47905749000006,-4.137097030837285E-4,0.13727547347285785,-0.15831168591904787,"{""type"":""Point"",""coordinates"":[72.91839854590015,33.71354102290194]}"
1823,33.85822856000004,0.010479362072652838,0.11621174524400331,-0.1604027086095088,"{""type"":""Point"",""coordinates"":[72.9021222000528,33.58058402169792]}"
1824,28.77734183000001,-0.034527026018420386,0.2438573505393327,-0.252738512707422,"{""type"":""Point"",""coordinates"":[73.20845057508978,33.7920415076937]}"
1825,32.12871044000002,0.03639002065077859,0.12197816480374318,-0.16564831381021503,"{""type"":""Point"",""coordinates"":[72.89098883065851,33.604676650959455]}"
1826,34.078690850000044,0.015618002686968203,0.13168691175287586,-0.17529114939263815,"{""type"":""Point"",""coordinates"":[72.93964941682587,33.65036930592549]}"
1827,33.456611210000005,0.03129131776112825,0.04442860536944643,-0.06245594247849993,"{""type"":""Point"",""coordinates"":[73.06141459493573,33.617064055130434]}"
1828,28.085192780000057,-0.16270160044491133,0.3454896492545318,-0.32698614196551357,"{""type"":""Point"",""coordinates"":[73.00284757902487,33.74760907902924]}"
1829,30.864043040000013,-0.08480512030915074,0.24177495161736245,-0.24418282548476455,"{""type"":""Point"",""coordinates"":[73.10932713926641,33.63680530978266]}"
1830,22.27626779000002,-0.11476454709058188,0.27153762268266085,-0.24855127236079616,"{""type"":""Point"",""coordinates"":[73.13131430215385,33.78197070671291]}"
1831,25.93013116999998,-0.07033239281536026,0.24366791276013033,-0.23718802823903748,"{""type"":""Point"",""coordinates"":[73.1931152347422,33.72008416074854]}"
1832,38.07948326000002,0.010026737967914439,0.09320896523956516,-0.13752051111964528,"{""type"":""Point"",""coordinates"":[73.22175513119889,33.53623227698357]}"
1833,33.80866727,-0.05989313095330287,0.209516066315529,-0.22600641381657918,"{""type"":""Point"",""coordinates"":[73.18555122646815,33.70382116914726]}"
1834,33.201968720000025,0.021323127392017496,0.13237387316147398,-0.1747719367329527,"{""type"":""Point"",""coordinates"":[73.21437137305932,33.5892580845581]}"
1835,31.872358940000026,-0.03153519472305051,0.1853390094486554,-0.20868184224457384,"{""type"":""Point"",""coordinates"":[73.17480416453782,33.54931816963022]}"
1836,31.824506659999997,-0.043877125515451976,0.18718493667995714,-0.20245507916740793,"{""type"":""Point"",""coordinates"":[72.93724409873403,33.62277453152411]}"
1837,25.94722127,-0.1502566275839337,0.3356175618290838,-0.3161874315271467,"{""type"":""Point"",""coordinates"":[73.13350211582197,33.77939795261198]}"
1838,33.62238518000004,-0.04235157016683023,0.18944550401567778,-0.2153686619466495,"{""type"":""Point"",""coordinates"":[72.93791113141643,33.51314328712626]}"
1839,29.41138454000003,-0.043218830355376804,0.22120171342569367,-0.21995412401935271,"{""type"":""Point"",""coordinates"":[73.11248175983366,33.66346062182026]}"
1840,33.39337784000003,-0.03916881792395704,0.20277398649894868,-0.217005076142132,"{""type"":""Point"",""coordinates"":[72.92170078334995,33.52498628687175]}"
1841,26.670132500000022,-0.05120310183601323,0.2104525956403747,-0.19786883825695226,"{""type"":""Point"",""coordinates"":[72.93210716298353,33.76802353749301]}"
1842,23.27945666000005,-0.14244663382594416,0.24837392903602026,-0.2299737034008795,"{""type"":""Point"",""coordinates"":[73.05566492698857,33.78258782847759]}"
1843,30.864043040000013,-0.04635599694423224,0.200126174120286,-0.20911016949152542,"{""type"":""Point"",""coordinates"":[73.14950825626269,33.63568076657502]}"
1844,32.183398760000046,0.027097685921215333,0.044688922610015176,-0.07738654147104851,"{""type"":""Point"",""coordinates"":[73.0378385260504,33.63214913796909]}"
1845,32.41924214000005,-0.0016627868307283007,0.14271918327929917,-0.17983049640339008,"{""type"":""Point"",""coordinates"":[72.87899773555884,33.58013940951949]}"
1846,29.510507120000057,-0.08931315128926752,0.2808972684829079,-0.2728145330441893,"{""type"":""Point"",""coordinates"":[73.09983429361665,33.70398501716581]}"
1847,33.400213880000024,-0.030917815707951164,0.18660420890722226,-0.21180964621041734,"{""type"":""Point"",""coordinates"":[72.87013945298429,33.79305842378945]}"
1848,34.33162433000001,0.02269857095380525,0.10163332584101296,-0.11930726044342944,"{""type"":""Point"",""coordinates"":[73.05055684120427,33.659813027070484]}"
1849,32.90630999000001,0.012152663732510017,0.09283819628647215,-0.11172306725562312,"{""type"":""Point"",""coordinates"":[73.02259870929652,33.61072435266642]}"
1850,27.196507580000002,-0.1199383614416574,0.3248936601174803,-0.3230624009709065,"{""type"":""Point"",""coordinates"":[73.01017222766289,33.74198024016916]}"
1851,38.08973732000004,0.027768058780495562,0.07245359811936423,-0.10151717178997441,"{""type"":""Point"",""coordinates"":[72.97552429963446,33.62632916639089]}"
1852,33.54547973000001,0.007003205371656007,0.09914242475197578,-0.12871252935488328,"{""type"":""Point"",""coordinates"":[72.96221063359587,33.644985523504445]}"
1853,33.68049152000003,0.0016045640934212871,0.17044623262618874,-0.20249087395318874,"{""type"":""Point"",""coordinates"":[72.84046072623768,33.55585323749554]}"
1854,36.558464360000016,-0.043429642663333934,0.16353100817838412,-0.19720754716981131,"{""type"":""Point"",""coordinates"":[72.8054362700854,33.54246667919771]}"
1855,33.897535790000006,-0.024989929912188836,0.15791772843101565,-0.18855093042373514,"{""type"":""Point"",""coordinates"":[72.83910666063281,33.59794002683884]}"
1856,35.192965370000024,-0.001977019012085086,0.13903815607151307,-0.1736458133825501,"{""type"":""Point"",""coordinates"":[72.88577520499155,33.55818944145723]}"
1857,32.63799542000004,-0.03946706143597335,0.18616122710993985,-0.2038129200384035,"{""type"":""Point"",""coordinates"":[73.1513145469529,33.59902340063317]}"
1858,32.39531599999998,-0.05535453564400432,0.23376623376623376,-0.2423868774053731,"{""type"":""Point"",""coordinates"":[72.96766368408072,33.71926570587122]}"
1859,24.260428400000023,-0.07692307692307693,0.21501520584630748,-0.19510670595588891,"{""type"":""Point"",""coordinates"":[72.98525732140688,33.75327176962585]}"
1860,33.23273089999998,-0.008931627921451466,0.13328905512636768,-0.15316212563135803,"{""type"":""Point"",""coordinates"":[73.09163905016574,33.543963701208746]}"
1861,30.809354719999988,-0.09101981697280927,0.24884132785711593,-0.23820375835917362,"{""type"":""Point"",""coordinates"":[73.08155754033467,33.724970592257456]}"
1862,31.255406330000028,-0.024029687309891714,0.17740045814608216,-0.19273010699355203,"{""type"":""Point"",""coordinates"":[72.8714391147257,33.63096313149036]}"
1863,27.78782504000003,-0.02596600695460011,0.1587021948175879,-0.16395678944069608,"{""type"":""Point"",""coordinates"":[72.95000720920082,33.737364281089775]}"
1864,31.352819899999986,-0.04381732866300971,0.19710463485807406,-0.20307739183424742,"{""type"":""Point"",""coordinates"":[72.88191038701582,33.57532884551168]}"
1865,34.07698184000003,-0.02510581550414565,0.15502711177892467,-0.18598021130303538,"{""type"":""Point"",""coordinates"":[73.06582384678632,33.549499957531935]}"
1866,31.504921790000026,-0.004638331413326866,0.1270618644356018,-0.1524604416623196,"{""type"":""Point"",""coordinates"":[73.17402929192842,33.59157364183763]}"
1867,33.45490219999999,0.01035937416564319,0.1492620612675183,-0.18919439186371073,"{""type"":""Point"",""coordinates"":[72.85395564188072,33.581522000043925]}"
1868,28.27147487000002,-0.055187467403272225,0.12912627379648195,-0.15188832423085843,"{""type"":""Point"",""coordinates"":[73.22429201261578,33.7587736592188]}"
1869,33.28058318000001,-0.00571797770957842,0.1669540445310743,-0.18359122533551306,"{""type"":""Point"",""coordinates"":[72.8420383816375,33.551832343745694]}"
1870,31.443397430000005,0.00436083287442885,0.15371746891330218,-0.18117771695947735,"{""type"":""Point"",""coordinates"":[72.96525175685815,33.63238743991704]}"
1871,27.545145620000028,-0.06072644721906924,0.22920092074975337,-0.2339801195759821,"{""type"":""Point"",""coordinates"":[72.93165722434043,33.78485368207434]}"
1872,30.139422800000034,-0.03548539857932123,0.18992163691771877,-0.20913514709135148,"{""type"":""Point"",""coordinates"":[73.16068027470688,33.69978233029319]}"
1873,31.756146260000037,-0.017163010595764736,0.17223497258186024,-0.1942456315704928,"{""type"":""Point"",""coordinates"":[73.19203212842861,33.599327368339864]}"
1874,30.62136362000001,-0.09342360062821158,0.23877142067440574,-0.25133055298654616,"{""type"":""Point"",""coordinates"":[73.2864608171308,33.656132443742955]}"
1875,34.367513540000004,0.002590278835898217,0.13689256313175172,-0.15747780881988896,"{""type"":""Point"",""coordinates"":[73.01700008536082,33.64859092144748]}"
1876,31.971481519999998,-0.07336772091760554,0.2271104903786468,-0.22987790652461312,"{""type"":""Point"",""coordinates"":[73.2718418349771,33.620148591220264]}"
1877,31.665568730000018,-0.019144793208193785,0.14116272173867542,-0.17512663002478715,"{""type"":""Point"",""coordinates"":[72.91512050276249,33.538628948933294]}"
1878,32.82940454000004,-0.018262987012987012,0.19010672539386753,-0.21635847357850266,"{""type"":""Point"",""coordinates"":[72.9808230565176,33.53750069614776]}"
1879,31.80741655999998,-0.032297262727040164,0.16293814618682229,-0.18387853894675077,"{""type"":""Point"",""coordinates"":[73.25647428063131,33.674526133287095]}"
1880,31.44168841999999,-0.008084048944669875,0.13726046841731723,-0.16065478777343184,"{""type"":""Point"",""coordinates"":[72.98658283278434,33.566852207896645]}"
1881,31.455360499999983,-0.053495384041528087,0.19065519058492886,-0.20822787066414744,"{""type"":""Point"",""coordinates"":[73.16115867786371,33.67782582042037]}"
1882,32.13041944999998,-0.027646855960455224,0.21252606771672233,-0.2265001972251282,"{""type"":""Point"",""coordinates"":[72.98192699893042,33.71710801747372]}"
1883,32.78838830000001,-0.04462717423406339,0.18663700250732776,-0.2131342852501038,"{""type"":""Point"",""coordinates"":[73.24648510391316,33.54683391873012]}"
1884,31.16995583000005,-0.06198033599132926,0.20209614946457052,-0.21444127698000956,"{""type"":""Point"",""coordinates"":[73.0843917632733,33.66651742328588]}"
1885,29.987320909999994,-0.10565886048623621,0.3037814683473193,-0.29575154846026347,"{""type"":""Point"",""coordinates"":[73.24186308152653,33.61044687372905]}"
1886,34.02571154000003,0.006627768651220755,0.1533806892922915,-0.19605770214507384,"{""type"":""Point"",""coordinates"":[72.92736357943618,33.59704463791353]}"
1887,34.70589752000001,-0.002333758596010829,0.1078171750868384,-0.1515595674322996,"{""type"":""Point"",""coordinates"":[73.29288089891811,33.53587838407588]}"
1888,31.89970310000001,-0.014935923046190725,0.14989554317548748,-0.18560402082211452,"{""type"":""Point"",""coordinates"":[73.18094427654125,33.52059676536398]}"
1889,34.82894624000005,-0.03294674993078414,0.18541269505048366,-0.21747643219724438,"{""type"":""Point"",""coordinates"":[73.26937804161876,33.57189593630855]}"
1890,33.63093022999999,-0.08017788662949954,0.25379666342485224,-0.24638381735023984,"{""type"":""Point"",""coordinates"":[73.07400438681627,33.717553404670376]}"
1891,31.86210488000006,-0.028298229745445148,0.18940328064865672,-0.20873362445414848,"{""type"":""Point"",""coordinates"":[73.25153849821633,33.76518974844036]}"
1892,27.962144060000014,-0.06151073242667541,0.21774436090225563,-0.23492184521540221,"{""type"":""Point"",""coordinates"":[73.28085085055876,33.787946833029956]}"
1893,33.56769686000001,-0.03318017722349852,0.18793985019150583,-0.2103421760861207,"{""type"":""Point"",""coordinates"":[72.81639616381402,33.557036179089884]}"
1894,29.966812790000006,-0.044284514418405495,0.1833093847388359,-0.18556604655510892,"{""type"":""Point"",""coordinates"":[72.86275631322385,33.671203812984814]}"
1895,32.26543124,-0.034158799653395355,0.18780555943567537,-0.21145421519393098,"{""type"":""Point"",""coordinates"":[73.16490346626375,33.567018140892515]}"
1896,25.71992294000006,-0.051532481869336566,0.26137095142631184,-0.25796984482189367,"{""type"":""Point"",""coordinates"":[73.19174007934933,33.7832882406608]}"
1897,25.907914040000037,-4.913647200131031E-4,0.12423058833152696,-0.14925997156952922,"{""type"":""Point"",""coordinates"":[73.2966851127732,33.79117024487717]}"
1898,25.73872204999998,-0.15270229007633587,0.3493342864802073,-0.33280375646525096,"{""type"":""Point"",""coordinates"":[73.02283599186066,33.77443286435346]}"
1899,30.568384310000056,-0.0694327106605338,0.22794474284585123,-0.227503726183849,"{""type"":""Point"",""coordinates"":[72.83377800036104,33.6522106711066]}"
1900,34.856290400000034,-0.013318431591692279,0.13986380303823992,-0.15979106705042107,"{""type"":""Point"",""coordinates"":[73.16207091827748,33.539943966341696]}"
1901,31.241734250000036,-0.05574313954202222,0.2000697836706211,-0.22894967216336448,"{""type"":""Point"",""coordinates"":[73.19735738154372,33.686351391494064]}"
1902,30.799100660000022,-0.08976016085020824,0.21141488724805427,-0.19416138804736988,"{""type"":""Point"",""coordinates"":[73.13075738646218,33.66696934063955]}"
1903,33.00885059000001,-0.01718675274988044,0.1521676569668038,-0.18873131200223559,"{""type"":""Point"",""coordinates"":[72.84354986203472,33.63528507121045]}"
1904,26.034380779999992,-0.12028759282909986,0.31344276841171254,-0.2921364661380665,"{""type"":""Point"",""coordinates"":[73.15637849576594,33.723192533611204]}"
1905,35.365575379999996,-0.050671772356650054,0.19712641516530635,-0.21203351104341203,"{""type"":""Point"",""coordinates"":[72.97206143026429,33.51222662298682]}"
1906,30.019792100000018,-0.02524632385972268,0.18235822338882365,-0.19398716517857142,"{""type"":""Point"",""coordinates"":[72.86787033965321,33.729341482953224]}"
1907,30.98880077000001,-0.0676735604565348,0.22295397802111389,-0.22681286607371764,"{""type"":""Point"",""coordinates"":[72.90289180799012,33.7627801496502]}"
1908,27.13156520000001,-0.07835099388970532,0.15261243386243387,-0.17130135260018484,"{""type"":""Point"",""coordinates"":[73.20700871782864,33.748041194858104]}"
1909,32.480766500000016,-0.066916823014384,0.21929365826447722,-0.23020912112844505,"{""type"":""Point"",""coordinates"":[72.93684827699828,33.68940743988982]}"
1910,34.71615158000003,0.00978418875097842,0.12386572752078177,-0.17833738065932603,"{""type"":""Point"",""coordinates"":[72.89541968771235,33.60522353830669]}"
1911,32.48760254000001,-0.04879132034769367,0.18630687526912587,-0.2111664712778429,"{""type"":""Point"",""coordinates"":[73.22720488438391,33.70057669747272]}"
1912,31.848432800000012,-0.04859055219461964,0.2149888143176734,-0.22499154167136573,"{""type"":""Point"",""coordinates"":[72.98039640398751,33.64811770166235]}"
1913,34.372640570000044,0.02295235860126731,0.09617511278063508,-0.12514864329213363,"{""type"":""Point"",""coordinates"":[72.9049371028657,33.657491779035865]}"
1914,25.203801920000046,-0.15503120124804992,0.33516173873840027,-0.31364358851144053,"{""type"":""Point"",""coordinates"":[73.19885331053152,33.776329655832676]}"
1915,30.903350270000033,-0.06542911714100803,0.23566995587939146,-0.23467539832074194,"{""type"":""Point"",""coordinates"":[73.10286897473591,33.71624866765316]}"
1916,31.686076850000006,-0.020243181071311206,0.15565151035753505,-0.1683287547510631,"{""type"":""Point"",""coordinates"":[73.06450952580258,33.5628089842432]}"
1917,33.55060676000005,5.247723414107115E-4,0.11394756760476157,-0.136269520968591,"{""type"":""Point"",""coordinates"":[73.13621350143026,33.568283794422435]}"
1918,34.19319452000002,-0.03588253288467421,0.17997769879434106,-0.19581185111942934,"{""type"":""Point"",""coordinates"":[73.05037494963253,33.545587282849155]}"
1919,32.074022119999995,-0.03495338480761221,0.2009814856123132,-0.21457307215099447,"{""type"":""Point"",""coordinates"":[72.8568842069663,33.55588927905008]}"
1920,32.86187573000001,-0.057454072508535195,0.19165307879742777,-0.21133790226460072,"{""type"":""Point"",""coordinates"":[73.2775502155828,33.6578080295867]}"
1921,30.83669888000003,-0.03755933453154523,0.1859044140885627,-0.20408599850251363,"{""type"":""Point"",""coordinates"":[73.23772155848339,33.62148382634938]}"
1922,35.26987082000005,-0.018439716312056736,0.161485440990294,-0.18745955274322285,"{""type"":""Point"",""coordinates"":[72.9512350040605,33.710873498702966]}"
1923,30.200947160000055,-0.08306593006715406,0.26379989191693043,-0.2522470835723848,"{""type"":""Point"",""coordinates"":[72.87869689165377,33.6998152909665]}"
1924,35.61679985000001,-0.017233305235553057,0.14561468276989611,-0.17900564481111594,"{""type"":""Point"",""coordinates"":[72.9215152611852,33.699255085957915]}"
1925,27.786116030000017,-0.18571140378685264,0.3849364638559286,-0.3673313393153872,"{""type"":""Point"",""coordinates"":[73.03302721712188,33.77614247328316]}"
1926,31.231480190000013,-0.061393643408464156,0.21998902091338918,-0.23003035172290662,"{""type"":""Point"",""coordinates"":[73.24129231046365,33.64309658286441]}"
1927,21.519176360000017,-0.1405364713340465,0.2639297475301866,-0.2449076676901786,"{""type"":""Point"",""coordinates"":[73.12095141464644,33.79498052748138]}"
1928,31.892867060000015,-0.07791894984042874,0.2554616544517305,-0.2583740466064462,"{""type"":""Point"",""coordinates"":[72.91529059240092,33.71382601772373]}"
1929,29.107180760000006,-0.07878787878787878,0.2252018945718472,-0.24148884745528623,"{""type"":""Point"",""coordinates"":[72.8280349204742,33.79239949352124]}"
1930,35.69712332000006,-0.03440009588876903,0.18243474686579433,-0.203920064171869,"{""type"":""Point"",""coordinates"":[72.80135303023533,33.52272761912519]}"
1931,26.406944960000033,-0.07314640788615703,0.209964105003676,-0.21074952397438115,"{""type"":""Point"",""coordinates"":[73.25839484636286,33.75170790718282]}"
1932,36.24058850000006,0.007464932875805189,0.09138450335948102,-0.12248093681917212,"{""type"":""Point"",""coordinates"":[73.1180868426665,33.55397551582612]}"
1933,31.773236360000055,-0.003896781319996318,0.13770081368662632,-0.16758261366069516,"{""type"":""Point"",""coordinates"":[72.89947978868514,33.65039626103595]}"
1934,35.064789620000056,-0.03703579455869033,0.16109525240384615,-0.18579182569669536,"{""type"":""Point"",""coordinates"":[72.97603276576872,33.50971276250067]}"
1935,34.38460364000002,-0.02534699469827843,0.18672113346088215,-0.21602288984263232,"{""type"":""Point"",""coordinates"":[72.9850388553828,33.51027996719993]}"
1936,23.643475790000025,-0.14289981703446472,0.29164029202008696,-0.2613013557506078,"{""type"":""Point"",""coordinates"":[73.1426463056584,33.767775158856]}"
1937,27.172581440000044,-0.11495429357992447,0.27729257641921395,-0.25576403243758944,"{""type"":""Point"",""coordinates"":[73.14627414428803,33.75240719286836]}"
1938,31.638224570000034,-0.04791023328339499,0.2302004630211231,-0.23645808907087068,"{""type"":""Point"",""coordinates"":[72.88162250593787,33.73482849789651]}"
1939,30.976837700000033,-0.03383129621246416,0.22373450505483514,-0.2317649808525557,"{""type"":""Point"",""coordinates"":[72.86735315366327,33.71473248877005]}"
1940,31.313512670000023,0.010242426257856407,0.09682887730095263,-0.11630785387442802,"{""type"":""Point"",""coordinates"":[72.98607976926601,33.614400387041435]}"
1941,32.477348480000046,-0.05687937117039054,0.209434095899143,-0.21840884766321797,"{""type"":""Point"",""coordinates"":[72.82637601256953,33.74860029476465]}"
1942,24.33220682000001,-0.1612891667711711,0.31316978303587706,-0.28464694108087757,"{""type"":""Point"",""coordinates"":[73.0381098335342,33.7543324341457]}"
1943,32.52861877999999,-0.06418815459055552,0.21724814347765167,-0.2289139583407009,"{""type"":""Point"",""coordinates"":[72.93423122129175,33.65703079805534]}"
1944,25.86177077000002,-0.11038815346645726,0.2717461133239111,-0.2485913716255992,"{""type"":""Point"",""coordinates"":[73.00630105963091,33.73979768300911]}"
1945,33.61896716000001,0.016860308024858148,0.11159991445941404,-0.152659422814965,"{""type"":""Point"",""coordinates"":[72.84148368042771,33.602322029461405]}"
1946,29.413093549999985,-0.115590492232828,0.23625427771440424,-0.23028339078205948,"{""type"":""Point"",""coordinates"":[73.26035252599488,33.62352728702517]}"
1947,32.256886190000046,-0.043082184525520935,0.18972004556594982,-0.21424041713641487,"{""type"":""Point"",""coordinates"":[72.9758093311167,33.68266018258663]}"
1948,33.06182990000002,-0.02743111707808257,0.18330053415799832,-0.21196415073966093,"{""type"":""Point"",""coordinates"":[72.9421269037157,33.51542727442774]}"
1949,32.06035004,-0.01597664710129006,0.1855541718555417,-0.20798656465758536,"{""type"":""Point"",""coordinates"":[72.86774500681896,33.6398429073981]}"
1950,29.811292879999996,-0.09112517040092279,0.23814056798349992,-0.22989637918127734,"{""type"":""Point"",""coordinates"":[72.90194546526315,33.76637104483814]}"
1951,34.11116204000001,0.031979719409847424,0.05992896796662184,-0.09053819136481357,"{""type"":""Point"",""coordinates"":[73.06143698354654,33.54190238013201]}"
1952,31.522011890000044,-0.05173884203544016,0.1939329831292468,-0.21712907117008443,"{""type"":""Point"",""coordinates"":[72.88525035567665,33.649310373036116]}"
1953,31.279332469999986,0.01442232324815802,0.12668231752119138,-0.14791214007924192,"{""type"":""Point"",""coordinates"":[73.28390267489549,33.65251114006289]}"
1954,33.0447398,0.009965034965034964,0.11250081854495449,-0.15894672215021488,"{""type"":""Point"",""coordinates"":[72.93557435109082,33.56947054392352]}"
1955,32.19877985000005,0.04945867315305003,0.09277333040903608,-0.11777902411665732,"{""type"":""Point"",""coordinates"":[73.0214735298475,33.634265725354375]}"
1956,31.773236360000055,-0.043322358770414314,0.18536350505536833,-0.2014264264264264,"{""type"":""Point"",""coordinates"":[73.25360447428268,33.57767386803729]}"
1957,33.59675003000001,-0.015964608578572802,0.17770345596432552,-0.20542798960747138,"{""type"":""Point"",""coordinates"":[72.96328800914081,33.59646949148988]}"
1958,28.269765860000007,-0.13598880991493584,0.31379556826304505,-0.2928328150451651,"{""type"":""Point"",""coordinates"":[73.10108997796883,33.70441508182048]}"
1959,35.89878650000003,0.02181253992881263,0.09393392984724254,-0.1266292922214436,"{""type"":""Point"",""coordinates"":[73.13813644493715,33.51623659600117]}"
1960,32.69610176000003,-0.029157600248678892,0.15439330543933055,-0.18641152440335412,"{""type"":""Point"",""coordinates"":[72.92524143842522,33.576913407696395]}"
1961,33.55744279999999,-0.033105655036613134,0.16010226644555003,-0.19214655968188596,"{""type"":""Point"",""coordinates"":[73.14347687828813,33.59136127974535]}"
1962,30.542749160000028,-0.08391388941191238,0.25117728030138375,-0.2583794812008161,"{""type"":""Point"",""coordinates"":[73.21838790156747,33.51052622151854]}"
1963,28.929443719999995,-0.061536884545734104,0.23266148230439612,-0.22358315938718443,"{""type"":""Point"",""coordinates"":[72.8449503543917,33.7164648301576]}"
1964,35.84068016000003,0.02583672192680638,0.06844145596761467,-0.0939618532438793,"{""type"":""Point"",""coordinates"":[73.11028616059205,33.604514076979186]}"
1965,32.57647106000002,-0.0414776796371449,0.20667957405614715,-0.22950646422658258,"{""type"":""Point"",""coordinates"":[73.2155520125028,33.652726980660304]}"
1966,32.46025838000003,-0.04135207516908505,0.1606266547496585,-0.19264560625227442,"{""type"":""Point"",""coordinates"":[72.94303295351162,33.616031881639024]}"
1967,32.02616984000002,-0.035971443453748815,0.18468815697266994,-0.19606629287015584,"{""type"":""Point"",""coordinates"":[73.13301974489916,33.63266381066131]}"
1968,32.74224503000005,-0.0073465980242103796,0.21050695559122526,-0.2295647152731781,"{""type"":""Point"",""coordinates"":[72.94244469854824,33.73321743100532]}"
1969,28.59105973999999,-0.0642245330130535,0.2684498022226408,-0.25633371889108614,"{""type"":""Point"",""coordinates"":[73.13293723136672,33.50554297964243]}"
1970,33.60529508000002,-0.008620689655172414,0.14717437292233304,-0.1782314802041661,"{""type"":""Point"",""coordinates"":[72.85526676171375,33.57191880646903]}"
1971,29.636973860000012,-0.08732470699817085,0.2397172981114587,-0.23480535466994923,"{""type"":""Point"",""coordinates"":[73.2394932839427,33.61773217827623]}"
1972,33.17291555000003,-0.04262324794586757,0.21668781725888325,-0.21933124900641196,"{""type"":""Point"",""coordinates"":[72.9746805578878,33.57019094325929]}"
1973,34.78963901000003,0.014607416072775409,0.10744373518778003,-0.14142566772456586,"{""type"":""Point"",""coordinates"":[73.05878706237638,33.52754290536139]}"
1974,32.01762479000001,-0.0017823139614593648,0.16105225988700564,-0.18759706721566077,"{""type"":""Point"",""coordinates"":[73.28707564802816,33.60350365301064]}"
1975,28.782468859999994,-0.07068771883464359,0.21990139625907945,-0.230459704665376,"{""type"":""Point"",""coordinates"":[73.26418421100004,33.71808495214991]}"
1976,26.702603690000046,-0.07381130196664178,0.27204364494249483,-0.2765375011560159,"{""type"":""Point"",""coordinates"":[73.20470196323906,33.78280848383889]}"
1977,33.30450932000002,-0.045616151355469495,0.21036966267362386,-0.22906716417910447,"{""type"":""Point"",""coordinates"":[73.24558816270306,33.55524783609338]}"
1978,33.400213880000024,0.039663777252429734,0.09822769600480624,-0.16253293358771692,"{""type"":""Point"",""coordinates"":[72.93576652262857,33.641434730075964]}"
1979,33.56427884000004,0.001476392780740607,0.15494528472851468,-0.18583722469718927,"{""type"":""Point"",""coordinates"":[73.21376824404491,33.501667672022606]}"
1980,24.879090020000035,-0.18457373926411122,0.3467836923895285,-0.3223652303674688,"{""type"":""Point"",""coordinates"":[73.29053782855847,33.777728505251794]}"
1981,34.05989174000001,-0.02384612006499495,0.17206823742333344,-0.1978215820931308,"{""type"":""Point"",""coordinates"":[72.98156158483692,33.504955417004325]}"
1982,35.80308194000003,-0.013967893776544364,0.12187012282011264,-0.1541764110440155,"{""type"":""Point"",""coordinates"":[73.12014948633163,33.56591236956312]}"
1983,32.65679453000001,-0.038716613378384036,0.2561799270565987,-0.2569227390224535,"{""type"":""Point"",""coordinates"":[73.09226663709357,33.70467168772305]}"
1984,37.995741769999995,9.275029933051148E-4,0.05726777906665477,-0.07714405192632862,"{""type"":""Point"",""coordinates"":[73.09921659067922,33.609310656681366]}"
1985,28.232167640000057,-0.15226052882873983,0.3196937697993664,-0.2975027345705334,"{""type"":""Point"",""coordinates"":[73.08072708844485,33.69288819608802]}"
1986,26.615444180000054,-0.09499061882544374,0.28536067203305593,-0.268206380646526,"{""type"":""Point"",""coordinates"":[73.16231514863262,33.76965130480587]}"
1987,34.135088180000025,0.04290084309482951,0.12905970368197153,-0.17742083524552546,"{""type"":""Point"",""coordinates"":[72.979558605925,33.604359924191755]}"
1988,32.23466905999999,-0.0036731537569274393,0.11877312071256689,-0.1377332992439461,"{""type"":""Point"",""coordinates"":[73.06875805490945,33.53602212826661]}"
1989,34.562340680000034,-0.0083540437763871,0.18523211206138035,-0.20577177843818253,"{""type"":""Point"",""coordinates"":[72.90730856847124,33.56687731861045]}"
1990,29.375495330000035,-0.1312625250501002,0.2643509490065842,-0.25168689668355154,"{""type"":""Point"",""coordinates"":[73.04602510688053,33.7226617119394]}"
1991,30.96316562000004,-0.06531973322871715,0.209442155661953,-0.21634938409854423,"{""type"":""Point"",""coordinates"":[73.20913513073738,33.58564216076809]}"
1992,31.322057720000032,-0.04934343726499682,0.20772303595206393,-0.23413953804810014,"{""type"":""Point"",""coordinates"":[73.10101203352177,33.51134663904634]}"
1993,32.60039720000003,-0.053262775551102204,0.20803031119251558,-0.23370621676141573,"{""type"":""Point"",""coordinates"":[72.88310902903316,33.526968991207546]}"
1994,27.480203240000037,-0.17025528623001548,0.3441439440217693,-0.3178221415607985,"{""type"":""Point"",""coordinates"":[73.11236479722784,33.71383999222322]}"
1995,29.266118689999985,-0.059472984596137306,0.23908113248957494,-0.23679646566989795,"{""type"":""Point"",""coordinates"":[73.03460747567051,33.69319437816117]}"
1996,29.643809900000008,-0.10834465543935037,0.28769134760104254,-0.2738497294549152,"{""type"":""Point"",""coordinates"":[73.10316030462361,33.67853555926408]}"
1997,32.06547707000004,-0.03978527071454664,0.19319093096158052,-0.21001755845115977,"{""type"":""Point"",""coordinates"":[72.88167095272043,33.750193938735876]}"
1998,35.64243499999998,0.012951517222101439,0.07384818124989441,-0.12253187806859525,"{""type"":""Point"",""coordinates"":[73.21717088723825,33.53673111082639]}"
1999,31.875776960000053,-0.0105519705320298,0.20797192610739587,-0.2259516849779928,"{""type"":""Point"",""coordinates"":[72.80267529639129,33.76704399587778]}"
2000,32.911437019999994,-0.04368503701488073,0.22696344743921093,-0.24979404706472294,"{""type"":""Point"",""coordinates"":[72.89070470673455,33.517343630224154]}"
2001,28.62011290999999,-0.11394250683456217,0.26568647753158003,-0.25707234074378776,"{""type"":""Point"",""coordinates"":[73.12231938305425,33.6656700518865]}"
2002,32.624323340000046,-0.05990448176613847,0.2099581166955517,-0.2281164678504022,"{""type"":""Point"",""coordinates"":[73.27097373382448,33.69043915380927]}"
2003,26.11641326000006,-0.1097481504197493,0.2590240932417152,-0.2464747798755678,"{""type"":""Point"",""coordinates"":[72.98296029876887,33.76789004870576]}"
2004,26.222371880000026,-0.16049766718507,0.34922069938162226,-0.31926028075386303,"{""type"":""Point"",""coordinates"":[73.09890745358697,33.756707405250296]}"
2005,26.273642180000024,-0.04928722555582533,0.19800411848566452,-0.1980990099009901,"{""type"":""Point"",""coordinates"":[72.88817436433163,33.778198799603565]}"
2006,33.024231680000014,-0.07626067066333776,0.2185791424750749,-0.2394545642367687,"{""type"":""Point"",""coordinates"":[73.18401947307702,33.581464408772256]}"
2007,23.807540750000044,-0.14355344579130289,0.24735905318878434,-0.2306604634190841,"{""type"":""Point"",""coordinates"":[72.98332652603206,33.748284611956045]}"
2008,28.744870640000045,-0.03868428740827304,0.22207169864730977,-0.21835187872923723,"{""type"":""Point"",""coordinates"":[72.88804247136845,33.72230679714539]}"
2009,33.037903760000006,-0.010302841086481423,0.1391157420444945,-0.16428006044470028,"{""type"":""Point"",""coordinates"":[72.99443034710544,33.68808165544517]}"
2010,30.72390422000001,-0.11328131084217248,0.29939825840347595,-0.2944798609098812,"{""type"":""Point"",""coordinates"":[72.90876786494721,33.74045783360227]}"
2011,31.082796320000057,-0.04474972366966683,0.20086393088552915,-0.20029751646318233,"{""type"":""Point"",""coordinates"":[72.82264907398863,33.73667722530182]}"
2012,32.34575471000005,-0.05604349644500209,0.1978615480056928,-0.20117098161192937,"{""type"":""Point"",""coordinates"":[73.08001262808632,33.719956756268715]}"
2013,34.27180898000006,-0.04770375641139672,0.22061414113502123,-0.23641580070676324,"{""type"":""Point"",""coordinates"":[72.85397356734615,33.514936403426354]}"
2014,29.09179967,-0.09233362019506598,0.2362477933567356,-0.23354457289789637,"{""type"":""Point"",""coordinates"":[73.27060783611584,33.782960496965295]}"
2015,32.08256717000006,-0.041769504681877276,0.10934114437043575,-0.1303174635622151,"{""type"":""Point"",""coordinates"":[73.098948604776,33.5265379927669]}"
2016,28.826903119999997,-0.09366653948874476,0.2556305895236357,-0.25411987749744785,"{""type"":""Point"",""coordinates"":[72.83175141158054,33.770131544147425]}"
2017,31.762982300000033,-0.031376707628968874,0.16674899442523464,-0.18591306842633767,"{""type"":""Point"",""coordinates"":[72.9758135270475,33.613775736305726]}"
2018,30.812772740000014,-0.06082278481012658,0.23866533643720209,-0.2410958904109589,"{""type"":""Point"",""coordinates"":[73.23409375990693,33.56202291331351]}"
2019,34.60335692000001,-0.020356234096692113,0.16376451077943616,-0.19778109665030938,"{""type"":""Point"",""coordinates"":[72.81165797148398,33.595224040054624]}"
2020,34.99984724000001,-0.011647356709890278,0.15979662567512887,-0.18412875181865537,"{""type"":""Point"",""coordinates"":[72.95596337071626,33.57408994698017]}"
2021,29.48999900000001,-0.09394727070181953,0.2826355126623612,-0.2808695652173913,"{""type"":""Point"",""coordinates"":[72.90070409829691,33.725161766416605]}"
2022,32.557671949999985,0.007914784157240378,0.0939869447424405,-0.11515578373769762,"{""type"":""Point"",""coordinates"":[73.03461909711466,33.63878861464635]}"
2023,28.915771640000003,-0.07164744362196591,0.22034031208343136,-0.233836762199231,"{""type"":""Point"",""coordinates"":[73.26057251040628,33.74917017121837]}"
2024,33.492500420000056,0.002069454287739192,0.13675848483869926,-0.16895795975293884,"{""type"":""Point"",""coordinates"":[73.16935319063502,33.510530059522935]}"
2025,32.28935738000001,0.014795693508782976,0.09373034179073181,-0.12192149130668578,"{""type"":""Point"",""coordinates"":[72.98043517555398,33.561441988057304]}"
2026,31.70487595999998,-0.06213402732595966,0.22583067392528627,-0.23403129488245522,"{""type"":""Point"",""coordinates"":[73.24477255277853,33.7383845330329]}"
2027,31.672404770000014,-0.038144742103158734,0.19131520023492274,-0.20248240088921823,"{""type"":""Point"",""coordinates"":[72.83650632178121,33.666122238937184]}"
2028,33.52497161000002,-0.05962449127797025,0.21055724557522124,-0.23349771046143009,"{""type"":""Point"",""coordinates"":[73.220804768642,33.66506840957288]}"
2029,32.47393046000002,-0.008245735507018317,0.1125929012988817,-0.15833242940304443,"{""type"":""Point"",""coordinates"":[73.1452448908223,33.51465457809759]}"
2030,33.15753446000002,0.02844475307817633,0.10046891544395704,-0.15666634869153231,"{""type"":""Point"",""coordinates"":[72.9370275236602,33.540772667085626]}"
2031,29.09692670000004,-0.06912801846013845,0.24121797532354827,-0.24851981175041749,"{""type"":""Point"",""coordinates"":[73.21747094715376,33.78265017858131]}"
2032,30.29323370000003,-0.06162871747211896,0.2296151776103337,-0.24021171201737124,"{""type"":""Point"",""coordinates"":[73.17079862818674,33.63485803507143]}"
2033,34.350423439999986,-0.0014535764036097147,0.16817973082765197,-0.1913038779516922,"{""type"":""Point"",""coordinates"":[72.96237955571037,33.558911426432964]}"
2034,28.53978944000005,-0.08130339558290003,0.2651057254073509,-0.2487401772440291,"{""type"":""Point"",""coordinates"":[73.12377184129099,33.50954478962533]}"
2035,31.909957159999976,0.03799565858589206,0.06885632226231682,-0.09154492639178746,"{""type"":""Point"",""coordinates"":[73.03443390260283,33.62625117250001]}"
2036,25.193547860000024,-0.17128222936018753,0.3738841179864906,-0.35661616838718324,"{""type"":""Point"",""coordinates"":[73.1859153797798,33.781718719059775]}"
2037,31.901412110000024,-0.0030432686513197542,0.14442381738173818,-0.16564245321007756,"{""type"":""Point"",""coordinates"":[73.25415929753115,33.64022702135664]}"
2038,31.523720900000058,-0.031115107913669064,0.16358839050131926,-0.1866289499103077,"{""type"":""Point"",""coordinates"":[73.21623542587581,33.63432567627703]}"
2039,32.65850354000003,-0.012863436123348018,0.15444868447479412,-0.19071951387929845,"{""type"":""Point"",""coordinates"":[72.82419485130642,33.62297767530484]}"
2040,25.077335179999977,-0.14682772592157828,0.2876700680272109,-0.26047237540318385,"{""type"":""Point"",""coordinates"":[73.19564620777598,33.77295647788935]}"
2041,36.338002070000016,0.011188502631661887,0.0842361723083303,-0.10682283214562902,"{""type"":""Point"",""coordinates"":[73.14438548272071,33.58023410308906]}"
2042,30.653834810000035,-0.02994939755064366,0.16513145627447323,-0.17618491887211535,"{""type"":""Point"",""coordinates"":[73.01569540125351,33.68268644864589]}"
2043,32.42949620000002,-0.05727764936833107,0.22624949506077632,-0.22624949506077632,"{""type"":""Point"",""coordinates"":[72.9414907282826,33.611912065343425]}"
2044,26.112995240000032,-0.11088069877776731,0.308415365257938,-0.28970598964032973,"{""type"":""Point"",""coordinates"":[73.14682699078426,33.76092302562798]}"
2045,35.481788059999985,-0.018271278989529266,0.15941038823509318,-0.17520775623268697,"{""type"":""Point"",""coordinates"":[73.16419854643436,33.52281203687162]}"
2046,35.297214980000035,0.04507799556097408,0.05418090209476481,-0.08609624717782795,"{""type"":""Point"",""coordinates"":[73.02105510860602,33.558419741252216]}"
2047,34.256427890000055,-0.028051696385316228,0.18709398007795583,-0.2086204045637436,"{""type"":""Point"",""coordinates"":[72.8001317392689,33.54174466840567]}"
2048,31.332311780000055,-0.06505324298160697,0.2427893666691769,-0.24607369374811236,"{""type"":""Point"",""coordinates"":[72.8712758022108,33.730138719777756]}"
2049,30.782010560000003,-0.07691809227579056,0.22396523788481368,-0.22726433556105305,"{""type"":""Point"",""coordinates"":[73.0783053842301,33.59194872982403]}"
2050,32.58330710000001,-0.0676589238675926,0.14355615184279064,-0.15421379639955393,"{""type"":""Point"",""coordinates"":[73.107773010787,33.66144790974475]}"
2051,28.468011020000006,-0.06367339438302043,0.22327498150822445,-0.23309071542694834,"{""type"":""Point"",""coordinates"":[72.82231132878127,33.75229048898388]}"
2052,33.13873535000005,-0.023764653272431085,0.15619927131055877,-0.1628269781954069,"{""type"":""Point"",""coordinates"":[73.09209852537516,33.58824668134685]}"
2053,31.42801634,-0.02555749696449196,0.1621975366647649,-0.2041447894572134,"{""type"":""Point"",""coordinates"":[73.16892997822355,33.70219638416838]}"
2054,29.353278199999977,-0.07229441590275679,0.23880828613546434,-0.23770396496259835,"{""type"":""Point"",""coordinates"":[73.15531095608671,33.71646042441955]}"
2055,31.448524460000044,-0.10742981847038985,0.29412673879443585,-0.27065786478488507,"{""type"":""Point"",""coordinates"":[72.87060434293234,33.70588474035734]}"
2056,31.388709110000036,-0.04845800361651653,0.21228396601001284,-0.21198174356614122,"{""type"":""Point"",""coordinates"":[73.00001453461189,33.64747563806267]}"
2057,32.05351400000001,-0.035984295402186964,0.1957604584097974,-0.21639743980493753,"{""type"":""Point"",""coordinates"":[73.01276411599575,33.51043134650206]}"
2058,33.815503310000054,0.004851341049275764,0.08988785365946222,-0.10968140806429799,"{""type"":""Point"",""coordinates"":[73.07681806256251,33.650061401954396]}"
2059,32.144091530000026,-0.02504081156716418,0.18687661384233709,-0.21068034705963365,"{""type"":""Point"",""coordinates"":[73.03117392650793,33.640193941719964]}"
2060,29.724133370000004,-0.09565483476132192,0.27280806213675063,-0.2641576048580709,"{""type"":""Point"",""coordinates"":[72.83918396872441,33.76875175338165]}"
2061,36.56871841999998,-0.014572833808974436,0.15115397864278332,-0.1914999821727814,"{""type"":""Point"",""coordinates"":[72.80214570062941,33.52402817212913]}"
2062,31.94755538000004,-0.07231888237367426,0.24210370040455778,-0.24626671135441106,"{""type"":""Point"",""coordinates"":[73.269533153103,33.61690205646761]}"
2063,33.37970575999998,0.010260637239575932,0.12263846798633052,-0.1604238869634764,"{""type"":""Point"",""coordinates"":[72.87055049260833,33.57278600632703]}"
2064,29.315679980000027,-0.14472493211304435,0.3045272206303725,-0.2881880258045045,"{""type"":""Point"",""coordinates"":[73.06755614724386,33.6921485581247]}"
2065,32.57647106000002,-0.10107088849797859,0.2534869831008678,-0.26652467163649274,"{""type"":""Point"",""coordinates"":[73.27445592593224,33.640285983790164]}"
2066,31.35965594000004,-0.06952037773359841,0.24568100001809004,-0.24125748071238012,"{""type"":""Point"",""coordinates"":[73.05623780952024,33.651492567851314]}"
2067,33.84626549000001,-0.005708498296657766,0.15550618851158363,-0.17700513630975898,"{""type"":""Point"",""coordinates"":[73.1864877018807,33.611500403444566]}"
2068,27.89549267000001,-0.10511695684512515,0.2708198781616017,-0.2624460281953909,"{""type"":""Point"",""coordinates"":[73.04112741961508,33.671646723248315]}"
2069,26.991426380000007,-0.14160819049810192,0.32364121373791266,-0.3320805369127517,"{""type"":""Point"",""coordinates"":[73.22700280992443,33.775496421705164]}"
2070,30.06422636000002,-0.06274409373199309,0.2343558282208589,-0.23064946619217083,"{""type"":""Point"",""coordinates"":[73.12630807728434,33.71210673463439]}"
2071,32.04667796000001,0.007655092167309694,0.12025994676622075,-0.15425437190583038,"{""type"":""Point"",""coordinates"":[73.18629959529856,33.546169274393556]}"
2072,25.675488680000058,-0.15873364500643217,0.3434953434225844,-0.3220921490709913,"{""type"":""Point"",""coordinates"":[73.19893592621766,33.76576821481743]}"
2073,33.61384013000003,-0.004025386378327555,0.14683178950194656,-0.18622533108846961,"{""type"":""Point"",""coordinates"":[73.08826355092492,33.50111170984717]}"
2074,26.355674659999977,-0.08217467321621846,0.2752388988089398,-0.26420012449424213,"{""type"":""Point"",""coordinates"":[73.03882705649744,33.797014968439136]}"
2075,34.40852977999998,-0.03482665324356635,0.16720485433448068,-0.19774237596722805,"{""type"":""Point"",""coordinates"":[73.01791274505796,33.53026307046864]}"
2076,32.91998207000006,-0.05749141863678916,0.2270846265259673,-0.24285714285714285,"{""type"":""Point"",""coordinates"":[73.1762203746806,33.596434788627]}"
2077,26.882049740000014,-0.03188565145684442,-0.02165981351711357,0.05223294434470377,"{""type"":""Point"",""coordinates"":[73.11660306762776,33.70015096124411]}"
2078,30.77346551000005,-0.07035048092025549,0.2447854148182941,-0.2609967573664176,"{""type"":""Point"",""coordinates"":[73.22610629774043,33.783718342154536]}"
2079,22.11732986000004,-0.1503762079663374,0.30117371838825474,-0.28531017171998885,"{""type"":""Point"",""coordinates"":[73.05565760328342,33.78648729707093]}"
2080,34.79476604000001,-0.04453091223519239,0.17583258012931935,-0.21193880110358665,"{""type"":""Point"",""coordinates"":[72.81623767409685,33.51375229897475]}"
2081,31.944137360000013,-0.025798149396409092,0.18157755426151403,-0.2159953510333055,"{""type"":""Point"",""coordinates"":[73.21461862103054,33.509551462412084]}"
2082,25.895950970000058,-0.09607248896204791,0.2969981613966104,-0.28738955242758796,"{""type"":""Point"",""coordinates"":[73.0954449309131,33.78994606357846]}"
2083,35.96543789000003,0.00956350452482229,0.12895772997949953,-0.17082883369330454,"{""type"":""Point"",""coordinates"":[73.06596737175997,33.51440628532298]}"
2084,29.847182090000047,-0.057119336351834846,0.22827606504304318,-0.23754100487425173,"{""type"":""Point"",""coordinates"":[73.11719482443091,33.74790913005499]}"
2085,31.154574740000044,-0.06832990696539949,0.21200142309364747,-0.2015048201269692,"{""type"":""Point"",""coordinates"":[72.82852135039346,33.699616162825954]}"
2086,34.74862277,-0.022006111176401458,0.18350543524488372,-0.20682776206914497,"{""type"":""Point"",""coordinates"":[72.9459058048987,33.557358119002785]}"
2087,32.74737206000003,-0.04787653486538245,0.1841923398683301,-0.19208377576800556,"{""type"":""Point"",""coordinates"":[73.08371555391084,33.72211175217028]}"
2088,29.254155620000006,-0.057808341460995484,0.23934769135419895,-0.23100303951367782,"{""type"":""Point"",""coordinates"":[73.02398185074831,33.73055674955902]}"
2089,32.08085816000005,-0.04433586409080659,0.2066216192742622,-0.215064108170512,"{""type"":""Point"",""coordinates"":[73.05813751353853,33.649175517527425]}"
2090,31.793744479999987,0.03548217594513123,0.08644590511199028,-0.13821350478117556,"{""type"":""Point"",""coordinates"":[72.82082908439635,33.617167953815255]}"
2091,26.36251070000003,-0.12083440971325239,0.30631139211922775,-0.2897112919406978,"{""type"":""Point"",""coordinates"":[73.05066043412074,33.74254130974422]}"
2092,36.36363721999999,0.004505045651129265,0.09798595468398039,-0.1475160117708153,"{""type"":""Point"",""coordinates"":[73.08222519472147,33.51796561512343]}"
2093,24.834655760000032,-0.11795462966775083,0.23657725761646706,-0.21641356448506024,"{""type"":""Point"",""coordinates"":[73.28071333860638,33.7745731174316]}"
2094,29.924087540000016,-0.005852034790078385,0.23325543889675146,-0.2594111320247378,"{""type"":""Point"",""coordinates"":[73.0887877540467,33.785435142894485]}"
2095,29.48487197000003,-0.11381578947368422,0.2814431689163618,-0.27587877482908973,"{""type"":""Point"",""coordinates"":[73.26016855493648,33.7110010581114]}"
2096,32.44316828000001,-0.04937104868669752,0.21759022933091335,-0.2259108386949404,"{""type"":""Point"",""coordinates"":[72.91833743991367,33.560643619117386]}"
2097,33.19513268000003,-0.009734682191257874,0.13582279160478805,-0.15706395931684378,"{""type"":""Point"",""coordinates"":[73.00479697996347,33.549919484447024]}"
2098,24.328788799999984,-0.10957403524146349,0.30189857148103266,-0.29576023391812867,"{""type"":""Point"",""coordinates"":[73.02729045321011,33.76091295085179]}"
2099,34.092362930000036,-0.009610849056603773,0.14746188641313454,-0.1883751192851566,"{""type"":""Point"",""coordinates"":[72.9826133561902,33.56695376017314]}"
2100,35.82188105,-7.56807483312395E-5,0.10777278519214004,-0.13331046312178388,"{""type"":""Point"",""coordinates"":[73.12374302426086,33.52828323210588]}"
2101,29.233647500000018,-0.03295605285372198,0.17347737591983717,-0.1783201666470149,"{""type"":""Point"",""coordinates"":[73.21682908520772,33.7598162675442]}"
2102,30.98367374000003,-0.10302805357087624,0.2931322068315324,-0.2778414791457647,"{""type"":""Point"",""coordinates"":[73.02809823563547,33.67483524341218]}"
2103,26.471887340000023,-0.07635023318790432,0.20258856158339286,-0.20223491850109226,"{""type"":""Point"",""coordinates"":[73.27995908248926,33.799944404099975]}"
2104,23.846847980000007,-0.12307692307692308,0.2187091960455139,-0.20460935699469923,"{""type"":""Point"",""coordinates"":[72.99449010674944,33.79897198611646]}"
2105,29.39771245999998,0.006787056114410375,0.15282491339745732,-0.18598382749326145,"{""type"":""Point"",""coordinates"":[72.89961792083106,33.78595265475833]}"
2106,32.55596294000003,-0.061248797471253835,0.028639936059677636,-0.042058386937159825,"{""type"":""Point"",""coordinates"":[73.10030878384713,33.57578792515489]}"
2107,27.52805552000001,-0.05466435066925513,0.18639132600283514,-0.20706322600764013,"{""type"":""Point"",""coordinates"":[73.22636857021439,33.744386558264495]}"
2108,34.32307928,-0.052328623757195186,0.1987867311873203,-0.222099092014013,"{""type"":""Point"",""coordinates"":[73.25705177321348,33.600541279713426]}"
2109,25.617382340000006,-0.11812969892546947,0.2941036236490782,-0.2661327942777173,"{""type"":""Point"",""coordinates"":[73.12898384195728,33.7644497810266]}"
2110,26.765837060000024,-0.09844810863239573,0.2568370986920333,-0.2525180708614765,"{""type"":""Point"",""coordinates"":[73.15941798083585,33.75937996069668]}"
2111,31.29129554000002,-0.05612632873299141,0.20488777318369758,-0.2172453660537799,"{""type"":""Point"",""coordinates"":[72.80573542834442,33.711052410780866]}"
2112,28.59105973999999,-0.07260358688930117,0.22529141646061462,-0.2534961876197015,"{""type"":""Point"",""coordinates"":[73.26447660775699,33.79556335162753]}"
2113,35.10922388000006,0.025910670989980428,0.0889556527986415,-0.1293010024383636,"{""type"":""Point"",""coordinates"":[73.2079761583666,33.52453300171748]}"
2114,32.29277539999998,-0.08081342606592078,0.1194675540765391,-0.1641086186540732,"{""type"":""Point"",""coordinates"":[73.21293471514588,33.726105450412035]}"
2115,27.722882659999982,-0.07505674840918394,0.18622841774620708,-0.1771416929815626,"{""type"":""Point"",""coordinates"":[73.12368327265395,33.71203020603414]}"
2116,30.930694430000017,-0.037021590580988736,0.14226651118414077,-0.17261893965501604,"{""type"":""Point"",""coordinates"":[73.06045983722639,33.71527366659745]}"
2117,28.929443719999995,-0.09131852250193258,0.2634241245136187,-0.24889418823800916,"{""type"":""Point"",""coordinates"":[73.27924337303335,33.59431814080462]}"
2118,34.083817880000026,0.018351619644723094,0.09376023285428416,-0.10913518299881936,"{""type"":""Point"",""coordinates"":[73.04822007049273,33.658555997403646]}"
2119,29.669445050000036,-0.06364823683064867,0.21906434615998724,-0.2241707585930454,"{""type"":""Point"",""coordinates"":[73.24587703867839,33.739844681035734]}"
2120,29.00122213999998,-0.09079638510978434,0.2523035433365795,-0.24428730926684034,"{""type"":""Point"",""coordinates"":[73.13693540166523,33.67821038396906]}"
2121,32.333791640000015,-0.018742718947694394,0.18148857572855384,-0.210980227177114,"{""type"":""Point"",""coordinates"":[72.93443494034054,33.57845159210983]}"
2122,32.19365282000001,-0.024451449031428835,0.1989971346704871,-0.22115016324073905,"{""type"":""Point"",""coordinates"":[73.24776275824374,33.506228982205705]}"
2123,35.34164924000004,0.019103579437395327,0.09855035605289929,-0.156879812520924,"{""type"":""Point"",""coordinates"":[72.92279999390126,33.51910661425227]}"
2124,33.284001200000034,-0.005039193729003359,0.16467687516221127,-0.2056689951638904,"{""type"":""Point"",""coordinates"":[72.86430250234028,33.568513699297235]}"
2125,23.293128740000043,-0.10267346301882867,0.14033672206981873,-0.12664080352872403,"{""type"":""Point"",""coordinates"":[73.03524483211402,33.77431828408895]}"
2126,33.020813660000044,-0.07641609152521296,0.238783542039356,-0.2421611537633637,"{""type"":""Point"",""coordinates"":[72.81435892550216,33.5354275640757]}"
2127,33.565987850000056,-0.03748322362114143,0.20706385351798495,-0.2205409672750512,"{""type"":""Point"",""coordinates"":[73.2916326302263,33.594560990105066]}"
2128,34.446128000000044,-0.026171969880981298,0.11784355878948238,-0.13702270815811607,"{""type"":""Point"",""coordinates"":[73.11842184958539,33.53188764607214]}"
2129,33.55231577000001,-0.024414001131150633,0.1581677057245875,-0.18296112189546634,"{""type"":""Point"",""coordinates"":[72.87520541490477,33.64771418763288]}"
2130,33.58478696000003,-0.03455295889341291,0.22474784991498703,-0.23706149126317194,"{""type"":""Point"",""coordinates"":[73.12193763065565,33.63458350929109]}"
2131,32.65508552000006,-0.054983544189136146,0.23084510515376758,-0.2362890099780624,"{""type"":""Point"",""coordinates"":[72.95239691814099,33.57362809631489]}"
2132,31.80741655999998,-0.060897289911181963,0.25232539383837843,-0.2503981532845409,"{""type"":""Point"",""coordinates"":[73.25174731229362,33.57176490830348]}"
2133,30.792264620000026,-0.06851237560602194,0.24290431491856193,-0.24720774385703648,"{""type"":""Point"",""coordinates"":[73.26183635761764,33.691443165843566]}"
2134,23.614422620000028,-0.020678652512732404,-0.01701926486230942,0.08392994823218417,"{""type"":""Point"",""coordinates"":[72.95556584172684,33.7999376031536]}"
2135,28.471429040000032,-0.10362431429749183,0.26347696663883546,-0.2613934946090423,"{""type"":""Point"",""coordinates"":[72.85383346684772,33.77836762571184]}"
2136,34.16755937000005,0.03611517813567594,0.06677949622801174,-0.0918036411881772,"{""type"":""Point"",""coordinates"":[73.07673031399568,33.62930048043686]}"
2137,31.24344326000005,0.028298590893210667,0.08273241264250626,-0.11580636533832575,"{""type"":""Point"",""coordinates"":[73.18418914750207,33.754556913853406]}"
2138,35.733012529999996,-0.04202327442891447,0.21509217210245732,-0.22474308872485163,"{""type"":""Point"",""coordinates"":[72.9699855141381,33.535965352998026]}"
2139,36.25426058000005,-0.002836529567737559,0.11777037011581154,-0.1515666489644185,"{""type"":""Point"",""coordinates"":[73.24021621524045,33.53634054246283]}"
2140,33.17633357,-0.023642786316311355,0.17122547020971088,-0.1904719003946017,"{""type"":""Point"",""coordinates"":[73.28424120984373,33.507248209336105]}"
2141,31.585245260000022,-0.05542168674698795,0.18489978276017544,-0.19469355705252717,"{""type"":""Point"",""coordinates"":[73.25421562966015,33.692312428008655]}"
2142,29.41651157000001,-0.07628554651455415,0.24080306371126842,-0.244340995053826,"{""type"":""Point"",""coordinates"":[73.25574058484017,33.706663957309765]}"
2143,31.956100429999992,-0.09514493462453943,0.24118179634522643,-0.24352542623891593,"{""type"":""Point"",""coordinates"":[72.84079602453528,33.5997213385321]}"
2144,34.587975830000005,0.0024616368286445012,0.11316042952445507,-0.12956125108601216,"{""type"":""Point"",""coordinates"":[73.08172335153874,33.61549449532916]}"
2145,28.843993220000016,-0.11354527599916969,0.2753140829874001,-0.2693483800509647,"{""type"":""Point"",""coordinates"":[73.24421528590261,33.65091610022506]}"
2146,28.62523994000003,-0.08546284224250326,0.26460089617984356,-0.25294405357613153,"{""type"":""Point"",""coordinates"":[73.06484646905352,33.733377319854874]}"
2147,31.754437250000024,-0.0594966754169483,0.19171131031312436,-0.2037576125587127,"{""type"":""Point"",""coordinates"":[73.17130224437877,33.59838804040502]}"
2148,37.26257648000001,0.025835644431469858,0.07146154000521764,-0.08584328160907852,"{""type"":""Point"",""coordinates"":[73.09212932707646,33.61990218908125]}"
2149,32.477348480000046,0.011819099404161105,0.1028343023255814,-0.12315890755680557,"{""type"":""Point"",""coordinates"":[73.05080284747422,33.69774920154787]}"
2150,31.43314337000004,-0.09861699476700722,0.26316166463720364,-0.25623308163556063,"{""type"":""Point"",""coordinates"":[73.13693438267435,33.599491953318065]}"
2151,31.75272824000001,-0.08098128794042181,0.23435880944724335,-0.24284069650309398,"{""type"":""Point"",""coordinates"":[73.17340074894213,33.51847304063631]}"
2152,30.50515094000002,-0.10041199904661377,0.2594209111102451,-0.2508176100628931,"{""type"":""Point"",""coordinates"":[73.25485881625356,33.659268661862626]}"
2153,29.534433260000014,-0.09700409132902205,0.27636377596068945,-0.26774956150385115,"{""type"":""Point"",""coordinates"":[73.28377997957446,33.6991285199743]}"
2154,32.94049018999999,-0.03461156485777389,0.1748131690567562,-0.19849582746660258,"{""type"":""Point"",""coordinates"":[72.937408209618,33.69158784009904]}"
2155,32.925109099999986,-0.029120287829871985,0.17187014174668497,-0.20275572074862497,"{""type"":""Point"",""coordinates"":[72.91566850045615,33.50975000541977]}"
2156,27.14865530000003,-0.07338227650727651,0.2535280728376328,-0.24540177898386853,"{""type"":""Point"",""coordinates"":[73.00423948596979,33.768072108284706]}"
2157,31.082796320000057,-0.04003454231433506,0.17107796425584879,-0.1859306378872324,"{""type"":""Point"",""coordinates"":[72.99461426576337,33.64875897637273]}"
2158,35.902204520000055,0.07295546750812594,0.09316248880931065,-0.1288495984283816,"{""type"":""Point"",""coordinates"":[73.07969134353334,33.704044156947816]}"
2159,30.41286439999999,-0.0921367759081568,0.2732283748243686,-0.2736413435202537,"{""type"":""Point"",""coordinates"":[73.26019847893757,33.666009679586466]}"
2160,33.82746638000003,0.023650855873513656,0.0755334844722732,-0.10336680448907265,"{""type"":""Point"",""coordinates"":[73.07773177285303,33.62375236739212]}"
2161,32.00737073000005,-0.00900720002294828,0.19716152746579538,-0.2266355140186916,"{""type"":""Point"",""coordinates"":[72.82372148662395,33.77624814735855]}"
2162,32.385061940000014,-0.04409867172675522,0.19260646414204466,-0.20874485958314296,"{""type"":""Point"",""coordinates"":[73.07446588021996,33.59706379036353]}"
2163,35.26987082000005,0.04592345020406852,0.05276595744680851,-0.07744792044712201,"{""type"":""Point"",""coordinates"":[73.02007974007414,33.579412163979896]}"
2164,31.518593870000018,0.0265814266487214,0.09475893148941295,-0.12127832000281878,"{""type"":""Point"",""coordinates"":[73.09066559920211,33.55400253487324]}"
2165,32.942199200000005,0.019582209875534492,0.048587241479755315,-0.06923693824813616,"{""type"":""Point"",""coordinates"":[73.19420861919805,33.61439614171813]}"
2166,32.27226728000005,-0.017920034754006796,0.19788205221836772,-0.20678365154692271,"{""type"":""Point"",""coordinates"":[73.07952738653769,33.67629858361985]}"
2167,30.077898440000013,-0.041422521320415386,0.2343819838404676,-0.24262771701509067,"{""type"":""Point"",""coordinates"":[73.09947968280393,33.69157877922235]}"
2168,35.987655020000034,-0.015645927188603432,0.14263210164035478,-0.19198342383538153,"{""type"":""Point"",""coordinates"":[72.8139437146005,33.51176237393157]}"
2169,30.73415828000003,-0.07977198801970951,0.23255642967428866,-0.23856667898042114,"{""type"":""Point"",""coordinates"":[73.17913576500091,33.69446316999146]}"
2170,33.759105980000015,-0.018311381092841916,0.17424395500774567,-0.21006420267221934,"{""type"":""Point"",""coordinates"":[72.90614226845486,33.68557240532824]}"
2171,32.65850354000003,-0.04789675110588313,0.17329524374860875,-0.201010177730518,"{""type"":""Point"",""coordinates"":[73.16245994670842,33.70287740889257]}"
2172,32.40215204000003,-0.06592784580093544,0.2514865337530605,-0.26039171480907425,"{""type"":""Point"",""coordinates"":[72.85607118193113,33.510892565279086]}"
2173,32.624323340000046,-0.020758320548545664,0.15278809094445034,-0.17319802799668935,"{""type"":""Point"",""coordinates"":[73.17430221736038,33.681665958251116]}"
2174,26.615444180000054,-0.14326879428424813,0.2653400030581708,-0.239244378837473,"{""type"":""Point"",""coordinates"":[72.90518908971126,33.78643043823871]}"
2175,31.921920230000012,-0.041228779304769606,0.2025064186580965,-0.21714794555400077,"{""type"":""Point"",""coordinates"":[72.8319336223352,33.64914902093361]}"
2176,31.460487530000023,-0.0880272173733327,0.24802596786841002,-0.24914214791560196,"{""type"":""Point"",""coordinates"":[73.22365788189423,33.56214482659919]}"
2177,36.43883366,0.016498890425497702,0.10664784858683458,-0.12100883463470069,"{""type"":""Point"",""coordinates"":[73.05536392705153,33.58677602813732]}"
2178,22.681303160000027,-0.0798231818761423,0.20157971905595232,-0.18490706839859145,"{""type"":""Point"",""coordinates"":[72.95120952044695,33.771125733659154]}"
2179,32.73711800000001,-0.020666137519475557,0.19592174152659134,-0.2181601291137464,"{""type"":""Point"",""coordinates"":[72.86961065376956,33.62674958958993]}"
2180,28.81664906000003,-0.06626194781710153,0.23052843407617202,-0.2509945065353287,"{""type"":""Point"",""coordinates"":[73.24671200215533,33.765143865301184]}"
2181,29.867690209999978,-0.12008278422838707,0.3051280232640613,-0.3005618970208856,"{""type"":""Point"",""coordinates"":[73.26524587305961,33.78748112862474]}"
2182,35.33652221,0.0068301489393711445,0.10173564753004005,-0.14644947293472033,"{""type"":""Point"",""coordinates"":[73.22156154774746,33.68508190214807]}"
2183,31.222935140000004,-0.057629921760702245,0.2409135010075379,-0.24197945845004667,"{""type"":""Point"",""coordinates"":[72.8712057939276,33.70103294435224]}"
2184,34.21712065999998,-0.022375430899404577,0.16526770725434867,-0.17636029279198068,"{""type"":""Point"",""coordinates"":[73.02118225896565,33.72119125138285]}"
2185,34.62044702000003,-0.0031164415903295875,0.1585951134380454,-0.17982894590691992,"{""type"":""Point"",""coordinates"":[72.83567812600924,33.55906566602267]}"
2186,32.39360699000002,-0.05413812606045372,0.2203186381492798,-0.22782169521299955,"{""type"":""Point"",""coordinates"":[72.9070210012125,33.519483821427436]}"
2187,31.09134137000001,0.004138957354787704,0.12281744297823997,-0.14499082110966546,"{""type"":""Point"",""coordinates"":[73.07981425806612,33.73291808158935]}"
2188,28.148426149999977,-0.08086601710543512,0.26291143535799116,-0.2806193548387097,"{""type"":""Point"",""coordinates"":[73.01362304141564,33.78005043652623]}"
2189,36.202990279999995,0.0020904258496087917,0.10891351961239795,-0.1474486642400934,"{""type"":""Point"",""coordinates"":[73.19252672761165,33.51899538054513]}"
2190,27.534891560000005,-0.051589272411224234,0.2043370067543548,-0.21291754681178618,"{""type"":""Point"",""coordinates"":[73.19673796217843,33.732233218858696]}"
2191,32.367971839999996,-0.04652401391021022,0.20670471786720612,-0.2183681657365868,"{""type"":""Point"",""coordinates"":[73.18401245134449,33.513904554564775]}"
2192,32.808896419999996,-0.04482930195977722,0.19804913959694487,-0.21106584063552306,"{""type"":""Point"",""coordinates"":[72.84632748359458,33.557000243096]}"
2193,33.38654180000003,-0.007846248787798642,0.15911856157901852,-0.18724685844843703,"{""type"":""Point"",""coordinates"":[72.85288572182424,33.58982264531673]}"
2194,32.333791640000015,-0.026837298875566875,0.16421905265011447,-0.17164628743576113,"{""type"":""Point"",""coordinates"":[72.96166763197333,33.639996243169655]}"
2195,31.332311780000055,-0.05338751140227216,0.21921910392751565,-0.21828365366171787,"{""type"":""Point"",""coordinates"":[72.9909397430147,33.64997818938579]}"
2196,33.71467172000001,0.010296467246582638,0.12418080994790791,-0.16133736069159463,"{""type"":""Point"",""coordinates"":[72.92623532153668,33.614336579262]}"
2197,33.318181400000014,0.0120937885643768,0.12853607343128348,-0.17059855722363035,"{""type"":""Point"",""coordinates"":[72.88266747316565,33.534306931302396]}"
2198,33.55744279999999,-0.03579730357973036,0.1954927562153461,-0.22462440454378893,"{""type"":""Point"",""coordinates"":[72.877789255786,33.51928739416718]}"
2199,26.666714479999996,-0.1554509399284171,0.33698977688232223,-0.3124565066109951,"{""type"":""Point"",""coordinates"":[73.0323385767208,33.73360153999088]}"
2200,32.22441500000002,-0.01361131794489948,0.1694443489914436,-0.19343526441296113,"{""type"":""Point"",""coordinates"":[73.07970883096137,33.7096913460219]}"
2201,23.682783019999988,-0.10538034897372577,0.237042406669083,-0.21969087822746358,"{""type"":""Point"",""coordinates"":[73.28232144172559,33.7749779027751]}"
2202,24.00749492,-0.06492133826578317,0.20093522211525236,-0.18727338651196518,"{""type"":""Point"",""coordinates"":[73.20516003617719,33.787950908818445]}"
2203,30.484642819999976,-0.0038896091868864603,0.13377261792699507,-0.1663438777706047,"{""type"":""Point"",""coordinates"":[73.20793270368563,33.71242412979831]}"
2204,32.19707084000004,-0.0742631008652774,0.2304482336858767,-0.2361625616653716,"{""type"":""Point"",""coordinates"":[73.29357019676966,33.56356805232816]}"
2205,32.532036800000014,-0.009225317693059629,0.15187225437556656,-0.1774055595153243,"{""type"":""Point"",""coordinates"":[72.88681365299239,33.6496038924777]}"
2206,25.381538960000057,-0.1347182485383754,0.3273673105605879,-0.3082825385442811,"{""type"":""Point"",""coordinates"":[73.07676506781881,33.76480694746693]}"
2207,26.212117820000003,-0.12944324117722003,0.3166493390761919,-0.29643170517695233,"{""type"":""Point"",""coordinates"":[73.15945284498608,33.76796997250811]}"
2208,33.76594202000001,-0.018599911791096983,0.1654283178757243,-0.19229536796382668,"{""type"":""Point"",""coordinates"":[72.91831669333759,33.58238603774568]}"
2209,34.022293520000005,0.03770872498064801,0.10456002284771364,-0.15010738476788368,"{""type"":""Point"",""coordinates"":[72.94783700005091,33.60611664414476]}"
2210,30.70681411999999,-0.059523440646980445,0.219472182596291,-0.23266041816870944,"{""type"":""Point"",""coordinates"":[72.96890813278907,33.679644855419504]}"
2211,32.287648370000056,-0.056485878530367406,0.21065444651296006,-0.23301307177626662,"{""type"":""Point"",""coordinates"":[72.93042388348523,33.50468906916773]}"
2212,32.972961380000015,-0.015645392584954,0.13047221076418156,-0.139566836605561,"{""type"":""Point"",""coordinates"":[72.82321613146543,33.725654911441026]}"
2213,28.168934270000022,-0.09677318393790492,0.2897681266102319,-0.28249890206411943,"{""type"":""Point"",""coordinates"":[73.09202862705972,33.68131327219211]}"
2214,32.60381522,-0.06014868213561613,0.2597624226200435,-0.2723647301361993,"{""type"":""Point"",""coordinates"":[72.90967947338409,33.76747335792222]}"
2215,24.624447529999998,-0.16023859342306612,0.35428133999198047,-0.32899302450366663,"{""type"":""Point"",""coordinates"":[73.14455006364149,33.773681151082386]}"
2216,31.974899540000024,-0.025811766321136815,0.13238860260685056,-0.1611173705272155,"{""type"":""Point"",""coordinates"":[73.05747352441699,33.50232625997706]}"
2217,30.662379859999987,-0.009026606291988516,0.1654076226286105,-0.19452035596664566,"{""type"":""Point"",""coordinates"":[73.21324195778568,33.63024047202961]}"
2218,29.090090659999987,-0.08257968865826538,0.25351441051366663,-0.24640594772977278,"{""type"":""Point"",""coordinates"":[73.13427880051015,33.51225166784021]}"
2219,33.1472804,-0.009536482590374805,0.14068876637789074,-0.16080145719489983,"{""type"":""Point"",""coordinates"":[73.10579978686782,33.500622812486036]}"
2220,24.43132939999998,-0.14538375010815957,0.31347489581266125,-0.2855644472068992,"{""type"":""Point"",""coordinates"":[73.05278423833322,33.756268048491485]}"
2221,31.216099100000008,-0.04582193088525425,0.19304486714099028,-0.20225335625708746,"{""type"":""Point"",""coordinates"":[72.83645227693751,33.73096938465538]}"
2222,33.171206540000014,-0.041902931283037,0.17984437068074224,-0.20055370985603543,"{""type"":""Point"",""coordinates"":[73.01546574571108,33.535336421081624]}"
2223,33.75226994000002,-0.015449525345908047,0.13190974323506527,-0.16161544467314926,"{""type"":""Point"",""coordinates"":[72.96147876809862,33.638022099942894]}"
2224,33.94709708000005,0.020788796976174986,0.08851081416173026,-0.11796540624668388,"{""type"":""Point"",""coordinates"":[72.99722790635164,33.544413044372845]}"
2225,34.018875500000036,-0.01690828536122246,0.16702985023001626,-0.20160974393674988,"{""type"":""Point"",""coordinates"":[73.04067923494641,33.502797382298276]}"
2226,31.677531799999997,-0.02656443864728152,0.1635445776615884,-0.17579754768888808,"{""type"":""Point"",""coordinates"":[73.28324253969967,33.576226680797916]}"
2227,32.69951978000006,-0.01651309737449292,0.1414685362053783,-0.15985270837635074,"{""type"":""Point"",""coordinates"":[72.95065036533252,33.70159753560751]}"
2228,33.87873668000003,-0.09421914675615876,0.23544303797468355,-0.2558242582272441,"{""type"":""Point"",""coordinates"":[73.16133467438455,33.54659796135947]}"
2229,35.22030953000001,-0.03158624383635018,0.15080578548707405,-0.16696665656799672,"{""type"":""Point"",""coordinates"":[73.17449850897899,33.53757903148779]}"
2230,28.715817470000047,-0.07935502159377032,0.22936964655385259,-0.23970582602367183,"{""type"":""Point"",""coordinates"":[73.25016711214955,33.715444703927886]}"
2231,33.810376280000014,-0.054426349944900206,0.22631635159671046,-0.23910932047915393,"{""type"":""Point"",""coordinates"":[73.25829009175528,33.61826443546255]}"
2232,32.46709442000002,-0.0985345218310923,0.2836664077395664,-0.2804564505335822,"{""type"":""Point"",""coordinates"":[73.27976183299967,33.57093952373849]}"
2233,33.184878620000006,-0.018948807157057653,0.18213925327951563,-0.21013797683169777,"{""type"":""Point"",""coordinates"":[73.27573844164841,33.652968097442134]}"
2234,27.75706286000002,-0.06427362756248439,0.2573245067837714,-0.2752110616233464,"{""type"":""Point"",""coordinates"":[73.03779480002531,33.78088707226686]}"
2235,34.65120920000004,-0.013160684290350463,0.14596130079501227,-0.1747598517510022,"{""type"":""Point"",""coordinates"":[73.20404746452,33.52805787134855]}"
2236,33.35919764000005,-0.025335129241228913,0.21425723020831355,-0.223082955567032,"{""type"":""Point"",""coordinates"":[72.95934951883869,33.708795974711066]}"
2237,31.25711534000004,-0.06201611011183233,0.23472505091649695,-0.24068118696097063,"{""type"":""Point"",""coordinates"":[73.2347592892842,33.562119356995254]}"
2238,33.762523999999985,-0.027348323376662365,0.1735939643347051,-0.21062685722371585,"{""type"":""Point"",""coordinates"":[72.94316096257423,33.51871224780326]}"
2239,29.40796652000006,-0.0341736338493817,0.15747527218387533,-0.17240882225746,"{""type"":""Point"",""coordinates"":[72.83275665373101,33.76371557663363]}"
2240,31.75272824000001,-0.07195629638161684,0.2242497134158946,-0.2274097520536589,"{""type"":""Point"",""coordinates"":[72.94037945729563,33.60778623471015]}"
2241,32.757626120000054,-0.04424566966823227,0.18401682439537329,-0.20183170362209063,"{""type"":""Point"",""coordinates"":[72.94280107014039,33.566043299835066]}"
2242,28.085192780000057,-0.05991474055818291,0.20271342730811384,-0.20464825784961296,"{""type"":""Point"",""coordinates"":[73.07059901737645,33.73776348072273]}"
2243,34.056473719999985,-0.07869841548780131,0.2566105974274114,-0.2678577575820166,"{""type"":""Point"",""coordinates"":[73.29268201320222,33.65263363804182]}"
2244,31.522011890000044,-0.07440191387559808,0.2282027177164345,-0.2434630626265423,"{""type"":""Point"",""coordinates"":[72.93021531555547,33.70364641310006]}"
2245,31.581827240000052,-0.06382230041785793,0.08016613818051896,-0.08510924671362556,"{""type"":""Point"",""coordinates"":[72.80045637685626,33.52878767483201]}"
2246,32.67559363999999,-0.02983242281014057,0.1687216997561825,-0.1941775215317816,"{""type"":""Point"",""coordinates"":[72.82213567959562,33.62747793748]}"
2247,35.327977160000046,0.0018426077925558645,0.08598505558593038,-0.11600554369404802,"{""type"":""Point"",""coordinates"":[72.81965547592475,33.59814082934883]}"
2248,32.74908106999999,0.02710221801005824,0.10320321708382445,-0.12745566951869763,"{""type"":""Point"",""coordinates"":[72.94263773029809,33.69331362062006]}"
2249,34.95199495999998,-0.08850989667621063,0.24842946887492862,-0.25030385357832274,"{""type"":""Point"",""coordinates"":[73.1297847244143,33.539328068729176]}"
2250,26.28047822000002,-0.021835654765525212,0.20460330548883232,-0.21982210927573062,"{""type"":""Point"",""coordinates"":[73.0437530127454,33.76936026681274]}"
2251,29.81812892000005,-0.03555743518006441,0.21598288639315455,-0.22186396437893444,"{""type"":""Point"",""coordinates"":[72.94785059533741,33.73815893783128]}"
2252,33.43439408000006,-0.044456814454858655,0.18907253575404642,-0.21728152616075186,"{""type"":""Point"",""coordinates"":[72.95035015672106,33.681552257132644]}"
2253,28.42699478000003,-0.12412148195261567,0.3079740980573543,-0.28613011206520156,"{""type"":""Point"",""coordinates"":[73.0420562279813,33.69772583991108]}"
2254,34.11458005999998,-0.04237262357414449,0.18206278026905828,-0.2055584872471416,"{""type"":""Point"",""coordinates"":[73.03480158395841,33.550279750494724]}"
2255,30.255635480000024,-0.02217953195948306,0.21810613943808532,-0.2253314724354501,"{""type"":""Point"",""coordinates"":[72.86476640712033,33.73844503649654]}"
2256,33.67536448999999,-0.022899610283677232,0.18365349320934785,-0.2106768691672328,"{""type"":""Point"",""coordinates"":[73.21243041060833,33.5034103846075]}"
2257,24.161305820000052,-0.09680833471142715,0.27509372296452944,-0.26778170696740894,"{""type"":""Point"",""coordinates"":[73.01038661670346,33.77743029402115]}"
2258,32.32353757999999,-0.04857928505957837,0.18663406682966585,-0.2087091053167805,"{""type"":""Point"",""coordinates"":[72.8731453962369,33.56255303409498]}"
2259,24.701352980000024,-0.1507013463029534,0.3158425019143191,-0.2886801389327439,"{""type"":""Point"",""coordinates"":[73.29067012237626,33.783699434362866]}"
2260,31.602335359999984,-0.06675218622405081,0.24495645664834864,-0.24020151683247548,"{""type"":""Point"",""coordinates"":[73.02134195498624,33.631730838240316]}"
2261,23.89128224000001,-0.1555877034358047,0.3069371727748691,-0.276038338658147,"{""type"":""Point"",""coordinates"":[73.20150345434094,33.77232550520962]}"
2262,35.13998606000001,-0.043653148697659086,0.16084788029925187,-0.19327477664266596,"{""type"":""Point"",""coordinates"":[72.83141633265257,33.52981611083226]}"
2263,32.472221450000006,-0.03956398869600323,0.19566382112369182,-0.2115234975841914,"{""type"":""Point"",""coordinates"":[72.83911173071867,33.651343680916135]}"
2264,30.563257280000016,-0.0648258550360841,0.26967973660580663,-0.26358118926164503,"{""type"":""Point"",""coordinates"":[72.96151070348769,33.76634125491041]}"
2265,30.300069740000026,-0.10489046616142353,0.25444344027715016,-0.25569648881433876,"{""type"":""Point"",""coordinates"":[73.26653985412901,33.58416629648701]}"
2266,33.27716515999998,-0.015379048308304687,0.17103707310287264,-0.2027002893167125,"{""type"":""Point"",""coordinates"":[72.91401265589319,33.57229156883302]}"
2267,30.060808339999994,-0.0557756510126864,0.0659296211406229,-0.06919713293963846,"{""type"":""Point"",""coordinates"":[72.81502937508476,33.65790172361451]}"
2268,29.840346049999994,-0.050540818954416686,0.2291062483522278,-0.2229800629590766,"{""type"":""Point"",""coordinates"":[72.83297565897905,33.723551798358855]}"
2269,33.909498859999985,-0.03997573551713679,0.18479612992398065,-0.1976667015962835,"{""type"":""Point"",""coordinates"":[73.17504378432457,33.52876316655011]}"
2270,33.61042211000006,-0.04489995119570522,0.18561589312290175,-0.20840976435727387,"{""type"":""Point"",""coordinates"":[73.20503521828354,33.5960543772436]}"
2271,31.875776960000053,-0.044628391315874746,0.23384711735847744,-0.24166666666666667,"{""type"":""Point"",""coordinates"":[73.15745326118733,33.61174701944871]}"
2272,25.11493340000004,-0.16271201800359467,0.3528636451505193,-0.33385313788682125,"{""type"":""Point"",""coordinates"":[73.08388205060264,33.76683295494296]}"
2273,31.95097340000001,-6.587803969867957E-4,0.1618224143664782,-0.19097293243335378,"{""type"":""Point"",""coordinates"":[72.94214027095613,33.67550822599668]}"
2274,34.23762878000002,0.005504055619930475,0.16140600155620963,-0.18256975542542198,"{""type"":""Point"",""coordinates"":[72.93597430650107,33.50806044100462]}"
2275,28.170643280000036,-0.023030904187718918,0.17085284518234709,-0.19475818129163047,"{""type"":""Point"",""coordinates"":[73.2308785666173,33.73537551188775]}"
2276,26.30098634000001,-0.08301663121927408,0.24257940635250821,-0.24,"{""type"":""Point"",""coordinates"":[72.97453885327542,33.74645366816161]}"
2277,33.897535790000006,-0.01628069748333891,0.1519039735099338,-0.181887353352326,"{""type"":""Point"",""coordinates"":[72.99008428606753,33.63617739655156]}"
2278,29.551523360000033,-0.09779735682819383,0.2591511340669212,-0.260661020759949,"{""type"":""Point"",""coordinates"":[73.29334013916424,33.68935375218844]}"
2279,29.773694660000046,-0.0684656332652583,0.2216586598273585,-0.22231371722936097,"{""type"":""Point"",""coordinates"":[73.23691597073713,33.72139663416276]}"
2280,32.837949589999994,-0.014718691409421733,0.1359114196000661,-0.17836447797016972,"{""type"":""Point"",""coordinates"":[72.98171563659446,33.65091570987262]}"
2281,31.499794759999986,0.0016950719635097236,0.13409425110286394,-0.1540133243079554,"{""type"":""Point"",""coordinates"":[72.93641623321302,33.69894766983522]}"
2282,32.49102056000004,-0.056723364514598036,0.20324948137301047,-0.21404323430601727,"{""type"":""Point"",""coordinates"":[73.1484938648774,33.577359051825354]}"
2283,32.20048886000001,-0.04335233400092436,0.1967908390471478,-0.21608906446399712,"{""type"":""Point"",""coordinates"":[73.28514012576935,33.59578462805674]}"
2284,30.852079969999977,-0.06568910381405507,0.20380616740088106,-0.22073512856708896,"{""type"":""Point"",""coordinates"":[73.26979144398632,33.67342917982256]}"
2285,33.03106772000001,-0.008602940002872967,0.1266982847769497,-0.15095439312254116,"{""type"":""Point"",""coordinates"":[73.13740729800156,33.60625795819729]}"
2286,30.01637407999999,-0.056936541213270776,0.19159632339148377,-0.20042329642087758,"{""type"":""Point"",""coordinates"":[73.29688540502602,33.69318359033294]}"
2287,34.07698184000003,-0.003696121915159786,0.1369770362974653,-0.18339981898025545,"{""type"":""Point"",""coordinates"":[72.86706608560004,33.55158199875506]}"
2288,29.578867520000017,-0.12210694333599362,0.3058046079657082,-0.30189821574842407,"{""type"":""Point"",""coordinates"":[72.95252284065135,33.750498025759406]}"
2289,28.86450134000006,-0.0967984934086629,0.23157368603175824,-0.23470685734109395,"{""type"":""Point"",""coordinates"":[72.91739522334066,33.79856834369524]}"
2290,32.899473950000015,0.004414578656340872,0.12849677221026745,-0.15810505284189494,"{""type"":""Point"",""coordinates"":[73.17608712857206,33.674131760840865]}"
2291,31.123812560000033,-0.06401013544086151,0.21131887566750804,-0.23016025249795108,"{""type"":""Point"",""coordinates"":[73.24576401735497,33.59036815282704]}"
2292,31.732220120000022,-0.046873310784722545,0.18238905944739045,-0.20323067364870862,"{""type"":""Point"",""coordinates"":[73.21799942706728,33.623474907150786]}"
2293,34.11458005999998,-0.05348460291734198,0.13056586270871987,-0.15184689296684256,"{""type"":""Point"",""coordinates"":[73.16892901529154,33.50547084907695]}"
2294,30.351340040000025,0.01490260875091354,0.09524482441885113,-0.12800174647067383,"{""type"":""Point"",""coordinates"":[73.19994148837421,33.74341402307545]}"
2295,34.87508951000001,-0.007980591202196258,0.15988025051885318,-0.1720208600115064,"{""type"":""Point"",""coordinates"":[72.81548517114744,33.69742922908259]}"
2296,33.68390954000006,-0.04709834661748238,0.15594662400465403,-0.16775022956841137,"{""type"":""Point"",""coordinates"":[73.06747329324843,33.587614343976504]}"
2297,31.32034871000002,-0.03672006818695751,0.1529384454675591,-0.1624505080844922,"{""type"":""Point"",""coordinates"":[72.89627000802092,33.781780403335986]}"
2298,32.23466905999999,-0.05594248483486857,0.20125602453629327,-0.21348480377692536,"{""type"":""Point"",""coordinates"":[73.22434663542926,33.60744598460826]}"
2299,33.50959052000002,-0.04120085416404974,0.2244626634167959,-0.23132914918111933,"{""type"":""Point"",""coordinates"":[72.92079141885114,33.72212435786132]}"
2300,30.77688353000002,-0.02157764414573753,0.16415339795151804,-0.1793881793881794,"{""type"":""Point"",""coordinates"":[73.2753225959588,33.61630655211541]}"
2301,33.26007506000002,-0.03908075408891592,0.19383664913764573,-0.19833154922298918,"{""type"":""Point"",""coordinates"":[72.88714522008394,33.65456269321492]}"
2302,37.744517299999984,0.021872454233849276,0.055393392596523816,-0.08922855724628999,"{""type"":""Point"",""coordinates"":[73.01215823022547,33.61990357684938]}"
2303,38.81948459,0.006814904758290961,0.09103641456582633,-0.11518993813589652,"{""type"":""Point"",""coordinates"":[72.80822326117163,33.74791610460472]}"
2304,26.818816370000036,-0.02180553455315288,-0.011266863714845922,0.04030677460587985,"{""type"":""Point"",""coordinates"":[72.80167243992317,33.56371765301111]}"
2305,27.620342059999984,-0.06457705178754845,0.16615853658536586,-0.20425029515938606,"{""type"":""Point"",""coordinates"":[73.1972933316577,33.72482416046903]}"
2306,31.65360566000004,-0.040414631954222714,0.1944692852720644,-0.22002459160372387,"{""type"":""Point"",""coordinates"":[72.84606079870964,33.74530338362693]}"
2307,31.282750490000012,-0.03773950644896742,0.20734161404482687,-0.22025458498439526,"{""type"":""Point"",""coordinates"":[73.09641323893086,33.664466330938794]}"
2308,35.69028728000001,0.025671641791044777,0.07470942675578678,-0.10681586978636826,"{""type"":""Point"",""coordinates"":[73.03023219440513,33.551876204617955]}"
2309,24.73040615000002,-0.14792254548992897,0.27495947260347997,-0.2517454321668824,"{""type"":""Point"",""coordinates"":[73.28663303112275,33.774574810846836]}"
2310,28.41332269999998,-0.07180884776270757,0.23613903000621322,-0.24505797901711762,"{""type"":""Point"",""coordinates"":[73.1171091302457,33.750910586359275]}"
2311,34.52132444000006,-0.01867069579562449,0.15641900761354685,-0.17779599985739242,"{""type"":""Point"",""coordinates"":[72.99014137439771,33.5414884274904]}"
2312,35.06649863000001,-0.0021705802887023572,0.1269201884344917,-0.14680747585631904,"{""type"":""Point"",""coordinates"":[73.2186029889733,33.64226901607276]}"
2313,33.28229219000002,-0.03461881722955517,0.17693787403818753,-0.19939012215707985,"{""type"":""Point"",""coordinates"":[73.22538761850797,33.621201691737255]}"
2314,30.783719570000017,-0.07342197929258422,0.186430175819069,-0.21102875778238955,"{""type"":""Point"",""coordinates"":[73.26535749579348,33.7524715484556]}"
2315,34.28548106000005,-0.06743969479407612,0.20544134608860845,-0.2362662213408482,"{""type"":""Point"",""coordinates"":[72.81991382474813,33.51785631354626]}"
2316,26.403526940000006,-0.1580156042985426,0.35946356974975807,-0.3383238626697064,"{""type"":""Point"",""coordinates"":[73.11023924277389,33.76230229226393]}"
2317,28.676510240000027,-0.04140880666169847,0.23886062288004933,-0.23866964698628026,"{""type"":""Point"",""coordinates"":[72.972564169866,33.765347917448466]}"
2318,33.759105980000015,-0.05027574512290136,0.19165236683826462,-0.20983352690669763,"{""type"":""Point"",""coordinates"":[73.24703069037531,33.596720589337146]}"
2319,34.960540010000045,0.0178013646702047,0.08158290198697613,-0.10933004521167283,"{""type"":""Point"",""coordinates"":[73.06348647006955,33.54991932240608]}"
2320,35.30746904,0.009883313141618312,0.08880552536549452,-0.11828886248244572,"{""type"":""Point"",""coordinates"":[73.05227153513317,33.640538462293414]}"
2321,30.75466640000002,-0.08776086758407,0.27972552803688217,-0.27776191835569514,"{""type"":""Point"",""coordinates"":[72.94277067908729,33.72698908296968]}"
2322,31.70145794000001,-0.07427697016067329,0.20741607044578977,-0.222725372718406,"{""type"":""Point"",""coordinates"":[72.95335438075048,33.640417096112785]}"
2323,26.864959640000052,-0.12702732521790297,0.2823248807431584,-0.2538870703764321,"{""type"":""Point"",""coordinates"":[73.29204868730297,33.76205952424525]}"
2324,36.69518516000005,-0.010306482234879306,0.14460813602144112,-0.18954688996913033,"{""type"":""Point"",""coordinates"":[72.98525574622414,33.50083665381898]}"
2325,24.609066439999992,-0.035955056179775284,-0.0195717775542463,0.052520483266213024,"{""type"":""Point"",""coordinates"":[73.12086223233383,33.706174285923964]}"
2326,29.70533426000003,-0.06874777371199119,0.25223857945059946,-0.2512416120104637,"{""type"":""Point"",""coordinates"":[72.8984175701889,33.72093088140768]}"
2327,25.449899360000018,-0.16414904330312186,0.3178294573643411,-0.2903225806451613,"{""type"":""Point"",""coordinates"":[73.1076106027318,33.70892145415547]}"
2328,30.756375410000032,-0.04097139016335954,0.19815001681802893,-0.2168966930855425,"{""type"":""Point"",""coordinates"":[73.16864336639581,33.629421698413466]}"
2329,34.316243240000006,-0.012785579543072731,0.16779450352161304,-0.2031658514895509,"{""type"":""Point"",""coordinates"":[72.89193378807622,33.52066912276458]}"
2330,36.423452569999995,0.020283506347272138,0.07497545949971228,-0.10456845729788011,"{""type"":""Point"",""coordinates"":[73.14506523835983,33.62357983225978]}"
2331,33.91975292000001,0.0441261481148436,0.0649778159438958,-0.09137577002053388,"{""type"":""Point"",""coordinates"":[73.00620744375092,33.5569617391743]}"
2332,30.29665172,-0.02926033705350005,0.17330125400991542,-0.21059164253206455,"{""type"":""Point"",""coordinates"":[73.2614106434559,33.786474883126374]}"
2333,32.64141344000001,-0.05154387783095071,0.23617730318558067,-0.248344490682106,"{""type"":""Point"",""coordinates"":[72.82361427236161,33.51172102213717]}"
2334,34.41878384000006,-0.035371023591469535,0.18680911046813561,-0.20039019997748847,"{""type"":""Point"",""coordinates"":[72.83982570054451,33.70918573498643]}"
2335,35.84068016000003,0.040129566312758685,0.09012875536480687,-0.14894991922455572,"{""type"":""Point"",""coordinates"":[72.97711601037447,33.54729773998091]}"
2336,34.056473719999985,-0.008638311902406859,0.13207267882914553,-0.14277175943220022,"{""type"":""Point"",""coordinates"":[73.08302383310432,33.603957178850614]}"
2337,31.086214340000026,-0.017897156825655503,0.18025374544472939,-0.20588843687512928,"{""type"":""Point"",""coordinates"":[72.85747658456805,33.66630761576725]}"
2338,35.003265260000035,0.004497751124437781,0.11379193493730938,-0.14979360526131671,"{""type"":""Point"",""coordinates"":[73.24318665320042,33.53777876626153]}"
2339,25.591747189999978,-0.16842554098710158,0.3190926048498706,-0.28993409697159894,"{""type"":""Point"",""coordinates"":[72.92267167365756,33.75646030836668]}"
2340,26.09419613,-0.0738069878297917,0.21799924739062407,-0.21503931718496858,"{""type"":""Point"",""coordinates"":[72.97383607752226,33.75035114138503]}"
2341,33.89924480000002,-0.016989366999619202,0.1477924525183067,-0.181863053801508,"{""type"":""Point"",""coordinates"":[73.11135384795266,33.68791045704405]}"
2342,32.93365415000005,-0.029897652219215837,0.2020320897571692,-0.21062821019359937,"{""type"":""Point"",""coordinates"":[72.80036088636932,33.549523685689394]}"
2343,33.266911100000016,0.009760152714061393,0.12486010072747622,-0.16503658624936607,"{""type"":""Point"",""coordinates"":[72.87998037738421,33.58057251198568]}"
2344,28.221913579999978,-0.12104248875837387,0.31789413118527043,-0.29544008483563095,"{""type"":""Point"",""coordinates"":[73.02752113092842,33.70166564606596]}"
2345,26.861541620000025,-0.010427417345813018,0.12666666666666668,-0.1587625499959187,"{""type"":""Point"",""coordinates"":[73.23367604955335,33.78812019725095]}"
2346,30.91531334000001,-0.05727248622690982,0.2318756007139915,-0.24902547682027007,"{""type"":""Point"",""coordinates"":[73.16423340804033,33.51530384902171]}"
2347,34.01203945999998,-0.011660285415941524,0.17815160113498177,-0.2081471474592123,"{""type"":""Point"",""coordinates"":[72.97193904512434,33.56349466051364]}"
2348,33.09601010000006,0.018575056352897537,0.14806408544726302,-0.1823181630688849,"{""type"":""Point"",""coordinates"":[72.95495903855463,33.610600143017834]}"
2349,32.13896450000004,-0.05366430996355935,0.18818488339421185,-0.2148962148962149,"{""type"":""Point"",""coordinates"":[73.25580319629856,33.67568038300594]}"
2350,26.56417388,-0.050729263860924224,0.23149533786117188,-0.24214804063860668,"{""type"":""Point"",""coordinates"":[73.29208018816465,33.706423355826935]}"
2351,31.90824815000002,-0.029847403947663075,0.184095339684408,-0.2080682990899709,"{""type"":""Point"",""coordinates"":[73.2003333804969,33.692303123468974]}"
2352,31.392127130000006,0.00919032425209305,0.1363870947562673,-0.16482318617549935,"{""type"":""Point"",""coordinates"":[73.01930489912537,33.65410140190398]}"
2353,32.337209659999985,-0.052759480718807955,0.20640504195522333,-0.22507906976744185,"{""type"":""Point"",""coordinates"":[72.93541312879626,33.70388421717733]}"
2354,29.16186908000003,-0.11541479644684391,0.29273527592855325,-0.282286291632086,"{""type"":""Point"",""coordinates"":[72.9736238882525,33.609667692833774]}"
2355,31.18704593000001,-0.0695147203063941,0.24098562034829107,-0.2451694761645822,"{""type"":""Point"",""coordinates"":[72.94169786391906,33.66204054084021]}"
2356,32.92681811,-0.06965716305372291,0.21987840515938328,-0.24759958089283568,"{""type"":""Point"",""coordinates"":[73.22231726651574,33.66710541217778]}"
2357,32.29277539999998,-0.004487482286254133,0.13096662677835394,-0.16229973012673796,"{""type"":""Point"",""coordinates"":[73.0705366341208,33.53201593654442]}"
2358,28.744870640000045,-0.05933076157726614,0.213420242332147,-0.22113565938267132,"{""type"":""Point"",""coordinates"":[73.24560650718534,33.74526886196185]}"
2359,27.056368760000055,-0.022617026437060393,-0.018478102720791503,0.04988591870651531,"{""type"":""Point"",""coordinates"":[73.12147930624215,33.6962802540446]}"
2360,25.477243520000002,-0.06637649619151251,0.2490895848506919,-0.2517334501131304,"{""type"":""Point"",""coordinates"":[73.04570911256053,33.795319342265195]}"
2361,33.25494803000004,-0.002159960503579363,0.19769886049341742,-0.21729352898184068,"{""type"":""Point"",""coordinates"":[72.85128166117924,33.54423049505274]}"
2362,25.687451750000037,-0.03397595547766196,-0.03161895985716754,0.0579600526654901,"{""type"":""Point"",""coordinates"":[73.12531853585223,33.7023926531602]}"
2363,34.56917672000003,-0.045646196150320804,0.2146076587287504,-0.23063646170442287,"{""type"":""Point"",""coordinates"":[72.80819025613448,33.524706937987006]}"
2364,34.12141610000003,0.020348528317925833,0.1278365649275185,-0.16909713416180575,"{""type"":""Point"",""coordinates"":[72.89317530021158,33.55509741758858]}"
2365,34.599938899999984,0.02402614044079959,0.06390557340410671,-0.08951113972034475,"{""type"":""Point"",""coordinates"":[73.0579834527977,33.63649548899205]}"
2366,26.27706020000005,-0.09699664862077854,0.28727547740593684,-0.2765590430119623,"{""type"":""Point"",""coordinates"":[73.04323411191889,33.79538756014931]}"
2367,34.073563820000004,0.00466024308835569,0.14757669268469778,-0.16556047197640117,"{""type"":""Point"",""coordinates"":[72.88300319232306,33.53953749041147]}"
2368,35.36728439000001,-0.049026076479531826,0.22833005827916897,-0.23180570292894076,"{""type"":""Point"",""coordinates"":[73.1381446987262,33.595844698083056]}"
2369,37.401006290000055,0.005736252515241613,0.09430469705483753,-0.12523154835749367,"{""type"":""Point"",""coordinates"":[73.12850779341848,33.59352815026562]}"
2370,32.69951978000006,-0.01601297413046559,0.17159612905568566,-0.18313164649798314,"{""type"":""Point"",""coordinates"":[73.09414657411408,33.7290511965452]}"
2371,32.24321411000005,-0.057052628204100606,0.177352830896138,-0.2038998028189586,"{""type"":""Point"",""coordinates"":[73.24218984935041,33.50727314215884]}"
2372,37.06091330000004,0.028096619576185672,0.06521739130434782,-0.09015987549518958,"{""type"":""Point"",""coordinates"":[73.00759914138418,33.618057669973055]}"
2373,30.346213010000042,-0.0862864877997987,0.24145180483934947,-0.24199372990991705,"{""type"":""Point"",""coordinates"":[73.28252633633008,33.69898869386007]}"
2374,33.92317093999998,-0.026450485793974316,0.18725184344866705,-0.20963663945676514,"{""type"":""Point"",""coordinates"":[73.2515767977844,33.671294651570946]}"
2375,28.761960740000006,-0.024110829892100706,0.2061026787465192,-0.21109010712035287,"{""type"":""Point"",""coordinates"":[72.95600451506887,33.76721449510704]}"
2376,33.888990740000054,-0.011229374990849597,0.1626771706561627,-0.20054925954251546,"{""type"":""Point"",""coordinates"":[73.00006611734963,33.63258956086319]}"
2377,34.22395670000003,-0.05726059413248047,0.21488391815965227,-0.2346033684059324,"{""type"":""Point"",""coordinates"":[73.20402829772368,33.66373418753814]}"
2378,34.66317227000002,0.013673365555838209,0.12095695854866105,-0.14070314798470138,"{""type"":""Point"",""coordinates"":[72.91337208781654,33.653151101377844]}"
2379,33.92829797000002,-0.02288762162411424,0.16931997891407485,-0.1951508620689655,"{""type"":""Point"",""coordinates"":[72.96105892451405,33.591370547793254]}"
2380,33.16095247999999,-0.09526223202838487,0.2636394908840729,-0.2625537033854614,"{""type"":""Point"",""coordinates"":[72.80142571479678,33.732320831359296]}"
2381,34.109453030000054,-0.03295036111067212,0.1776936936936937,-0.199016748298571,"{""type"":""Point"",""coordinates"":[73.007354796208,33.52497646071925]}"
2382,32.82427751,-0.04981576302818586,0.2159405830839153,-0.2276669962133224,"{""type"":""Point"",""coordinates"":[73.28759934580609,33.532356576152445]}"
2383,25.694287790000033,-0.11622011622011622,0.25127330753929217,-0.2331588358215386,"{""type"":""Point"",""coordinates"":[73.28871600814297,33.77025949251883]}"
2384,34.07014579999998,0.042594975282724996,0.05310986964618249,-0.07537841332623413,"{""type"":""Point"",""coordinates"":[73.03109580350271,33.58468515631089]}"
2385,34.610192960000006,-0.05205127337910508,0.18240045614368527,-0.1846745629736832,"{""type"":""Point"",""coordinates"":[72.80405474842111,33.72306046982196]}"
2386,32.96612534000002,-0.03933397683397683,0.16076000539010915,-0.20488163094030842,"{""type"":""Point"",""coordinates"":[73.1994208613962,33.67345862810737]}"
2387,27.753644839999993,-0.11650517218803196,0.2815435485083039,-0.2660591325006032,"{""type"":""Point"",""coordinates"":[72.87111128087274,33.77816520812915]}"
2388,28.009996340000043,-0.1492547028575148,0.31923637314603803,-0.29661452596019683,"{""type"":""Point"",""coordinates"":[73.23282588073998,33.68794417751953]}"
2389,31.706584969999994,-0.06692497913024303,0.2495019552866524,-0.2471554295393453,"{""type"":""Point"",""coordinates"":[72.86046267758465,33.702558570748224]}"
2390,35.19467438000004,0.03428571428571429,0.08267520848290716,-0.14942393949165958,"{""type"":""Point"",""coordinates"":[72.94362872683236,33.54496414018841]}"
2391,25.798537399999987,-0.08919588267161985,0.23968288923144682,-0.218063008481911,"{""type"":""Point"",""coordinates"":[72.9374653929835,33.753737983287984]}"
2392,27.96898010000001,-0.10034282700421941,0.2711832133744621,-0.26612046730389927,"{""type"":""Point"",""coordinates"":[73.28099322695026,33.714242368054]}"
2393,30.453880640000023,-0.07056591843186848,0.22170509073853592,-0.23932218277641548,"{""type"":""Point"",""coordinates"":[73.22259686243622,33.70828481985332]}"
2394,33.101137129999984,0.025627665263475433,0.13055652782639132,-0.16690751445086704,"{""type"":""Point"",""coordinates"":[72.84919279272118,33.60707311095532]}"
2395,30.002702,-0.07482515249257497,0.21695111368238357,-0.24582639274477142,"{""type"":""Point"",""coordinates"":[73.28916277111308,33.70036618726158]}"
2396,32.743954040000006,-0.004754916348693866,0.15123591726921137,-0.17842266515198457,"{""type"":""Point"",""coordinates"":[73.18715479092508,33.57604651923397]}"
2397,27.99632426000005,-0.015667882577731457,0.15070649820915497,-0.1577696816093775,"{""type"":""Point"",""coordinates"":[73.17015062432053,33.73646700803919]}"
2398,27.69212048000003,-0.0822806654241734,0.2518163672654691,-0.2356858572723332,"{""type"":""Point"",""coordinates"":[73.06351366547672,33.73922650878118]}"
2399,31.04007107000001,0.024543193858795546,0.052435112277631965,-0.07325971013343378,"{""type"":""Point"",""coordinates"":[73.05643648192319,33.60419191256408]}"
2400,34.51107037999998,0.019185542765193714,0.10072754423434217,-0.13149486836233823,"{""type"":""Point"",""coordinates"":[72.98399784387105,33.583374620102724]}"
2401,24.80902061000006,-0.12077258520334637,0.2622304660329237,-0.2442652925531915,"{""type"":""Point"",""coordinates"":[73.15650331722146,33.77650769476057]}"
2402,34.34016938000002,-0.014239806598071877,0.16985751691774068,-0.19347788378143974,"{""type"":""Point"",""coordinates"":[72.87714740942047,33.56054011173553]}"
2403,31.210972070000025,-0.07853156198412074,0.20838471023427868,-0.23274870615296148,"{""type"":""Point"",""coordinates"":[73.18223691409389,33.67842220534004]}"
2404,33.249821,-0.031374308359503514,0.19012942191544435,-0.20805745314415836,"{""type"":""Point"",""coordinates"":[73.0417135026648,33.542503295152315]}"
2405,35.71592242999998,-0.017418697303808024,0.13782920300492185,-0.1591280941573864,"{""type"":""Point"",""coordinates"":[73.15730282042364,33.560225200893555]}"
2406,32.774716220000016,-0.06585184081085109,0.23353458685526995,-0.2440501043841336,"{""type"":""Point"",""coordinates"":[73.21322023179548,33.64823570547642]}"
2407,26.177937620000023,-0.14032309154260375,0.32216835610401057,-0.3083296990841692,"{""type"":""Point"",""coordinates"":[73.23678170918943,33.76204648501008]}"
2408,31.25027929999999,-0.14075180821080513,0.29287253694581283,-0.2701905626134301,"{""type"":""Point"",""coordinates"":[72.8077151494461,33.63076280888984]}"
2409,34.86996248000003,0.023834729741992074,0.09987219902871262,-0.13058100225955055,"{""type"":""Point"",""coordinates"":[73.13633253604819,33.51718672368982]}"
2410,34.917814760000056,-0.00404188281722415,0.12186622097364959,-0.15509666080843584,"{""type"":""Point"",""coordinates"":[72.89341533908741,33.67280228838245]}"
2411,31.48099565000001,-0.12001403486387777,0.3034020675959094,-0.2865203532041183,"{""type"":""Point"",""coordinates"":[73.28132647228317,33.67073747360144]}"
2412,24.104908490000014,-0.03891221025734623,0.19026409886456308,-0.1884996032906001,"{""type"":""Point"",""coordinates"":[73.16944172604683,33.77552435050684]}"
2413,32.80206038000006,2.615062761506276E-4,0.1339353392874798,-0.1791093367145868,"{""type"":""Point"",""coordinates"":[72.82972673179707,33.66231923999007]}"
2414,27.45798610999998,6.046863189720333E-4,0.18152735331438885,-0.20368515922291208,"{""type"":""Point"",""coordinates"":[73.15475978251162,33.77534822137923]}"
2415,30.25905350000005,-0.049965027521819784,0.22445650246480123,-0.23430573430573431,"{""type"":""Point"",""coordinates"":[73.2792611698557,33.63759141196414]}"
2416,35.82700808000004,0.03199316778347129,0.0617906683480454,-0.09362823319850076,"{""type"":""Point"",""coordinates"":[73.01114110637968,33.61617191740955]}"
2417,33.465156260000015,0.011401048652603342,0.09634888438133875,-0.12036205347889173,"{""type"":""Point"",""coordinates"":[73.11410996227893,33.61883895546038]}"
2418,34.84261832000004,-0.009486931268151016,0.17826704545454544,-0.19755881484398072,"{""type"":""Point"",""coordinates"":[73.00819537631303,33.56541586994648]}"
2419,27.11447510000005,-0.11386030216772498,0.2714851072693189,-0.2521332458155563,"{""type"":""Point"",""coordinates"":[73.29664642701924,33.7667298698929]}"
2420,24.198904040000002,-0.11758640785403685,0.2031853281853282,-0.1764983482774894,"{""type"":""Point"",""coordinates"":[73.01864830344454,33.743813244361604]}"
2421,32.32353757999999,-0.053657527159855146,0.04804050716285197,-0.07485434433842776,"{""type"":""Point"",""coordinates"":[73.22758552194773,33.54233614007757]}"
2422,32.25005014999999,-0.02595853971748303,0.1823258927784923,-0.1952978893935346,"{""type"":""Point"",""coordinates"":[72.83945014655916,33.621839382324644]}"
2423,25.680615709999984,-0.11506871077925172,0.2894620811287478,-0.2820896885560325,"{""type"":""Point"",""coordinates"":[73.05484395747985,33.753724503870814]}"
2424,32.22783302000005,-0.008013496415014762,0.17601574581751722,-0.20433358528596623,"{""type"":""Point"",""coordinates"":[72.84558037952064,33.68063284255049]}"
2425,35.26987082000005,-0.012001036060667108,0.1690159574468085,-0.20288714808606712,"{""type"":""Point"",""coordinates"":[72.87984107755581,33.74665562347433]}"
2426,25.388374999999996,-0.15961783439490446,0.34440998375424603,-0.3271613937891821,"{""type"":""Point"",""coordinates"":[73.05591918699527,33.775096699533286]}"
2427,30.611109560000045,-0.05615260612573885,0.19601429984026775,-0.19874971411145842,"{""type"":""Point"",""coordinates"":[73.05718464965743,33.694974152210364]}"
2428,30.190693100000033,-0.06003100775193798,0.20335105072336232,-0.21412082253080938,"{""type"":""Point"",""coordinates"":[73.16309388372538,33.652789515314495]}"
2429,29.17383215000001,-0.08013197070894021,0.23628124597049016,-0.23922596846264632,"{""type"":""Point"",""coordinates"":[72.84140741753252,33.781346237216646]}"
2430,26.54366576000001,-0.12961140335991855,0.30571574281118824,-0.28109002732766253,"{""type"":""Point"",""coordinates"":[73.17379627259216,33.769937087969524]}"
2431,26.383018820000018,-0.16280102097436466,0.34986012956419316,-0.3221212776696229,"{""type"":""Point"",""coordinates"":[73.22021060959399,33.79028738116294]}"
2432,27.577616809999995,-0.07465249507793881,0.25938519186732356,-0.27913451034288334,"{""type"":""Point"",""coordinates"":[73.08752847643679,33.7990497936608]}"
2433,27.40842482000005,-0.10995458613716975,0.29767856450800295,-0.28379725481174756,"{""type"":""Point"",""coordinates"":[73.16491939752824,33.78619750544809]}"
2434,28.457756959999983,-0.06326454961077474,0.23995821175114376,-0.24304803178042614,"{""type"":""Point"",""coordinates"":[72.86687965688006,33.77418110641284]}"
2435,33.68049152000003,-0.07332831514239117,0.20957851020588494,-0.22238891270181455,"{""type"":""Point"",""coordinates"":[73.20333685222049,33.553617982122766]}"
2436,34.46663612000003,0.04777327935222672,0.05830739810266602,-0.08316383313505009,"{""type"":""Point"",""coordinates"":[73.02428329325203,33.5749915149667]}"
2437,26.649624379999977,-0.11807090018253434,0.30480603931534495,-0.2901962233472525,"{""type"":""Point"",""coordinates"":[73.05970205463684,33.7386009941108]}"
2438,30.580347380000035,-0.056354679802955665,0.20829420382404867,-0.22439191503939707,"{""type"":""Point"",""coordinates"":[72.89682953818166,33.764316091739616]}"
2439,35.35873934000006,0.026503861808159473,0.0793447748996198,-0.10217706821480406,"{""type"":""Point"",""coordinates"":[73.01384006511286,33.58269006294152]}"
2440,31.57157318000003,-1.2093360744951022E-4,0.1496489886703274,-0.1747993465444989,"{""type"":""Point"",""coordinates"":[72.99018041670038,33.62924629399953]}"
2441,35.78940985999998,-0.020715520525066658,0.16438264589879004,-0.196866625438054,"{""type"":""Point"",""coordinates"":[72.85063256780738,33.52025682414076]}"
2442,31.848432800000012,-0.036556180447529014,0.2008317449315543,-0.22533418204964992,"{""type"":""Point"",""coordinates"":[72.86475578269264,33.50973905831786]}"
2443,32.51836472000002,-0.06106002388867303,0.2510732162551964,-0.2643961998833899,"{""type"":""Point"",""coordinates"":[72.89034025511276,33.762029390135275]}"
2444,34.406820770000024,-0.043474151781495135,0.18694904321651257,-0.20605155840372852,"{""type"":""Point"",""coordinates"":[73.27126741175779,33.54699588093027]}"
2445,33.38483279000002,0.003015900585811056,0.10193895181416779,-0.12743960144992234,"{""type"":""Point"",""coordinates"":[73.07070026664869,33.67282453718494]}"
2446,33.663401420000014,-0.03763800069994591,0.19473954135834126,-0.20240377525438727,"{""type"":""Point"",""coordinates"":[73.15940934745261,33.54974378803751]}"
2447,33.345525560000056,-0.0517177229319112,0.2007079646017699,-0.21795332136445242,"{""type"":""Point"",""coordinates"":[73.24703687462487,33.55720689528661]}"
2448,31.86894092,-0.07485075769171896,0.22219514742228566,-0.23901612732469915,"{""type"":""Point"",""coordinates"":[73.16887682166625,33.65516050330391]}"
2449,31.872358940000026,0.016600222207698842,0.12362319381697345,-0.13996742300844728,"{""type"":""Point"",""coordinates"":[73.24490067463121,33.51110671503525]}"
2450,30.44020856000003,0.013011417020186202,0.20455887973869835,-0.2261601584606678,"{""type"":""Point"",""coordinates"":[72.94725827447512,33.79421517218381]}"
2451,34.76400386,0.017024379418571475,0.0886555949580422,-0.11886547344110855,"{""type"":""Point"",""coordinates"":[72.9784056617839,33.595979909584614]}"
2452,36.72082031000002,-0.03171137300267515,0.16408608115383988,-0.19305051586040833,"{""type"":""Point"",""coordinates"":[73.09937876694734,33.52903677444362]}"
2453,32.73711800000001,-0.016891694429832252,0.18092652299338197,-0.206309585716762,"{""type"":""Point"",""coordinates"":[73.28836672670798,33.568532715420396]}"
2454,34.446128000000044,-0.031044957472660995,0.16120424221690044,-0.19257931906819858,"{""type"":""Point"",""coordinates"":[73.19357358106492,33.685998985541154]}"
2455,31.09134137000001,-0.07573745173745174,0.22559076592824592,-0.2330542229460603,"{""type"":""Point"",""coordinates"":[73.18445834737143,33.676647653506706]}"
2456,32.97979742000001,-0.020707386561045097,0.09914696198742891,-0.13148975504544755,"{""type"":""Point"",""coordinates"":[72.9738404824069,33.50765007672517]}"
2457,24.369805040000017,-0.15175724212010339,0.33033498759305213,-0.30364741641337384,"{""type"":""Point"",""coordinates"":[73.20802978107771,33.797546566629926]}"
2458,34.08039986000006,-0.0243372583590454,0.1666726431670671,-0.1974824711533153,"{""type"":""Point"",""coordinates"":[73.19560548639694,33.509958251835464]}"
2459,32.83282256000001,-0.003108462599887792,0.1526091122920115,-0.1776412995104584,"{""type"":""Point"",""coordinates"":[73.1780664820848,33.60327722972825]}"
2460,24.140797700000007,-0.19146816129534486,0.3774433924907304,-0.35385486324877047,"{""type"":""Point"",""coordinates"":[73.22011609111074,33.79551737585365]}"
2461,31.050325130000033,-0.01627793182188876,0.14387472232931284,-0.15756033217530235,"{""type"":""Point"",""coordinates"":[73.07655694525991,33.72760461337172]}"
2462,30.831571850000046,-0.06754433364444663,0.20845227062094532,-0.2257191201353638,"{""type"":""Point"",""coordinates"":[73.29114196828483,33.79844254811189]}"
2463,34.446128000000044,0.011143661324602218,0.10867815166639833,-0.15430391417316236,"{""type"":""Point"",""coordinates"":[73.15395145706955,33.53685721633481]}"
2464,31.882612999999992,-0.02613955497947721,0.17995670534795416,-0.21054356136454655,"{""type"":""Point"",""coordinates"":[72.87144567397756,33.65242385543257]}"
2465,33.22247684000001,-0.022856205935399245,0.11241084165477888,-0.12826448672502352,"{""type"":""Point"",""coordinates"":[73.08626103086934,33.50492123152031]}"
2466,31.680949820000023,-0.09859154929577464,0.19890521806390193,-0.19938096466339952,"{""type"":""Point"",""coordinates"":[73.08849346258489,33.52932455425852]}"
2467,32.554253930000016,-0.02169547822148411,0.17302825446351186,-0.20092280390417036,"{""type"":""Point"",""coordinates"":[72.8017120815951,33.717088257117986]}"
2468,25.67207066000003,-0.10428495567991504,0.20741402411790977,-0.19969823378006568,"{""type"":""Point"",""coordinates"":[73.27988250919917,33.78124578772824]}"
2469,31.809125569999992,-0.045040832865781436,0.1903147355901514,-0.21748129856924978,"{""type"":""Point"",""coordinates"":[73.28497720554682,33.674765801181074]}"
2470,29.178959179999993,-0.04291596963067816,0.2065205255126726,-0.2096268656716418,"{""type"":""Point"",""coordinates"":[73.23496375968737,33.732984668632646]}"
2471,28.977296000000024,-0.08235003615711589,0.23049467626476308,-0.22813056617367464,"{""type"":""Point"",""coordinates"":[72.85709248513066,33.716655753258415]}"
2472,37.67273888,0.01885225735022758,0.07776764298503429,-0.10593822581204285,"{""type"":""Point"",""coordinates"":[73.13096038123722,33.587220134498835]}"
2473,36.43370663000002,0.01016254033352432,0.08018099547511312,-0.10824498615706665,"{""type"":""Point"",""coordinates"":[73.1412890996919,33.62124893223889]}"
2474,31.903121120000037,0.027312987885785185,0.08476986643605265,-0.10265476353265222,"{""type"":""Point"",""coordinates"":[73.07666520538783,33.610524198881684]}"
2475,25.087589240000057,-0.06557377049180328,0.249145659952559,-0.24294915389846783,"{""type"":""Point"",""coordinates"":[73.2013280388265,33.76143283865116]}"
2476,32.043259939999984,-0.02445888093883783,0.19629435413389268,-0.22275423425998714,"{""type"":""Point"",""coordinates"":[73.17987900584365,33.549796908594615]}"
2477,28.291982990000008,-0.09011443337024733,0.26053031467158394,-0.27007173699874415,"{""type"":""Point"",""coordinates"":[73.11072294973388,33.74883045579598]}"
2478,32.220996979999995,-0.033927056827820185,0.1893129198093737,-0.20739047619047618,"{""type"":""Point"",""coordinates"":[73.27294826815869,33.58215234160671]}"
2479,32.214160940000056,0.006492301984789464,0.14632232289362918,-0.16964513193812558,"{""type"":""Point"",""coordinates"":[72.9349867924897,33.64639534877671]}"
2480,31.585245260000022,-0.03677271650746033,0.1799036871990225,-0.19454247771511735,"{""type"":""Point"",""coordinates"":[72.88051607522488,33.587245930843345]}"
2481,30.935821460000057,-0.09410314362029998,0.2423205536977992,-0.22877526296559814,"{""type"":""Point"",""coordinates"":[73.11892112626121,33.57491722623303]}"
2482,29.862563180000052,-0.11311241477723165,0.25985212834685234,-0.2589032743965857,"{""type"":""Point"",""coordinates"":[73.1378070559072,33.6427579128871]}"
2483,32.49443858000001,-0.05186262920190355,0.18907620614035087,-0.22177234799140935,"{""type"":""Point"",""coordinates"":[73.17832238841989,33.672243381707304]}"
2484,34.43245592000005,-0.05389854391733208,0.21128281260543896,-0.23244876240173024,"{""type"":""Point"",""coordinates"":[72.93805980371592,33.67436549896406]}"
2485,32.074022119999995,0.004406478877475825,0.11828102300753404,-0.150224137331897,"{""type"":""Point"",""coordinates"":[73.1914988839869,33.61451361278092]}"
2486,32.34062768000001,0.010104895622198221,0.15587803403299647,-0.19559701225831813,"{""type"":""Point"",""coordinates"":[72.89144615720136,33.64336392203591]}"
2487,32.899473950000015,-0.04369246726306236,0.23672800518930728,-0.25205219044327315,"{""type"":""Point"",""coordinates"":[72.88818173560192,33.73567394620814]}"
2488,36.21324434000002,0.004606820653912599,0.08175575836592786,-0.11439828080229227,"{""type"":""Point"",""coordinates"":[73.0702792593944,33.50877078975497]}"
2489,28.095446840000022,-0.06760590940221113,0.24490416793428657,-0.23667409618072607,"{""type"":""Point"",""coordinates"":[73.02770177614838,33.66643066872308]}"
2490,32.22270599000001,-0.03975420702131973,0.2202434336963485,-0.23224220468365894,"{""type"":""Point"",""coordinates"":[72.98910380235222,33.69937924276707]}"
2491,34.85970842000006,-0.01491086883901728,0.16134412899190326,-0.19767775229357798,"{""type"":""Point"",""coordinates"":[72.95964464554197,33.528736496593595]}"
2492,32.35088173999998,-0.03340119608092633,0.18813546924146002,-0.20676077265973253,"{""type"":""Point"",""coordinates"":[72.83134379353785,33.61386210763809]}"
2493,33.68390954000006,-0.0459608662986313,0.1737966934271784,-0.1997002622705133,"{""type"":""Point"",""coordinates"":[73.23299462918291,33.60046167389702]}"
2494,27.73655474000003,-0.08471375172142435,0.22057911980873107,-0.20610753817211358,"{""type"":""Point"",""coordinates"":[73.11655277171853,33.75429257324028]}"
2495,33.01397761999999,-0.0011894766302826755,0.13087805263573857,-0.1355898575453355,"{""type"":""Point"",""coordinates"":[72.90042421712421,33.53689191448258]}"
2496,30.879424130000018,-0.05743841631316514,0.238325983510833,-0.24496626653815823,"{""type"":""Point"",""coordinates"":[73.0910288573843,33.72518114911645]}"
2497,32.60381522,-0.009048981259851714,0.15257401973859697,-0.1732283464566929,"{""type"":""Point"",""coordinates"":[73.11325992907963,33.621898861611385]}"
2498,31.42459832000003,-0.062060331465363064,0.22208883553421369,-0.23231764258292117,"{""type"":""Point"",""coordinates"":[73.11084822119892,33.68352809643423]}"
2499,33.20367772999998,-0.028151967179616152,0.151503415252447,-0.17629075476109124,"{""type"":""Point"",""coordinates"":[73.16234699275923,33.60182609421887]}"
2500,35.49204212000001,-0.011044652374748313,0.10783057281443148,-0.1343665387618146,"{""type"":""Point"",""coordinates"":[73.12107209260598,33.55057014739581]}"
2501,30.52565906000001,-0.07198346071920812,0.24204260879033135,-0.24770307714744058,"{""type"":""Point"",""coordinates"":[73.25888499169307,33.633315404782394]}"
2502,35.249362700000006,0.0025755646999615143,0.14318675352877308,-0.18234138124649074,"{""type"":""Point"",""coordinates"":[72.8129873445642,33.59542273952839]}"
2503,31.848432800000012,-0.04714012463750231,0.18194797506703347,-0.2050271594419001,"{""type"":""Point"",""coordinates"":[73.10716046040287,33.683042801570565]}"
2504,29.52417920000005,-0.06002449979583503,0.21706516643225504,-0.22925621038828586,"{""type"":""Point"",""coordinates"":[73.15428250476545,33.692589680837415]}"
2505,31.448524460000044,-0.048325373045774125,0.201176090688149,-0.21428080544292488,"{""type"":""Point"",""coordinates"":[73.12749720371357,33.57532762994517]}"
2506,29.60279366000003,-0.024546501583645262,0.11304007820136852,-0.15569810401526532,"{""type"":""Point"",""coordinates"":[73.28418108710606,33.78706094521939]}"
2507,29.11401680000006,-0.10497371124675167,0.28529752908509365,-0.28066120333403377,"{""type"":""Point"",""coordinates"":[72.8402203467174,33.743814713395736]}"
2508,34.53499652000005,0.01000712758374911,0.14509959108297057,-0.17199945997029836,"{""type"":""Point"",""coordinates"":[72.98223801237732,33.690222276048885]}"
2509,31.210972070000025,-0.03444900864561862,0.19549606677063874,-0.20820992465575475,"{""type"":""Point"",""coordinates"":[73.18648791703885,33.60570286616004]}"
2510,33.17633357,-0.023306571049964923,0.14799398370002448,-0.1624488639382294,"{""type"":""Point"",""coordinates"":[73.04652383345693,33.541880747204544]}"
2511,34.97592110000005,-0.00446888965280165,0.14686362663241276,-0.18421634367401077,"{""type"":""Point"",""coordinates"":[72.89393548202517,33.527568303664644]}"
2512,30.441917569999987,-0.0825164854749599,0.22987151640098663,-0.23917801105382247,"{""type"":""Point"",""coordinates"":[73.15589841960782,33.702621387985346]}"
2513,31.810834580000005,-0.036349102536152894,0.19017892909600748,-0.2125221058359407,"{""type"":""Point"",""coordinates"":[72.93106240079558,33.556006305095046]}"
2514,24.694516940000028,-0.1918610052959212,0.3763948497854077,-0.3489904655075715,"{""type"":""Point"",""coordinates"":[73.0816602924851,33.76353475376585]}"
2515,24.733824170000048,-0.1521137131240696,0.3374709653442349,-0.317300829078131,"{""type"":""Point"",""coordinates"":[73.04835359815273,33.760191308607276]}"
2516,33.19684169000004,-0.03790537930571184,0.15240457232364293,-0.16903753026634383,"{""type"":""Point"",""coordinates"":[73.18420598292963,33.54375299969024]}"
2517,23.75285243000002,-0.12529495044832467,0.2619184123484013,-0.2435733066776766,"{""type"":""Point"",""coordinates"":[73.07695463150833,33.75615177456913]}"
2518,26.482141400000046,-0.0839892829209033,0.2693259543621022,-0.2602639012498549,"{""type"":""Point"",""coordinates"":[73.18541427142277,33.79536880352036]}"
2519,31.51004882000001,0.005436858964939607,0.1602441031267142,-0.18852286296270282,"{""type"":""Point"",""coordinates"":[73.1779058285539,33.60589508570878]}"
2520,30.580347380000035,-0.06925521538025864,0.21725113729985313,-0.24448839082985424,"{""type"":""Point"",""coordinates"":[73.25204029993111,33.73525997673506]}"
2521,30.26247152000002,-0.03687202846028527,0.22418056918547596,-0.21982320269107408,"{""type"":""Point"",""coordinates"":[72.88200938431035,33.74475612090785]}"
2522,32.778134239999986,0.00915175522469608,0.17504130624939254,-0.20386351566648964,"{""type"":""Point"",""coordinates"":[72.9615040431187,33.697744722759296]}"
2523,29.794202779999978,-0.0397161841195394,0.24366604930501862,-0.2578932052960861,"{""type"":""Point"",""coordinates"":[72.90715276589256,33.74467388214396]}"
2524,31.896285079999984,-0.03984588216407128,0.18335282081262788,-0.20077119869489451,"{""type"":""Point"",""coordinates"":[72.92942882526819,33.580717793687676]}"
2525,30.30861478999998,-0.07129068537760395,0.20919305026620436,-0.20983488464673655,"{""type"":""Point"",""coordinates"":[73.08748655871771,33.728034992719365]}"
2526,30.38722925000002,-0.08890825184754897,0.20986768977016027,-0.22794184544280074,"{""type"":""Point"",""coordinates"":[73.13820123895339,33.670039965775935]}"
2527,28.799558960000013,-0.1206595845885524,0.27539788516366526,-0.268530815894325,"{""type"":""Point"",""coordinates"":[73.13021996117413,33.69059529343562]}"
2528,29.01147620000006,-0.04556309703368527,0.19781129630296268,-0.21513347697476537,"{""type"":""Point"",""coordinates"":[73.22128501853912,33.73785269363561]}"
2529,31.168246820000036,-0.010963106482602729,0.10541461433892979,-0.1389126361933172,"{""type"":""Point"",""coordinates"":[73.22788241850769,33.56564067400036]}"
2530,33.45319318999998,-0.04077863889561637,0.17938250428816466,-0.19410916795470728,"{""type"":""Point"",""coordinates"":[73.13125422205232,33.56966906488847]}"
2531,33.60187705999999,-0.0825270168384016,0.22449052111650053,-0.23118423638280008,"{""type"":""Point"",""coordinates"":[73.19421228501169,33.55337143592472]}"
2532,26.861541620000025,-0.07785581765173602,0.24061928004881025,-0.2504420016911369,"{""type"":""Point"",""coordinates"":[73.17262539789371,33.76139771633842]}"
2533,33.03106772000001,-0.0477650223654165,0.20675865547429478,-0.22145644167304818,"{""type"":""Point"",""coordinates"":[72.97175144713935,33.67242293592099]}"
2534,37.79066057,0.013091790294934689,0.07952157750121222,-0.13280189959294436,"{""type"":""Point"",""coordinates"":[73.22112634021943,33.53679461036185]}"
2535,34.36067750000001,-0.009392534764576726,0.11414049614594904,-0.1418911926035809,"{""type"":""Point"",""coordinates"":[73.12399648507865,33.59530190163494]}"
2536,31.70487595999998,-0.02450294035284234,0.2448958758677011,-0.25518921329810956,"{""type"":""Point"",""coordinates"":[73.03585288165715,33.69831301762492]}"
2537,31.54422901999999,-0.03173531397704254,0.138729649163036,-0.15389977538533034,"{""type"":""Point"",""coordinates"":[73.03723917635156,33.607047308104214]}"
2538,30.44020856000003,-0.06118950283528946,0.193208778173191,-0.22765933101948968,"{""type"":""Point"",""coordinates"":[73.29545389158072,33.741583363970875]}"
2539,27.72630068000001,-0.05752506245849277,0.2179930795847751,-0.23632061520260278,"{""type"":""Point"",""coordinates"":[73.25001765308544,33.73124951979219]}"
2540,35.05795358,-0.02915225944914749,0.16241330550131305,-0.18977221820186774,"{""type"":""Point"",""coordinates"":[72.84502996874491,33.52153853362922]}"
2541,30.78542858000003,-0.07128952138014365,0.24490034712742306,-0.24151075498852542,"{""type"":""Point"",""coordinates"":[72.89549192469417,33.70583063523542]}"
2542,37.26257648000001,0.025835644431469858,0.07146154000521764,-0.08584328160907852,"{""type"":""Point"",""coordinates"":[73.09216511213869,33.61975337493381]}"
2543,29.906997440000055,-0.03676342272119132,0.23150803247538435,-0.23999025985320208,"{""type"":""Point"",""coordinates"":[72.93859759339036,33.78888933924559]}"
2544,32.32695560000002,0.0029962441446637314,0.13585153608230902,-0.17665808915082593,"{""type"":""Point"",""coordinates"":[72.84615103554336,33.60817181202471]}"
2545,35.46811597999999,-0.02107516507371785,0.15492957746478872,-0.19137409413916837,"{""type"":""Point"",""coordinates"":[72.80326280532347,33.50617425159933]}"
2546,33.42414001999998,0.01588580637734546,0.12339027595269382,-0.16403989515607448,"{""type"":""Point"",""coordinates"":[73.20243705729469,33.620291890215874]}"
2547,33.22931288000001,-0.04766630485346565,0.1971791055354738,-0.2146118721461187,"{""type"":""Point"",""coordinates"":[72.93140372700424,33.609951250121526]}"
2548,23.699873120000007,-0.0929461743149246,0.16552994474037935,-0.1449530516431925,"{""type"":""Point"",""coordinates"":[72.9860180025425,33.7494442389094]}"
2549,25.36957589000002,-0.14595050026329648,0.23583662714097497,-0.22069646383055108,"{""type"":""Point"",""coordinates"":[73.24998657249633,33.78349025989596]}"
2550,36.40465346000002,-0.025815431859600786,0.17048171071159576,-0.18840290592322909,"{""type"":""Point"",""coordinates"":[72.80990462096837,33.73790805265493]}"
2551,33.37286972000004,-0.00690936538349881,0.16381450909334944,-0.1971558746375811,"{""type"":""Point"",""coordinates"":[72.91437811673104,33.60931324938876]}"
2552,33.75226994000002,-0.02204849447260734,0.14244751664106503,-0.1865139858900273,"{""type"":""Point"",""coordinates"":[72.93463688465228,33.705429606755445]}"
2553,30.92385839000002,-0.04724078156818526,0.11584119355879927,-0.15254676791998517,"{""type"":""Point"",""coordinates"":[73.18130422009457,33.60744284438805]}"
2554,32.53545482000004,0.005132699048572859,0.14514211607046362,-0.156558122612334,"{""type"":""Point"",""coordinates"":[73.02571268343172,33.71770520941306]}"
2555,31.181918900000028,-0.051014214981632326,0.19037626628075252,-0.2019873598071092,"{""type"":""Point"",""coordinates"":[73.09282196062897,33.657611593578615]}"
2556,33.15240743000004,-0.02513107937081902,0.16212338593974174,-0.18456101255244695,"{""type"":""Point"",""coordinates"":[73.04722696431978,33.53084271403008]}"
2557,32.05180499000005,-0.08978594587949659,0.24574038292640085,-0.25116878076319177,"{""type"":""Point"",""coordinates"":[73.18083979378798,33.60019849945316]}"
2558,31.14432068000002,-0.061718825695184575,0.20096445402403829,-0.21611423498076354,"{""type"":""Point"",""coordinates"":[72.84120869955173,33.62324041457737]}"
2559,33.00714158000005,-0.04832244421298488,0.19578052995391704,-0.21112893815635939,"{""type"":""Point"",""coordinates"":[72.90781042950032,33.57620191680079]}"
2560,28.29369200000002,-0.1257638677875688,0.29899879231758153,-0.2775478927203065,"{""type"":""Point"",""coordinates"":[73.03283347755787,33.73814092700944]}"
2561,35.811626990000036,0.00518942831215971,0.18201421880791133,-0.20652772045673407,"{""type"":""Point"",""coordinates"":[72.83794947829787,33.709810187189355]}"
2562,31.42118030000006,-0.04667820688831851,0.20652286097636496,-0.22301656495204883,"{""type"":""Point"",""coordinates"":[73.17121779571643,33.575977445851585]}"
2563,26.044634840000015,-0.12950819672131147,0.31365522111395533,-0.31053187742162736,"{""type"":""Point"",""coordinates"":[73.07226241604315,33.759908900055294]}"
2564,30.87087908000001,-0.059368008091457994,0.2078135374078345,-0.22710973834629175,"{""type"":""Point"",""coordinates"":[73.1117469830473,33.59913674637305]}"
2565,34.63753712000005,0.02142687559354226,0.09417308202813911,-0.1412847847154922,"{""type"":""Point"",""coordinates"":[73.29207789307421,33.50450240123082]}"
2566,29.04907442000001,-0.08890895953757226,0.2239751477127368,-0.2229074532397452,"{""type"":""Point"",""coordinates"":[73.01805548102297,33.5005187244874]}"
2567,31.038362060000054,-0.00963147756339407,0.14705987873569404,-0.17285399853264857,"{""type"":""Point"",""coordinates"":[73.21340668952453,33.75780229445001]}"
2568,26.916229939999994,-0.15634200918619715,0.3493437779152065,-0.33675970047651466,"{""type"":""Point"",""coordinates"":[73.12516655841816,33.76935502260804]}"
2569,30.90164126000002,-0.00576825368361278,0.18251458289408953,-0.20394254333398923,"{""type"":""Point"",""coordinates"":[72.80095979860249,33.62673092393898]}"
2570,34.839200300000016,-0.004676877101232723,0.12383626669340955,-0.14715165577602238,"{""type"":""Point"",""coordinates"":[73.14424227513496,33.609175345580226]}"
2571,26.82736141999999,-0.13226802309771743,0.31282108347706744,-0.3012610757748447,"{""type"":""Point"",""coordinates"":[73.00257594571588,33.75416893266702]}"
2572,32.53032779,-0.0599650016459622,0.17437708757246517,-0.18743813202383494,"{""type"":""Point"",""coordinates"":[73.2475851931635,33.615106195648764]}"
2573,31.98515359999999,-0.010612581805318082,0.10501547189272821,-0.141781848459617,"{""type"":""Point"",""coordinates"":[72.95234276668249,33.6404297038037]}"
2574,33.7796141,0.010222398004198484,0.10626360174102285,-0.15175331456994673,"{""type"":""Point"",""coordinates"":[73.14219568436879,33.51189607730492]}"
2575,32.631159379999986,-0.013024031536653779,0.1586175802452009,-0.17925094426206362,"{""type"":""Point"",""coordinates"":[72.96367039478683,33.60362171858358]}"
2576,31.11014048000004,-0.07628891349821583,0.22592852137351085,-0.2455678177287291,"{""type"":""Point"",""coordinates"":[73.1734330850308,33.5631918059264]}"
2577,32.40215204000003,-0.010320284697508897,0.13190245199016545,-0.1793948625631794,"{""type"":""Point"",""coordinates"":[73.25622033856015,33.678071409282126]}"
2578,37.25061341000003,0.015713485593378554,0.06989329139397629,-0.09823458954640929,"{""type"":""Point"",""coordinates"":[73.13000349485863,33.58996639235404]}"
2579,32.19365282000001,-0.025175828907707764,0.1771375832289538,-0.20571254937708902,"{""type"":""Point"",""coordinates"":[72.98023008051717,33.710236723756694]}"
2580,30.159930920000022,-0.08172757475083056,0.25622130483429145,-0.2534647366800123,"{""type"":""Point"",""coordinates"":[73.2828295276496,33.71254936320832]}"
2581,33.84968350999998,0.007303595502288855,0.1613574127352768,-0.18378235138238672,"{""type"":""Point"",""coordinates"":[73.0859932748111,33.61926079995205]}"
2582,31.26395137999998,-0.062097822296890356,0.22993906467953895,-0.23903557429184233,"{""type"":""Point"",""coordinates"":[72.88893573817555,33.75388320335145]}"
2583,34.57259474,0.004995742265114959,0.13676973716212928,-0.17433835845896148,"{""type"":""Point"",""coordinates"":[72.9421474845531,33.604755019659805]}"
2584,28.57396964000003,-0.06435426839535276,0.24969356688149935,-0.2308111686592157,"{""type"":""Point"",""coordinates"":[73.1163543775713,33.50091732118931]}"
2585,29.73951446000001,-0.059004652096790386,0.2300097181729835,-0.2326931317932136,"{""type"":""Point"",""coordinates"":[73.15085371230025,33.758404210347216]}"
2586,31.85185081999998,0.027333642937703177,0.07245528693171427,-0.1006343605720506,"{""type"":""Point"",""coordinates"":[73.17309487983869,33.55490038423546]}"
2587,33.40704992000002,-0.03177719158333844,0.17553730560894637,-0.21178716812565293,"{""type"":""Point"",""coordinates"":[72.9493518736247,33.54484791238405]}"
2588,32.364553820000026,-0.030539707721878147,0.20528099910793934,-0.2115060435421972,"{""type"":""Point"",""coordinates"":[73.02466326584911,33.51015390614563]}"
2589,34.709315540000034,-0.009000173080251543,0.15553353154938884,-0.18045290405318754,"{""type"":""Point"",""coordinates"":[73.20150737127871,33.51333671349577]}"
2590,32.415824120000025,-0.058191263846176816,0.22853478456792264,-0.2375,"{""type"":""Point"",""coordinates"":[73.22893502854875,33.50848739631657]}"
2591,31.745892200000014,-0.01227458705864525,0.17299992976048326,-0.19503381158538768,"{""type"":""Point"",""coordinates"":[73.03380616481202,33.53771434440876]}"
2592,31.547647040000015,0.012557567436139477,0.13258308999639096,-0.16123389511218758,"{""type"":""Point"",""coordinates"":[72.97977810753328,33.71853354311326]}"
2593,24.339042860000006,-0.13817615598131475,0.3134888081565686,-0.2931312975924929,"{""type"":""Point"",""coordinates"":[73.2143768111394,33.797471941122524]}"
2594,30.59060144,-0.09235358972696024,0.24758342283619125,-0.24348468069398302,"{""type"":""Point"",""coordinates"":[73.06377959146722,33.726904393549226]}"
2595,32.220996979999995,-0.025879189709432003,0.23264437020448622,-0.23572927017776305,"{""type"":""Point"",""coordinates"":[73.29897849155724,33.6101178897838]}"
2596,34.36922255000002,0.005520169851380042,0.11830010743702997,-0.15879130588443188,"{""type"":""Point"",""coordinates"":[72.94293407006428,33.70803089629724]}"
2597,35.223727550000035,0.02892228146711908,0.05794958456555415,-0.08072144000287713,"{""type"":""Point"",""coordinates"":[73.03955241916309,33.6189585102799]}"
2598,31.48441366999998,-0.10196363196272427,0.2825876428433082,-0.2776832541088562,"{""type"":""Point"",""coordinates"":[73.26010528909029,33.58705240142888]}"
2599,33.31305437000003,0.033794397720164036,0.09660623846263075,-0.13150783056034904,"{""type"":""Point"",""coordinates"":[72.96686500860766,33.58628552920356]}"
2600,30.477806780000037,-0.040371476738339594,0.20370940697395887,-0.21754179502267143,"{""type"":""Point"",""coordinates"":[72.83408017515266,33.74495380148802]}"
2601,33.09942812000003,0.03937928123884037,0.06360417677611833,-0.08979080730701237,"{""type"":""Point"",""coordinates"":[73.01926194319844,33.572650007290754]}"
2602,29.37720434000005,-0.025251076040172165,0.16743510618987112,-0.1882055166552737,"{""type"":""Point"",""coordinates"":[73.26350567643216,33.78301337274394]}"
2603,30.43679054000006,-0.060005195255000435,0.23639913816321034,-0.24355805370263772,"{""type"":""Point"",""coordinates"":[73.19350472329411,33.65590098460963]}"
2604,36.86608616000001,0.042542934618861106,0.07021857003334118,-0.10976078225947267,"{""type"":""Point"",""coordinates"":[73.13790226464877,33.6308468746651]}"
2605,33.615549139999985,-0.033423306341430904,0.14974233492752012,-0.17035247943241,"{""type"":""Point"",""coordinates"":[72.87953596882194,33.65090992420123]}"
2606,34.367513540000004,-0.03712789827973074,0.17815388798259923,-0.20280351132854516,"{""type"":""Point"",""coordinates"":[72.98839733478543,33.5542225929049]}"
2607,33.66681944000004,-0.03240347553406938,0.15010370801644773,-0.16429676563766302,"{""type"":""Point"",""coordinates"":[72.98492331720523,33.698921607880614]}"
2608,32.40898808000003,0.0482442537647748,0.04386114103218247,-0.07054536997558045,"{""type"":""Point"",""coordinates"":[73.03814445203743,33.63166595264751]}"
2609,33.875318660000005,-0.009667279520787617,0.17039634251142965,-0.2005641748942172,"{""type"":""Point"",""coordinates"":[72.97996988481935,33.50136494009261]}"
2610,36.51061207999999,0.001851851851851852,0.11993981514652145,-0.13543747502996403,"{""type"":""Point"",""coordinates"":[73.05513718084677,33.550220087117566]}"
2611,30.641871740000056,-0.05812265634450224,0.18710771840542834,-0.21642997444766987,"{""type"":""Point"",""coordinates"":[73.07254671431227,33.67952313552104]}"
2612,33.65998339999999,-0.016046231922320985,0.1454840096570427,-0.18852515270056963,"{""type"":""Point"",""coordinates"":[72.94413229896662,33.59423237285058]}"
2613,30.365012120000017,-0.04918576498291931,0.19288057619065577,-0.1936007244462891,"{""type"":""Point"",""coordinates"":[73.02486509616352,33.68758361160515]}"
2614,29.845473080000033,-0.060291939919610744,0.2401993707801619,-0.24858535890956973,"{""type"":""Point"",""coordinates"":[73.11496970166213,33.67590504921363]}"
2615,32.93707217000002,-0.053279196627820484,0.20094002897833693,-0.22004020966468013,"{""type"":""Point"",""coordinates"":[73.19254693885459,33.646685206850336]}"
2616,34.398275720000015,-0.016157414813629818,0.14158369576938284,-0.1652480187848547,"{""type"":""Point"",""coordinates"":[72.93075757033742,33.63371546959898]}"
2617,25.193547860000024,-0.10404321360906196,0.231640958762423,-0.2112420670897552,"{""type"":""Point"",""coordinates"":[72.98206678591161,33.78876628483684]}"
2618,36.018417200000044,0.021662025501978602,0.08223086900129702,-0.11090400745573159,"{""type"":""Point"",""coordinates"":[73.06538054922143,33.53532670454284]}"
2619,30.83328086000006,-0.05069185737094199,0.23140495867768596,-0.2275288540006995,"{""type"":""Point"",""coordinates"":[72.85579303340101,33.50212286374249]}"
2620,29.91725150000002,-0.05258978523732178,0.166106845809341,-0.1737100539322225,"{""type"":""Point"",""coordinates"":[72.87641504381472,33.67406880093522]}"
2621,31.034944040000028,-0.0280714968568035,0.19019351376731394,-0.2191418461644165,"{""type"":""Point"",""coordinates"":[73.23784392184507,33.64236957797524]}"
2622,31.322057720000032,-0.03124106914549584,0.15072171869754952,-0.19211976839213368,"{""type"":""Point"",""coordinates"":[72.97262864117695,33.63373283130087]}"
2623,31.16995583000005,-0.07568977784805123,0.22210246461162608,-0.22282735687966207,"{""type"":""Point"",""coordinates"":[73.05735985507671,33.56579954102558]}"
2624,34.19661254000005,-0.04100918896163282,0.1927151767151767,-0.21377069158119225,"{""type"":""Point"",""coordinates"":[73.2389970603939,33.66734706278559]}"
2625,22.483058000000028,-0.12319222657426936,0.26141482499735647,-0.24756327128215855,"{""type"":""Point"",""coordinates"":[73.01711096962245,33.75879141861243]}"
2626,31.004181860000017,-0.05942301661962998,0.18288605290338392,-0.19620443641899907,"{""type"":""Point"",""coordinates"":[73.08048284115058,33.73268772274149]}"
2627,32.83624057999998,-0.07496033844526706,0.20709619952494063,-0.22289066024966162,"{""type"":""Point"",""coordinates"":[72.93236564529145,33.51938338294011]}"
2628,33.97444124000003,0.003046060121227039,0.15511033474742433,-0.18001383881423214,"{""type"":""Point"",""coordinates"":[72.83834629183433,33.5613337071152]}"
2629,33.33698050999999,-0.02122620563071731,0.17931010905610065,-0.20799117538914083,"{""type"":""Point"",""coordinates"":[72.80094303327424,33.66207458002661]}"
2630,32.64141344000001,0.04727515880976262,0.04895825664433483,-0.07487458036286825,"{""type"":""Point"",""coordinates"":[73.05582834621633,33.62185839875599]}"
2631,32.005661720000035,-0.013634710944127984,0.15041265474552956,-0.18111848608953537,"{""type"":""Point"",""coordinates"":[72.90855613680421,33.603217018353064]}"
2632,33.20709575000001,0.005567465029842229,0.12271904164925478,-0.1505245878238527,"{""type"":""Point"",""coordinates"":[72.88457461198573,33.635909804355904]}"
2633,28.87133738,-0.05900573021527025,0.22637110369812405,-0.2382297551789077,"{""type"":""Point"",""coordinates"":[72.84851157266563,33.74031071774218]}"
2634,33.37286972000004,-0.04711468224981739,0.22064928153273017,-0.22399316920449694,"{""type"":""Point"",""coordinates"":[72.81765546382086,33.73011887628605]}"
2635,34.43245592000005,-0.040119449493638014,0.1744181784863478,-0.1728277578508162,"{""type"":""Point"",""coordinates"":[73.0740460526418,33.585953737038]}"
2636,24.92865131000002,-0.05097949737605528,0.23446533175083273,-0.23205961024073365,"{""type"":""Point"",""coordinates"":[73.16517581360873,33.77936617486019]}"
2637,24.930360319999977,-0.1211173570208929,0.26731728475384947,-0.23789348811591746,"{""type"":""Point"",""coordinates"":[72.91826736947739,33.756782128642165]}"
2638,36.21324434000002,0.0024879350139384313,0.1088970343218927,-0.14278846153846153,"{""type"":""Point"",""coordinates"":[73.0980471963042,33.51955499740372]}"
2639,32.43975025999998,-0.0501445268317205,0.212244305817496,-0.22643378710600667,"{""type"":""Point"",""coordinates"":[72.93330867594594,33.520854388805034]}"
2640,30.864043040000013,-1.623534759879209E-4,0.09648826157378566,-0.12323821679277965,"{""type"":""Point"",""coordinates"":[73.10793254975836,33.67416697809608]}"
2641,23.443521620000013,-0.08524636058230683,0.2350457984866587,-0.240033587908353,"{""type"":""Point"",""coordinates"":[73.07436083198358,33.78988673727788]}"
2642,34.04109262999998,-0.0602992053838012,0.20423432313626985,-0.22567567567567567,"{""type"":""Point"",""coordinates"":[73.28270961639139,33.50678960354572]}"
2643,33.43781210000003,-0.02459410703547805,0.1534269757996277,-0.18149984398294214,"{""type"":""Point"",""coordinates"":[72.92648001857044,33.62652302863969]}"
2644,32.01420676999999,-0.025904374116896337,0.15173637169952925,-0.16908480210533605,"{""type"":""Point"",""coordinates"":[73.16724473053257,33.57314746161792]}"
2645,34.15559630000001,-0.0740100080311361,0.22779759172287156,-0.23617876062146692,"{""type"":""Point"",""coordinates"":[72.81541134841399,33.5927097822569]}"
2646,32.877256820000014,-0.025595870654319113,0.1428088100957472,-0.1674961979814738,"{""type"":""Point"",""coordinates"":[72.84951333349163,33.60626767184048]}"
2647,33.682200530000046,-0.011508420305194196,0.08530029037173331,-0.12978287219237733,"{""type"":""Point"",""coordinates"":[73.04870587719527,33.58697956252815]}"
2648,32.53545482000004,-0.04858929388439835,0.2100668778599085,-0.22765417990929543,"{""type"":""Point"",""coordinates"":[72.93099353335582,33.671064443332725]}"
2649,32.38164391999999,-0.07027986976683001,0.2268717484731961,-0.2283072277788262,"{""type"":""Point"",""coordinates"":[72.93951922390606,33.50657946094708]}"
2650,31.335729800000024,0.01201786950229661,0.08457951994474185,-0.11746076931288474,"{""type"":""Point"",""coordinates"":[73.0042089050591,33.6533862692279]}"
2651,30.45217163000001,-0.0643440599971339,0.22234616439608668,-0.23865468359121653,"{""type"":""Point"",""coordinates"":[73.19067524471298,33.712357389336056]}"
2652,29.525888210000005,-0.06837419731465266,0.20430195973596002,-0.2078787253789832,"{""type"":""Point"",""coordinates"":[73.21378383324041,33.77617065046256]}"
2653,33.91291688000001,0.007957875321661784,0.1152656310095149,-0.1496983278745044,"{""type"":""Point"",""coordinates"":[72.84316387914637,33.58542166907706]}"
2654,24.74236922,-0.1541453714524935,0.31616008911521326,-0.28740149820021405,"{""type"":""Point"",""coordinates"":[73.19154673094454,33.77612624629127]}"
2655,29.59766663000005,-0.05233213822821458,0.20973703051529635,-0.21580677155247857,"{""type"":""Point"",""coordinates"":[73.23502290433775,33.75392653540218]}"
2656,32.08940321,0.018645216962524656,0.1037817601996603,-0.12764488198735768,"{""type"":""Point"",""coordinates"":[73.03986859083903,33.64308131286097]}"
2657,33.089174060000005,-0.0390912651782217,0.1870625928511339,-0.21024106279311666,"{""type"":""Point"",""coordinates"":[72.9553154792481,33.527933514509144]}"
2658,30.96316562000004,-0.06639864313084992,0.22398067702512708,-0.25159435249013895,"{""type"":""Point"",""coordinates"":[73.26893689923988,33.74058710639626]}"
2659,28.741452620000018,-0.09952800449844088,0.24494520759376448,-0.23678460535899107,"{""type"":""Point"",""coordinates"":[72.92119284407507,33.79894718922637]}"
2660,31.496376740000017,-0.05010893246187364,0.20344235298284136,-0.2200998168826972,"{""type"":""Point"",""coordinates"":[72.80112231154891,33.642912597764315]}"
2661,22.81118792000001,-0.0936412648644515,0.24622020826979216,-0.23508074963295622,"{""type"":""Point"",""coordinates"":[73.13350478979284,33.783936438243835]}"
2662,31.089632359999996,-0.048043059339491,0.1826191279571102,-0.20479718890841037,"{""type"":""Point"",""coordinates"":[73.29325911151388,33.617552508053826]}"
2663,34.23079274000003,-0.011758417958311064,0.13762019230769232,-0.17723880597014927,"{""type"":""Point"",""coordinates"":[72.88697366941787,33.61712570581028]}"
2664,30.23512735999998,-0.017210514745139915,0.20333630554317134,-0.2074409588249548,"{""type"":""Point"",""coordinates"":[72.81114876799705,33.64376887958172]}"
2665,32.93365415000005,-0.037818134478942916,0.16441182377535557,-0.1752045404289821,"{""type"":""Point"",""coordinates"":[73.0631071624588,33.555278961467124]}"
2666,26.26680614000003,-0.0526999845273093,0.2684763964501454,-0.26240397817938915,"{""type"":""Point"",""coordinates"":[72.99522071019213,33.78554544837416]}"
2667,32.91827306000005,-0.07903446181873387,0.23460135487232933,-0.24267431288901323,"{""type"":""Point"",""coordinates"":[73.08714745695436,33.528017663913]}"
2668,26.929902019999986,-0.02130762889213013,0.15996830884471333,-0.1879910006270055,"{""type"":""Point"",""coordinates"":[73.1946429078373,33.7266286955581]}"
2669,31.915084190000016,-0.02903874351881245,0.18188131532344873,-0.19844371677053624,"{""type"":""Point"",""coordinates"":[73.24628489910653,33.65912710596215]}"
2670,34.35384146000001,-0.0029995385325334565,0.1407203306435741,-0.17486486486486486,"{""type"":""Point"",""coordinates"":[72.80458024466743,33.5173390770197]}"
2671,27.52463750000004,-0.06637131840183773,0.123956937178434,-0.15537777777777778,"{""type"":""Point"",""coordinates"":[73.23871874868452,33.746704229028886]}"
2672,31.674113780000027,0.021902084797376434,0.09117041779636102,-0.12157942450391163,"{""type"":""Point"",""coordinates"":[73.14644054479412,33.60884842202198]}"
2673,35.56382054000005,0.011078481642039187,0.11288686833362475,-0.13822272296439367,"{""type"":""Point"",""coordinates"":[73.14747792432854,33.58864305367078]}"
2674,32.69097472999999,-0.0025312571910715656,0.1377485288484975,-0.16928196961835065,"{""type"":""Point"",""coordinates"":[72.8480140608579,33.631236054268484]}"
2675,31.663859720000005,-0.04113103046203177,0.2023969835712362,-0.2176047455084717,"{""type"":""Point"",""coordinates"":[73.19074374732995,33.61940441208931]}"
2676,30.18043904000001,-0.046147202171633046,0.1590171217661734,-0.17785572882297782,"{""type"":""Point"",""coordinates"":[73.1117750060681,33.72203514727237]}"
2677,32.87042078000002,-0.06451047558352585,0.2225129453094981,-0.2323668289803748,"{""type"":""Point"",""coordinates"":[72.92573532851893,33.70196863243812]}"
2678,32.28593936000004,-0.0831589314292749,0.23852759009009009,-0.25500124808330066,"{""type"":""Point"",""coordinates"":[73.2165864295252,33.676347526437226]}"
2679,35.02719139999999,0.008849557522123894,0.12892275718739177,-0.1548846603593069,"{""type"":""Point"",""coordinates"":[72.90134408759616,33.67644993172875]}"
2680,34.72640564000005,-0.00554834140007083,0.06898777295707985,-0.12209718092513831,"{""type"":""Point"",""coordinates"":[73.22687431771182,33.60740298865134]}"
2681,34.00862144000001,-0.03929430633520449,0.19309551208285386,-0.20937828064854777,"{""type"":""Point"",""coordinates"":[72.95580928618736,33.71495613537235]}"
2682,36.61486169,0.03815425968789666,0.07929220148128288,-0.11904513707912019,"{""type"":""Point"",""coordinates"":[73.28929778240216,33.520708929086155]}"
2683,32.53545482000004,-0.02936639599522687,0.1837868594571075,-0.2062755798090041,"{""type"":""Point"",""coordinates"":[72.82611943006694,33.62047002506264]}"
2684,32.58330710000001,-0.04711619094946734,0.17724701445631677,-0.2030402512132458,"{""type"":""Point"",""coordinates"":[73.2309261325301,33.65705036709995]}"
2685,34.70589752000001,0.0037686889904856046,0.11049894976068317,-0.14629985071443805,"{""type"":""Point"",""coordinates"":[73.10288485040289,33.65104167635098]}"
2686,28.317618140000036,-0.0639380981470169,0.21648364440650344,-0.2109390088454556,"{""type"":""Point"",""coordinates"":[72.97501793440895,33.75419821600845]}"
2687,32.299611440000035,-0.0024649755062560452,0.14624139284312676,-0.17944199706314243,"{""type"":""Point"",""coordinates"":[72.96661294058053,33.5585873503865]}"
2688,31.52030288000003,0.008333571980870013,0.14046701577577972,-0.17196331268825937,"{""type"":""Point"",""coordinates"":[73.21514522109348,33.59586638690005]}"
2689,33.63605726000003,-0.01232328287251345,0.14819873352608334,-0.17189564965512247,"{""type"":""Point"",""coordinates"":[73.16483657542875,33.52083684439253]}"
2690,34.65804523999998,-0.010336517522720015,0.15405279915096842,-0.17567362108286172,"{""type"":""Point"",""coordinates"":[73.09590313858547,33.57217668198673]}"
2691,33.45490219999999,-0.03221545020566247,0.19404021810856806,-0.21716349217588332,"{""type"":""Point"",""coordinates"":[72.8907979883815,33.69024608174443]}"
2692,33.020813660000044,-0.033173853806913595,0.09323767056693599,-0.16611236276508243,"{""type"":""Point"",""coordinates"":[73.21336347093595,33.72104095775391]}"
2693,33.15411644000005,-0.03608008986982092,0.15087899585275444,-0.16733052898038195,"{""type"":""Point"",""coordinates"":[73.06679085894424,33.58917762997354]}"
2694,35.249362700000006,0.038490475187336365,0.11502757032177008,-0.14417705199828104,"{""type"":""Point"",""coordinates"":[72.8272151321304,33.55282464437902]}"
2695,29.431892660000017,-0.03284089701349772,0.159073095927756,-0.17896013864818025,"{""type"":""Point"",""coordinates"":[73.17754715730267,33.635154655179285]}"
2696,32.984924449999994,-0.01724790313426247,0.12792811691490105,-0.14487996167290665,"{""type"":""Point"",""coordinates"":[73.03601159195509,33.59783060469837]}"
2697,24.67400882000004,-0.11257054487758832,0.2244645343825291,-0.21581107477558545,"{""type"":""Point"",""coordinates"":[73.24425199547213,33.77897246792074]}"
2698,31.906539140000007,-0.062236910767089926,0.17855488652153775,-0.1953492013780144,"{""type"":""Point"",""coordinates"":[73.22186608793679,33.69046944459707]}"
2699,27.510965420000048,-0.12553091080698442,0.2888906044931676,-0.2692921766897286,"{""type"":""Point"",""coordinates"":[73.10306486726415,33.68862609797359]}"
2700,31.479286640000055,-0.02181414838550653,0.16201822004204625,-0.18599578013803955,"{""type"":""Point"",""coordinates"":[73.20506961528453,33.56583024613127]}"
2701,32.87896583000003,-0.017590176515732924,0.14929616531447196,-0.16675172911423594,"{""type"":""Point"",""coordinates"":[73.05052980392522,33.56781323687906]}"
2702,33.19171466,0.023796823648846294,0.07662820707454077,-0.09314065510597302,"{""type"":""Point"",""coordinates"":[73.02613190372732,33.570372260371386]}"
2703,26.878631720000044,-0.04595480622877883,0.0032567802796338928,0.02677233978810905,"{""type"":""Point"",""coordinates"":[73.11305134086957,33.70125823499669]}"
2704,31.482704660000024,-0.03938946331856229,0.1904275191202904,-0.20276333594473328,"{""type"":""Point"",""coordinates"":[73.00919660698864,33.63021205824695]}"
2705,27.780988999999977,-0.13638622648207313,0.23474504358558976,-0.22957557134626463,"{""type"":""Point"",""coordinates"":[73.14371462526732,33.71383628667767]}"
2706,30.08473448000001,-0.059427287358416084,0.2400654012938082,-0.2510937387936599,"{""type"":""Point"",""coordinates"":[73.27452317491371,33.69109614734283]}"
2707,32.17314470000002,-0.09678220897005839,0.22424074330883373,-0.23529000209892956,"{""type"":""Point"",""coordinates"":[73.13445252135439,33.61248427439231]}"
2708,30.337667960000033,-0.10093283582089552,0.25047679593134137,-0.2531322998513485,"{""type"":""Point"",""coordinates"":[73.00451086415363,33.67647528762935]}"
2709,29.88648932000001,-0.10230849947534103,0.3152257077276205,-0.30550952775476387,"{""type"":""Point"",""coordinates"":[73.05168539339358,33.727812896905334]}"
2710,25.026064880000035,-0.10291505589802528,0.2886266531027467,-0.26383844833778985,"{""type"":""Point"",""coordinates"":[73.18151587497192,33.7730638294229]}"
2711,26.97091826000002,-0.12959968958158183,0.31801546877947556,-0.291794549421292,"{""type"":""Point"",""coordinates"":[73.09346726464385,33.69141407181213]}"
2712,29.613047720000054,-0.08280678417026938,0.2536226811340567,-0.25397381135774805,"{""type"":""Point"",""coordinates"":[73.02729695709868,33.64876825697983]}"
2713,34.99984724000001,0.04976318905407183,0.047154766219644796,-0.07174388841488297,"{""type"":""Point"",""coordinates"":[73.02909860780508,33.57257093338576]}"
2714,28.594477760000018,-0.1564072433637651,0.35469979880696056,-0.328993386197583,"{""type"":""Point"",""coordinates"":[73.0115374227915,33.73591198783314]}"
2715,31.855268840000008,-0.029897290647440847,0.2098948005243169,-0.2332728082496831,"{""type"":""Point"",""coordinates"":[72.9450867989989,33.65544412464265]}"
2716,35.03231843000003,0.007932537697420139,0.1652033775957293,-0.18702329240346136,"{""type"":""Point"",""coordinates"":[72.80982275123347,33.73746589719247]}"
2717,24.605648420000023,-0.0854352606389859,0.2792895799984755,-0.27365864764362147,"{""type"":""Point"",""coordinates"":[73.11673906356508,33.79664586482963]}"
2718,31.781781410000008,0.007160888156200093,0.124146915284556,-0.1405799960544486,"{""type"":""Point"",""coordinates"":[73.09054987111077,33.51384955816676]}"
2719,34.54183255999999,-0.057294851412498474,0.21089674008193565,-0.22888312426708363,"{""type"":""Point"",""coordinates"":[72.8322557837226,33.5107658043023]}"
2720,36.44566970000005,-0.011285682673157778,0.16446966093633214,-0.17767317207256733,"{""type"":""Point"",""coordinates"":[73.10229804131892,33.61091427670978]}"
2721,36.84557804000002,0.01986100386100386,0.07946659409443461,-0.10672433035714286,"{""type"":""Point"",""coordinates"":[73.1109409245014,33.643049696040855]}"
2722,33.88728173000004,-0.06008748124261677,0.20909653690688612,-0.22292407137990092,"{""type"":""Point"",""coordinates"":[73.29687371245825,33.56439939368211]}"
2723,32.39189798000001,0.007786618342441317,0.11865921787709498,-0.14940794436973137,"{""type"":""Point"",""coordinates"":[73.05837052205891,33.677184830299126]}"
2724,29.19604928000001,-0.06652844685651564,0.2681264501160093,-0.2703370133643231,"{""type"":""Point"",""coordinates"":[72.98444468044539,33.780042182572714]}"
2725,35.28183389000003,0.026364132863313638,0.08201063066708356,-0.10373163730511623,"{""type"":""Point"",""coordinates"":[73.05145675969165,33.599092983842034]}"
2726,31.75272824000001,-0.04272252331429129,0.22085445329471398,-0.22320866028982186,"{""type"":""Point"",""coordinates"":[73.27133630174094,33.62387489934914]}"
2727,34.86141743000002,-0.007977325923920833,0.1239258575385271,-0.14488271571446656,"{""type"":""Point"",""coordinates"":[73.06630954561501,33.542526990489065]}"
2728,31.97319053000001,-0.02736883066346715,0.1699193146359927,-0.17893091707444136,"{""type"":""Point"",""coordinates"":[72.993568444885,33.64540824751432]}"
2729,34.44270998000002,-0.011058401688111822,0.13005390835579514,-0.15554507869732356,"{""type"":""Point"",""coordinates"":[73.05815563380689,33.552826844372895]}"
2730,25.39521104000005,-0.062319939347990905,0.01629515013780765,-0.011355981137522857,"{""type"":""Point"",""coordinates"":[73.13949031859224,33.71751684224999]}"
2731,36.281604740000034,-0.024334773709347283,0.16774695359087374,-0.19995737273986713,"{""type"":""Point"",""coordinates"":[72.8285062904223,33.52375878533385]}"
2732,30.46071668000002,-0.07911009115828394,0.2398286153733475,-0.23937474832521874,"{""type"":""Point"",""coordinates"":[72.86630569254386,33.631837302030185]}"
2733,31.345983860000047,-0.06633668171009852,0.2427327225426988,-0.24210050308066247,"{""type"":""Point"",""coordinates"":[72.99099655952196,33.505585543544235]}"
2734,32.450004320000005,-0.07856634227391407,0.24822305394361843,-0.26034046389071874,"{""type"":""Point"",""coordinates"":[73.26606717526433,33.669553355317646]}"
2735,29.903579420000028,-0.05488549013392503,0.2234476673651704,-0.24561140846651944,"{""type"":""Point"",""coordinates"":[73.21332975363957,33.72672393364404]}"
2736,27.750226820000023,-0.0928354884613005,0.27776471652048107,-0.2665411849063368,"{""type"":""Point"",""coordinates"":[73.04292607826898,33.66998563878227]}"
2737,30.98880077000001,-0.02476654486398701,0.142936760889632,-0.1585749090780693,"{""type"":""Point"",""coordinates"":[72.99617173114855,33.67467831326092]}"
2738,29.42847463999999,-0.08541609447953859,0.256797583081571,-0.23712631084676788,"{""type"":""Point"",""coordinates"":[72.95187678335482,33.631471216979826]}"
2739,31.120394540000007,-0.04085934567295198,0.20009322146757225,-0.22030570272694958,"{""type"":""Point"",""coordinates"":[73.0020108507218,33.6063236365177]}"
2740,29.756604560000028,-0.1228107678917714,0.32219724894363033,-0.2937243793873925,"{""type"":""Point"",""coordinates"":[73.06827957595671,33.67605902201392]}"
2741,29.953140710000014,-0.07031627515470827,0.2185486876430815,-0.22145334875033354,"{""type"":""Point"",""coordinates"":[72.80115034968605,33.76052812305638]}"
2742,34.51107037999998,0.005981547336162961,0.0889766606822262,-0.11399658395930136,"{""type"":""Point"",""coordinates"":[73.05813183173962,33.609428872707554]}"
2743,28.75512470000001,-0.0846064725419016,0.25535490792061505,-0.2562758324536134,"{""type"":""Point"",""coordinates"":[72.85712142113569,33.763930611518596]}"
2744,33.48566438,-0.032246119665504364,0.18953132778607495,-0.21634790197076575,"{""type"":""Point"",""coordinates"":[72.95427954113326,33.52697378845558]}"
2745,26.30098634000001,-0.07968394268113031,0.2605245670953367,-0.2480842170446629,"{""type"":""Point"",""coordinates"":[73.06512872008214,33.76823180699249]}"
2746,35.91929462000002,0.08139114257661102,0.11258195246365926,-0.15633182091688214,"{""type"":""Point"",""coordinates"":[72.81055762276202,33.6979651984907]}"
2747,34.83578227999999,0.05201628792854328,0.05511695906432749,-0.07994463357150873,"{""type"":""Point"",""coordinates"":[73.02325426392935,33.579573584641494]}"
2748,32.32695560000002,0.025149342891278376,0.09836782769644961,-0.13028120238260146,"{""type"":""Point"",""coordinates"":[73.15588847084797,33.62046721717972]}"
2749,32.08427618000002,-0.07415077427131951,0.22573363431151242,-0.24425349087003223,"{""type"":""Point"",""coordinates"":[72.87365192935255,33.52646794134102]}"
2750,32.817441470000006,-0.023842876320550984,0.17657119860486953,-0.19821035195273143,"{""type"":""Point"",""coordinates"":[72.9691825660747,33.66514252063874]}"
2751,35.30746904,0.0337990085624155,0.062475664578245015,-0.0898858045424012,"{""type"":""Point"",""coordinates"":[73.00920013931503,33.60297582905873]}"
2752,36.42516158000001,-0.004799420447342208,0.11314350683007574,-0.13143672886713573,"{""type"":""Point"",""coordinates"":[73.17655667927215,33.57788986405234]}"
2753,29.399421469999993,-0.06359771030213796,0.23389050598713682,-0.24159461213322342,"{""type"":""Point"",""coordinates"":[72.81155671269505,33.79053363790795]}"
2754,26.700894680000033,-0.14851981936778724,0.3381074168797954,-0.3158008191420565,"{""type"":""Point"",""coordinates"":[73.06069785988639,33.736280957846226]}"
2755,29.86085417000004,-0.057122621173862166,0.21355345022624433,-0.22597003731942933,"{""type"":""Point"",""coordinates"":[73.25830095510797,33.71131475828849]}"
2756,34.53157850000002,-0.044959651594722684,0.1829188718915392,-0.1848946986201888,"{""type"":""Point"",""coordinates"":[73.10048082370915,33.54072684334715]}"
2757,27.510965420000048,-0.039566227730441515,0.2298669403614237,-0.23712252498064232,"{""type"":""Point"",""coordinates"":[73.12723323850489,33.750893089718986]}"
2758,29.872817240000018,-0.013559934912312421,0.18836227454998322,-0.21447140381282495,"{""type"":""Point"",""coordinates"":[72.9316438828286,33.78141298741692]}"
2759,31.267369400000007,-0.0920088756497158,0.258309691429372,-0.2616681299385426,"{""type"":""Point"",""coordinates"":[73.1849535629499,33.696475687026116]}"
2760,34.58455780999998,0.0019988041342786367,0.10230960827232244,-0.11071394619260386,"{""type"":""Point"",""coordinates"":[73.06871559399538,33.63856335346191]}"
2761,30.54787619000001,0.0038163457022076094,0.11465501667022517,-0.14494905189284027,"{""type"":""Point"",""coordinates"":[73.16697069927177,33.749139403339385]}"
2762,25.070499140000038,-0.03435870857595805,0.2111087313486114,-0.2353626565685989,"{""type"":""Point"",""coordinates"":[72.98043667324606,33.7744906830099]}"
2763,32.69951978000006,-0.005345138547302837,0.09130388352970491,-0.12912492634060105,"{""type"":""Point"",""coordinates"":[73.16270510602835,33.70360761428972]}"
2764,34.25813690000001,-0.03149068039921615,0.15676320272572403,-0.19216250855908842,"{""type"":""Point"",""coordinates"":[73.27185966707113,33.56370606423778]}"
2765,26.653042400000004,-0.0770733231766866,0.22531330548395698,-0.20113265083859724,"{""type"":""Point"",""coordinates"":[72.98509333872002,33.7522953144152]}"
2766,31.60575338000001,-0.05265555251890316,0.20853452333222933,-0.2197396199859254,"{""type"":""Point"",""coordinates"":[73.11136889773243,33.68107464150134]}"
2767,34.336751359999994,0.022748343925936873,0.11545658108646974,-0.17145848433599098,"{""type"":""Point"",""coordinates"":[72.8846095951382,33.56877791480187]}"
2768,24.04680215000002,-0.07060935285781766,0.22142703168786376,-0.20920207430803048,"{""type"":""Point"",""coordinates"":[73.20426314139519,33.78795924373745]}"
2769,25.439645300000052,-0.1757754800590842,0.33559622765231145,-0.31047402781720124,"{""type"":""Point"",""coordinates"":[73.19418821816282,33.77533315432255]}"
2770,34.76229484999999,-0.014626069358844633,0.10898853810577117,-0.12616138583534697,"{""type"":""Point"",""coordinates"":[73.09079573150112,33.60121371155098]}"
2771,28.495355180000047,0.016110529203451542,0.10557288844882022,-0.13127258129265354,"{""type"":""Point"",""coordinates"":[73.20855669316113,33.736196074618206]}"
2772,30.31374182000002,-0.08041130104771481,0.20241146529006174,-0.209660432177229,"{""type"":""Point"",""coordinates"":[73.07880303391322,33.614424539433905]}"
2773,33.150698420000026,0.005028123402079428,0.13476211303882976,-0.183197081278292,"{""type"":""Point"",""coordinates"":[72.84404339068087,33.592569334543775]}"
2774,34.770839900000055,-0.009211197455669238,0.11985617259288853,-0.145211262810255,"{""type"":""Point"",""coordinates"":[72.95865756499418,33.65114853767907]}"
2775,24.964540520000014,-0.14944215191808038,0.34496941950713544,-0.33243568846998794,"{""type"":""Point"",""coordinates"":[73.14761469152707,33.791566765371805]}"
2776,34.31453423000005,-0.00544574104945622,0.13462572114523239,-0.15481965060724315,"{""type"":""Point"",""coordinates"":[73.08972343483002,33.509681170907314]}"
2777,32.14238252000001,-0.03254830917874396,0.218484999643697,-0.23802628244578794,"{""type"":""Point"",""coordinates"":[72.85527705787945,33.53151661676058]}"
2778,35.797954910000044,0.016617338759403133,0.08386285636616943,-0.11201366615534793,"{""type"":""Point"",""coordinates"":[73.12281164393293,33.641547394750724]}"
2779,29.242192550000027,-0.09104907984721991,0.2615427583919563,-0.2649874849031174,"{""type"":""Point"",""coordinates"":[73.10700838771443,33.68767966080261]}"
2780,32.66021254999998,6.650890136575255E-4,0.1339066339066339,-0.16046411380127884,"{""type"":""Point"",""coordinates"":[73.12933722457447,33.649319779441434]}"
2781,27.324683330000028,-0.08915441176470588,0.2218069338832324,-0.2181436587141817,"{""type"":""Point"",""coordinates"":[73.2922082310309,33.703545261836915]}"
2782,31.14773869999999,-0.02373491359250411,0.17285749831159136,-0.17943951958821847,"{""type"":""Point"",""coordinates"":[73.00021216947228,33.62107651120601]}"
2783,31.175082860000032,-0.040597820967691295,0.2143485270408911,-0.21998085842597365,"{""type"":""Point"",""coordinates"":[72.83077517817019,33.74928973206882]}"
2784,32.53545482000004,-0.06064853751985796,0.2198180124668625,-0.21550708599578766,"{""type"":""Point"",""coordinates"":[73.07049643233476,33.669398910932465]}"
2785,33.47199230000001,0.03584314345158147,0.10291016448755799,-0.15766506450796863,"{""type"":""Point"",""coordinates"":[72.94341565156967,33.54004691900694]}"
2786,32.415824120000025,-0.0021257750221434896,0.1315885980996833,-0.1727187921086273,"{""type"":""Point"",""coordinates"":[73.20324090908176,33.61512605929046]}"
2787,29.842055060000007,-0.06975071907957814,0.11312950761748385,-0.11936461490228864,"{""type"":""Point"",""coordinates"":[73.19288103462382,33.55556353536957]}"
2788,34.960540010000045,-0.015045166488479833,0.13989907777971117,-0.18031782638463478,"{""type"":""Point"",""coordinates"":[72.91334146153427,33.51660079806295]}"
2789,37.86243898999999,0.021084205135708536,0.08534626802718881,-0.11339657180895324,"{""type"":""Point"",""coordinates"":[73.13315077074378,33.59168336005988]}"
2790,31.240025240000023,-0.008185538881309686,0.18910032181334827,-0.21389801456934723,"{""type"":""Point"",""coordinates"":[73.26889576822556,33.60108163231208]}"
2791,33.07037495000003,-0.02223445576046732,0.17182624548609893,-0.195144190370622,"{""type"":""Point"",""coordinates"":[73.24545729702959,33.55946596292237]}"
2792,27.022188560000018,-0.09431086503468226,0.28388438800087584,-0.27149517510571397,"{""type"":""Point"",""coordinates"":[73.14797394682435,33.72228337526005]}"
2793,27.080294900000013,-0.08470931572075878,0.28976878401577966,-0.28106519609621594,"{""type"":""Point"",""coordinates"":[72.94030954263964,33.76297644582368]}"
2794,33.037903760000006,-0.06654693260232536,0.21086050546423651,-0.228326740936967,"{""type"":""Point"",""coordinates"":[72.92808666735027,33.69933948675674]}"
2795,37.0267331,0.0032364399160922986,0.08260643145423772,-0.1109181390067132,"{""type"":""Point"",""coordinates"":[73.14513737109637,33.573933252106634]}"
2796,33.04132178000003,-0.02170190241927951,0.1653112681558294,-0.1825717168804959,"{""type"":""Point"",""coordinates"":[72.95005335171187,33.56963319838168]}"
2797,26.41378100000003,-0.09569470364888345,0.2873128685921669,-0.2697442016556044,"{""type"":""Point"",""coordinates"":[73.09535428187613,33.68192331857746]}"
2798,35.153658140000005,0.024092494509753263,0.10035685674750565,-0.11843955881264343,"{""type"":""Point"",""coordinates"":[72.806431870117,33.747146892075605]}"
2799,28.55346152000004,-0.06613831828843557,0.2296687981636334,-0.22610046184656885,"{""type"":""Point"",""coordinates"":[72.89678030853966,33.72311021486944]}"
2800,32.08427618000002,0.013564386017328952,0.10115732248274022,-0.13111103497893042,"{""type"":""Point"",""coordinates"":[72.87352502179343,33.58392961531835]}"
2801,26.04292583000006,-0.07796679858148738,0.24133441180532264,-0.23163952395865955,"{""type"":""Point"",""coordinates"":[72.98448158187475,33.79963195793447]}"
2802,34.54866860000004,0.007303988106780428,0.09165867007854427,-0.11443291488280967,"{""type"":""Point"",""coordinates"":[73.11205745061615,33.55216815397855]}"
2803,36.97888082000003,0.03758892520669102,0.05902887972072358,-0.08225077025639178,"{""type"":""Point"",""coordinates"":[73.10285093614483,33.58655441308032]}"
2804,30.73415828000003,-0.0700270401442141,0.2322740338549984,-0.2344918609766828,"{""type"":""Point"",""coordinates"":[73.27143186279389,33.7477907518315]}"
2805,35.01864635000004,-0.015073200311859316,0.1551517342227626,-0.18705995576341872,"{""type"":""Point"",""coordinates"":[73.18515536323996,33.53239600291933]}"
2806,32.54912690000003,-0.10349130886941019,0.2571254485139801,-0.256487464898332,"{""type"":""Point"",""coordinates"":[73.04227910682695,33.54392043631042]}"
2807,33.65656538000002,-0.0016164489848700375,0.14867269761233873,-0.1721398305084746,"{""type"":""Point"",""coordinates"":[72.96080732232139,33.70266567594815]}"
2808,32.91485504000002,-0.027779419587446067,0.13672168655008987,-0.15052269419081646,"{""type"":""Point"",""coordinates"":[73.10241807332974,33.7218514248231]}"
2809,30.108660620000023,-0.07466365063556103,0.22180213031378945,-0.23414236972704713,"{""type"":""Point"",""coordinates"":[73.25246095232302,33.699003787322845]}"
2810,34.746913759999984,-0.030328209389281262,0.17870722433460076,-0.20304920304920304,"{""type"":""Point"",""coordinates"":[72.90640651238566,33.6595834752112]}"
2811,34.251300860000015,0.02467434869739479,0.08825379079030117,-0.11613573655355287,"{""type"":""Point"",""coordinates"":[73.18641676296856,33.511609387312774]}"
2812,34.80502009999998,-0.03827414059337661,0.17926712981882578,-0.2095216472519604,"{""type"":""Point"",""coordinates"":[72.8705622941803,33.5106678422368]}"
2813,32.01933380000003,-0.009188275084554678,0.15317230273752014,-0.18109249241324712,"{""type"":""Point"",""coordinates"":[72.82095575173959,33.68390843875042]}"
2814,34.15046927000003,-0.02407959030946896,0.14441729662364922,-0.18290140510856115,"{""type"":""Point"",""coordinates"":[73.06907318707108,33.519950010759516]}"
2815,31.39041812000005,-0.035930524126964715,0.17657069426596742,-0.19573619469495085,"{""type"":""Point"",""coordinates"":[73.04929654784475,33.52221697935275]}"
2816,35.19125636000001,0.017930860618283806,0.08136992956035949,-0.10687266915290357,"{""type"":""Point"",""coordinates"":[73.10855949847368,33.55184704450816]}"
2817,32.11162034000006,-0.020991310573762488,0.1553787795087099,-0.16659229510635132,"{""type"":""Point"",""coordinates"":[73.07614035138488,33.66957582943796]}"
2818,35.41684568000005,-0.012253659700068573,0.15294756859549036,-0.18456492917451678,"{""type"":""Point"",""coordinates"":[72.90712728647769,33.54992788642508]}"
2819,27.634014139999977,-0.09708642621235408,0.2449441537719396,-0.2493483279958293,"{""type"":""Point"",""coordinates"":[73.21428276621934,33.73921087538444]}"
2820,31.71854804000003,-0.08225820935732032,0.24357232531342976,-0.2555999305434971,"{""type"":""Point"",""coordinates"":[72.98287328331774,33.72281650819572]}"
2821,31.552774070000055,-0.018804178706379196,0.17494061554761864,-0.20403481428296236,"{""type"":""Point"",""coordinates"":[72.93819438784438,33.52164728025679]}"
2822,30.946075520000022,-0.055034207180480715,0.25083443993826937,-0.25755935628202353,"{""type"":""Point"",""coordinates"":[72.96002248401797,33.73295640084442]}"
2823,35.01351932,0.02644367308299148,0.07828882986159653,-0.10783151998276419,"{""type"":""Point"",""coordinates"":[73.00216121832224,33.57440280363373]}"
2824,32.121874400000024,-0.029105092225692665,0.17707907505820877,-0.1912436593877037,"{""type"":""Point"",""coordinates"":[73.00763869896728,33.673216506805]}"
2825,33.60700409000003,-0.024200795016677074,0.16683150278486283,-0.19246728375359082,"{""type"":""Point"",""coordinates"":[72.9423257710383,33.70558917212885]}"
2826,29.148196999999982,-0.09715722567577006,0.25941070354780515,-0.24439515170720114,"{""type"":""Point"",""coordinates"":[73.1447282123443,33.69562329267396]}"
2827,34.056473719999985,0.0017323860836949093,0.09715623253214085,-0.13543512057558119,"{""type"":""Point"",""coordinates"":[73.18878126650158,33.51567400096044]}"
2828,33.41046793999999,-0.03173547724112918,0.17742825607064017,-0.20167564332734889,"{""type"":""Point"",""coordinates"":[72.93444681353941,33.681293816001784]}"
2829,31.833051710000007,-0.04221116107009128,0.19162325269510497,-0.2111563532146165,"{""type"":""Point"",""coordinates"":[73.20685651897601,33.70931328580398]}"
2830,25.43280926,-0.11541931261387155,0.26515789896071584,-0.25551020408163266,"{""type"":""Point"",""coordinates"":[73.22369115264875,33.78604420376503]}"
2831,35.045990510000024,0.04222441103809078,0.09718471384706448,-0.12443130118289354,"{""type"":""Point"",""coordinates"":[72.83522804129579,33.71580680055044]}"
2832,34.60335692000001,-0.009433368970505,0.11853658536585365,-0.1473605203902927,"{""type"":""Point"",""coordinates"":[73.08830535027705,33.518131795837895]}"
2833,24.639828620000003,-0.028741442560443687,-1.1230276826323769E-4,0.061529948088223665,"{""type"":""Point"",""coordinates"":[72.95563861819632,33.793263515171134]}"
2834,24.501398810000012,-0.09356888615568104,0.2441061736770692,-0.23372227478187743,"{""type"":""Point"",""coordinates"":[72.96494348095871,33.77575647775505]}"
2835,36.640496840000026,-0.008504817414059711,0.14134751295685535,-0.17675225537820957,"{""type"":""Point"",""coordinates"":[73.26372002238546,33.524447820350204]}"
2836,34.618738010000015,0.016559273886232937,0.1301135368397586,-0.16393872798241874,"{""type"":""Point"",""coordinates"":[72.81269327184701,33.687752635204134]}"
2837,28.75512470000001,-0.11229373765773003,0.2836339758198463,-0.2673811067465009,"{""type"":""Point"",""coordinates"":[73.06001521074424,33.73289249364049]}"
2838,27.235814810000022,-0.033863093383193106,0.14054890276743254,-0.1736105652071378,"{""type"":""Point"",""coordinates"":[73.19526713614938,33.721518761263496]}"
2839,29.42847463999999,-0.03416067424418155,0.2220232439149185,-0.23783433595557613,"{""type"":""Point"",""coordinates"":[73.09799809187736,33.74469864634997]}"
2840,31.824506659999997,0.009826860084230228,0.09592270462379227,-0.12211534944958491,"{""type"":""Point"",""coordinates"":[73.17687797585648,33.56560404499898]}"
2841,29.86939921999999,-0.03536736517453089,0.1591957917836512,-0.1845012366034625,"{""type"":""Point"",""coordinates"":[73.04577457132807,33.721967075026654]}"
2842,33.272038130000055,-0.04300973328277082,0.20475990582394918,-0.21913380736910149,"{""type"":""Point"",""coordinates"":[73.2124395264492,33.68392772879134]}"
2843,25.51484174000001,-0.15887920956367613,0.2954219711660062,-0.2727272727272727,"{""type"":""Point"",""coordinates"":[72.94778422551447,33.74499356052223]}"
2844,36.53112020000003,0.019420376456528235,0.07580103253298369,-0.10803511141120864,"{""type"":""Point"",""coordinates"":[73.1626484442067,33.557161553523414]}"
2845,32.79864236000003,0.017122169797323363,0.13264712922750743,-0.16364530635188307,"{""type"":""Point"",""coordinates"":[72.95448201510129,33.66084297347413]}"
2846,23.932298479999986,-0.06912764717311055,0.22137878989656856,-0.2116968335755494,"{""type"":""Point"",""coordinates"":[72.99092497592004,33.78966285170281]}"
2847,32.56621700000005,-0.0566791352310911,0.2085418026249003,-0.21937301093755715,"{""type"":""Point"",""coordinates"":[72.82988585751006,33.6389116812143]}"
2848,34.33162433000001,0.026960533059969247,0.07525582449118302,-0.0952518317659955,"{""type"":""Point"",""coordinates"":[73.07287651171892,33.592619119510495]}"
2849,23.298255770000026,-0.10652555233646702,0.24817145016784864,-0.2293678425189954,"{""type"":""Point"",""coordinates"":[73.01015211228274,33.786132326116004]}"
2850,31.841596760000016,0.02587587267021072,0.09606514845776881,-0.11637978493045106,"{""type"":""Point"",""coordinates"":[73.08521506671083,33.54487103066083]}"
2851,26.118122270000015,-0.09779044347282947,0.22836674966146858,-0.20595235542594936,"{""type"":""Point"",""coordinates"":[73.1765106924962,33.71840467995823]}"
2852,28.07322971000002,-0.06661799598466873,0.2476031518068548,-0.2411955514365153,"{""type"":""Point"",""coordinates"":[73.14878783086974,33.736223547451296]}"
2853,33.612131120000015,-0.04626116754375229,0.21663642508983527,-0.23188875679959653,"{""type"":""Point"",""coordinates"":[72.88897267340921,33.68948770950237]}"
2854,30.648707779999995,-0.06334753971328942,0.2077007700770077,-0.21846905175922157,"{""type"":""Point"",""coordinates"":[73.21685360956559,33.50874581338701]}"
2855,30.82302679999998,-0.013631968056898649,0.2099344652963956,-0.22231417393921155,"{""type"":""Point"",""coordinates"":[72.95702946486674,33.764627358271746]}"
2856,32.69268374000001,0.028312988246636327,0.09803418940352789,-0.1323398209034134,"{""type"":""Point"",""coordinates"":[73.20800218833445,33.650148567397046]}"
2857,32.45684036,-0.029938357877392494,0.2057455823085667,-0.22569462681863542,"{""type"":""Point"",""coordinates"":[72.85676108449461,33.6858793401209]}"
2858,33.64118429000001,-0.0446916893949233,0.2287038137103481,-0.2378851612461954,"{""type"":""Point"",""coordinates"":[72.92694427357388,33.64695172510223]}"
2859,22.166891150000026,-0.19665564505556932,0.40292696255059,-0.3804146923412978,"{""type"":""Point"",""coordinates"":[73.09626694941655,33.796228814261745]}"
2860,33.70612667,-0.009352332000182484,0.19264010924837835,-0.21854231687167247,"{""type"":""Point"",""coordinates"":[72.8640116759149,33.64899922642724]}"
2861,32.97125237,0.007162887100707145,0.08199770798385624,-0.10568746923742765,"{""type"":""Point"",""coordinates"":[73.0217784797581,33.65123963907059]}"
2862,35.20834646000003,-0.01456736675832212,0.1567116891779223,-0.19390038208667515,"{""type"":""Point"",""coordinates"":[72.8114143590704,33.53920164757676]}"
2863,32.91827306000005,-0.01865177594841978,0.20554571467502383,-0.22967338429464906,"{""type"":""Point"",""coordinates"":[72.9943427902938,33.539223858209695]}"
2864,29.462654840000027,-0.12665588549014212,0.2515862701628316,-0.23992729475916388,"{""type"":""Point"",""coordinates"":[73.0452676892166,33.648501372587205]}"
2865,33.82063033999998,-0.03418776135601877,0.16753756892140256,-0.19708838309193025,"{""type"":""Point"",""coordinates"":[72.8113828688635,33.501077105203954]}"
2866,27.343482440000002,-0.07451374916163649,0.23181608488389974,-0.23319093253280992,"{""type"":""Point"",""coordinates"":[73.12042862891457,33.512668522157824]}"
2867,36.09361364000006,0.04340820469852728,0.05325905687825994,-0.07484520404098925,"{""type"":""Point"",""coordinates"":[73.01773061106162,33.59429584002035]}"
2868,33.14386238000003,0.018579166141831464,0.08354483190209644,-0.10240175444802094,"{""type"":""Point"",""coordinates"":[73.07990896710119,33.71142275577433]}"
2869,32.27568530000002,-0.0167682464598684,0.17326801959412177,-0.19030208370309892,"{""type"":""Point"",""coordinates"":[72.96027174667158,33.68432602024985]}"
2870,32.58672511999998,-0.025571065989847715,0.12874052864974336,-0.1485521406999467,"{""type"":""Point"",""coordinates"":[73.13599053053152,33.63362122578998]}"
2871,35.13656804000004,0.010351839300018486,0.06948560013317796,-0.13002181101808205,"{""type"":""Point"",""coordinates"":[73.288735588261,33.525067115882756]}"
2872,25.03631894,-0.10769593817291526,0.2940933213867255,-0.30788520479242126,"{""type"":""Point"",""coordinates"":[73.05313632110432,33.78170384323127]}"
2873,29.120852839999998,-0.06601877899967118,0.2104542626011201,-0.2067995698568947,"{""type"":""Point"",""coordinates"":[72.88675057065741,33.73710299741119]}"
2874,28.898681539999984,-0.15957119093093464,0.3392869849854124,-0.3216066287479812,"{""type"":""Point"",""coordinates"":[73.06681673131177,33.7552715596803]}"
2875,32.48247551000003,-0.04589423575722437,0.20646262693817208,-0.2169575174421701,"{""type"":""Point"",""coordinates"":[73.02398863847651,33.64476545392673]}"
2876,33.824048360000006,0.010022988505747127,0.11138639413647156,-0.1338599262769879,"{""type"":""Point"",""coordinates"":[73.24092825826298,33.56329992194072]}"
2877,33.83430242000003,0.028095639604914478,0.07836749695116858,-0.12644841546837918,"{""type"":""Point"",""coordinates"":[73.15264028561677,33.65626855129932]}"
2878,27.227269760000013,-0.11577253882804282,0.31179979630437943,-0.29848059336069704,"{""type"":""Point"",""coordinates"":[73.19932278067476,33.75453401360758]}"
2879,25.51142372000004,-0.13230945761066243,0.21553950017766196,-0.20024325778307955,"{""type"":""Point"",""coordinates"":[73.28679480586715,33.77185954767822]}"
2880,33.492500420000056,-0.03232873711163752,0.2117393680285448,-0.23979608617003784,"{""type"":""Point"",""coordinates"":[72.95404656578901,33.646272264111374]}"
2881,32.38164391999999,-0.007895959126799815,0.1986466892218463,-0.22417318947888018,"{""type"":""Point"",""coordinates"":[72.8550328582318,33.75419741721577]}"
2882,32.08256717000006,-0.05278027880406098,0.18174531260890778,-0.2143752462127995,"{""type"":""Point"",""coordinates"":[73.23169435125293,33.703015224809754]}"
2883,36.97033577000002,0.034275509152728645,0.07275293758583855,-0.09884913734148772,"{""type"":""Point"",""coordinates"":[72.85652739136866,33.68967281689116]}"
2884,21.729384589999995,-0.06939110791662388,0.20318853974121998,-0.1993919432480365,"{""type"":""Point"",""coordinates"":[73.14995125641357,33.799334717781065]}"
2885,30.01637407999999,-0.04594939788346916,0.18448240236930918,-0.20523512509636274,"{""type"":""Point"",""coordinates"":[73.22057407427322,33.58734885570836]}"
2886,28.421867750000047,-0.13771946384746084,0.3001456232134189,-0.2892517782967572,"{""type"":""Point"",""coordinates"":[72.86617856548148,33.789135554405355]}"
2887,25.202092910000033,-0.07890284542425019,0.26972506586754086,-0.2616306954436451,"{""type"":""Point"",""coordinates"":[72.98209990127226,33.7783668135266]}"
2888,33.95393311999999,-0.02492929410735633,0.1740030726070403,-0.19521939443396066,"{""type"":""Point"",""coordinates"":[72.95945190057243,33.651041392337824]}"
2889,26.743619930000023,-0.15277844025757215,0.3379096545615589,-0.3111979166666667,"{""type"":""Point"",""coordinates"":[73.08311129859042,33.69552547961134]}"
2890,33.810376280000014,0.014895146011628667,0.09434646926482328,-0.11522816359736705,"{""type"":""Point"",""coordinates"":[73.03573822906438,33.646647877054946]}"
2891,26.109577220000006,-0.10472294261606457,0.25655407370476546,-0.24190038188313553,"{""type"":""Point"",""coordinates"":[72.9569800230571,33.75846735461465]}"
2892,32.49443858000001,0.011809076295288734,0.09890336553336312,-0.12417794970986461,"{""type"":""Point"",""coordinates"":[72.86664468786564,33.57666772203363]}"
2893,25.388374999999996,-0.11734375649715165,0.2260345850253228,-0.2093703587020118,"{""type"":""Point"",""coordinates"":[73.24089662207913,33.777441247649634]}"
2894,31.61088041000005,-0.006496415770609319,0.1190535491905355,-0.14590202758093018,"{""type"":""Point"",""coordinates"":[73.17267543768178,33.550138943209916]}"
2895,31.71513002000006,-0.04885579367962223,0.21536303051560857,-0.2271133619010518,"{""type"":""Point"",""coordinates"":[72.82795417204234,33.62557282608128]}"
2896,35.297214980000035,0.03051103807335447,0.08474355636552981,-0.11893652019201718,"{""type"":""Point"",""coordinates"":[73.1258082356349,33.51578606165182]}"
2897,29.305425920000005,-0.0683570046249221,0.23176704169424223,-0.23095238095238096,"{""type"":""Point"",""coordinates"":[72.89337000864408,33.795869132656414]}"
2898,29.729260400000044,-0.10437147040368124,0.26672950047125354,-0.2576561861984483,"{""type"":""Point"",""coordinates"":[72.80148535230907,33.76021040850983]}"
2899,30.467552720000015,-0.06816320339754285,0.23733220886921078,-0.2382894921929948,"{""type"":""Point"",""coordinates"":[72.8558247114198,33.7628493559478]}"
2900,30.882842149999988,-0.06948797479660274,0.23211913715365476,-0.21893797775268836,"{""type"":""Point"",""coordinates"":[72.81961128520686,33.73406023016375]}"
2901,27.31613828000002,-0.0917267161510538,0.25599950134014837,-0.2375376174585952,"{""type"":""Point"",""coordinates"":[73.21348767943971,33.77194065964466]}"
2902,32.03471489000003,-0.02402708289643189,0.22547683923705722,-0.2308163191818804,"{""type"":""Point"",""coordinates"":[72.89528250195485,33.741046991886066]}"
2903,34.63753712000005,-0.014858371269600405,0.15553795759691877,-0.181175951136949,"{""type"":""Point"",""coordinates"":[73.29894439908054,33.531309761855]}"
2904,23.809249760000057,-0.12139052425007009,0.29822710860481155,-0.2733277625243723,"{""type"":""Point"",""coordinates"":[73.21471797634149,33.79699221964945]}"
2905,34.55550463999998,-0.03456359701851407,0.17851273623664748,-0.19458615304528892,"{""type"":""Point"",""coordinates"":[72.92032384890058,33.63358052005892]}"
2906,34.587975830000005,-0.028130579793147592,0.09605473449817731,-0.15027703441257398,"{""type"":""Point"",""coordinates"":[73.23131673666933,33.68299000544609]}"
2907,32.09453024000004,0.002594111969111969,0.11573761641247132,-0.13644487214737422,"{""type"":""Point"",""coordinates"":[72.83207415427614,33.670325682854404]}"
2908,33.395086849999984,-0.03944782332822632,0.20878250697381445,-0.2180772927585644,"{""type"":""Point"",""coordinates"":[73.29394140018076,33.565485960150276]}"
2909,33.70783568000002,0.030044052863436123,0.0856823523610723,-0.13886206896551725,"{""type"":""Point"",""coordinates"":[72.90247890459847,33.582487939560096]}"
2910,30.761502440000015,0.005437893531768746,0.14271621177244329,-0.1825761442913051,"{""type"":""Point"",""coordinates"":[72.8691071092481,33.68178807977632]}"
2911,31.04861612000002,-0.015364798969546416,0.17055579126007636,-0.19123520310869643,"{""type"":""Point"",""coordinates"":[73.04964234867687,33.514162058580524]}"
2912,33.988113320000025,0.0034490258832302768,0.10294547517925615,-0.1287194918087596,"{""type"":""Point"",""coordinates"":[73.06931553859101,33.538234872138965]}"
2913,36.62853376999999,0.01117717003567182,0.08232395099434284,-0.10951008645533142,"{""type"":""Point"",""coordinates"":[73.12509721229114,33.59299264601299]}"
2914,22.175436200000036,-0.1358539978721663,0.25301313591838576,-0.23292173758550236,"{""type"":""Point"",""coordinates"":[73.19518387779256,33.79766043140299]}"
2915,35.34506726000001,-0.009618187117458467,0.142182808947816,-0.17875884301961137,"{""type"":""Point"",""coordinates"":[73.01841822086044,33.52940110862888]}"
2916,28.874755400000026,-0.0790770861097285,0.26312821862195995,-0.25576441571060204,"{""type"":""Point"",""coordinates"":[73.15015349584884,33.71945847525993]}"
2917,32.627741360000016,-0.04598766418458982,0.20330882352941176,-0.21384067645749888,"{""type"":""Point"",""coordinates"":[72.82159146352254,33.59472686734707]}"
2918,34.95370396999999,-0.013103177716751667,0.16857023910800586,-0.19160560364716958,"{""type"":""Point"",""coordinates"":[72.96847486601085,33.715580323746124]}"
2919,27.20847064999998,-0.07895529128405841,0.22077922077922077,-0.21180100595967707,"{""type"":""Point"",""coordinates"":[73.2903275161117,33.70919284644844]}"
2920,31.920211220000056,-0.011821215807367206,0.14434880767602654,-0.16573235590053184,"{""type"":""Point"",""coordinates"":[72.97582850801186,33.57325168839935]}"
2921,31.39383614000002,0.008026261797291752,0.10563096849731074,-0.1339687781447013,"{""type"":""Point"",""coordinates"":[73.20479865963917,33.61899256974479]}"
2922,31.855268840000008,-0.065601012898631,0.2152552162298751,-0.22369234124532006,"{""type"":""Point"",""coordinates"":[72.82418873016306,33.652671996678855]}"
2923,34.449546020000014,-0.015034275795110182,0.14850694097673026,-0.1735492210354446,"{""type"":""Point"",""coordinates"":[73.04560223748037,33.54833596553509]}"
2924,32.743954040000006,-0.017271371769383696,0.14840791134801515,-0.1810870270855123,"{""type"":""Point"",""coordinates"":[73.27739837709349,33.6679228568254]}"
2925,33.94709708000005,-0.0766561625889601,0.16385348490067747,-0.17246963562753037,"{""type"":""Point"",""coordinates"":[73.09717294716506,33.57649874457737]}"
2926,33.38995982000006,0.006772710326829874,0.1048520873652198,-0.13348697039531998,"{""type"":""Point"",""coordinates"":[73.08319945918905,33.54877354326632]}"
2927,30.004411010000013,-0.1164458036017669,0.2925140631761142,-0.2713343264524367,"{""type"":""Point"",""coordinates"":[73.08194262542692,33.68795799515316]}"
2928,26.415490009999985,-0.13812154696132597,0.3046639821728762,-0.2862346071573105,"{""type"":""Point"",""coordinates"":[73.05407401440613,33.738219547086786]}"
2929,32.29277539999998,-0.020167064439140812,0.17009409751924723,-0.2086381790548899,"{""type"":""Point"",""coordinates"":[72.85086974772989,33.53583125590857]}"
2930,23.072666450000042,-0.16056314422190565,0.2579136200554067,-0.23560769968549952,"{""type"":""Point"",""coordinates"":[73.19746250799042,33.76856263412609]}"
2931,27.900619699999993,-0.1416840417000802,0.3379445154499662,-0.31563967027686396,"{""type"":""Point"",""coordinates"":[72.97165373001245,33.73451620802237]}"
2932,33.824048360000006,-0.04113149384991991,0.19826086956521738,-0.2189943738721206,"{""type"":""Point"",""coordinates"":[72.98798366091512,33.55516519258003]}"
2933,34.46663612000003,-0.05712219812002892,0.19610144772880875,-0.22231915667030172,"{""type"":""Point"",""coordinates"":[72.96770078585028,33.52639654988631]}"
2934,24.749205260000053,-0.09413044240957093,0.2667451967992201,-0.2540614444265723,"{""type"":""Point"",""coordinates"":[73.09454334965152,33.787615891463545]}"
2935,30.11207864000005,-0.10354693047464755,0.2240723393679864,-0.22907708845208846,"{""type"":""Point"",""coordinates"":[73.23976010271629,33.601016981350405]}"
2936,24.547542080000028,-0.07405355493998153,0.23048279947530995,-0.22236233711643547,"{""type"":""Point"",""coordinates"":[73.04020106873533,33.79432998544757]}"
2937,27.07858589,-0.0810261177769385,0.2780353769534604,-0.2846317170426887,"{""type"":""Point"",""coordinates"":[73.1339625615949,33.781508373518676]}"
2938,31.045198099999993,-0.033549005511622335,0.2058432934926959,-0.22021430844856243,"{""type"":""Point"",""coordinates"":[73.07335087806678,33.54432762596961]}"
2939,33.19171466,-0.012184343434343435,0.14101697327687435,-0.1571160508083141,"{""type"":""Point"",""coordinates"":[73.04282981052856,33.59045617807348]}"
2940,33.11310020000002,-0.07020433058859409,0.2403506291531175,-0.24140370737229375,"{""type"":""Point"",""coordinates"":[73.19268414033375,33.66750443217961]}"
2941,28.80981301999998,-0.04757992231849417,0.17462311557788945,-0.18710059672436413,"{""type"":""Point"",""coordinates"":[73.2879266377828,33.73661962300424]}"
2942,30.52565906000001,-0.04516169584210692,0.20900134511215326,-0.21709852144634753,"{""type"":""Point"",""coordinates"":[73.24873808993905,33.50639347776759]}"
2943,27.500711360000025,-0.12391483743191946,0.29461417083325414,-0.2766300476172622,"{""type"":""Point"",""coordinates"":[73.1052701298407,33.68983596036223]}"
2944,30.58376540000006,-0.003221242135051329,0.17652873887868945,-0.20138438243564785,"{""type"":""Point"",""coordinates"":[72.86408481842463,33.673208970458155]}"
2945,34.91097872,-0.015408413964633444,0.16772764532500828,-0.19010291686663466,"{""type"":""Point"",""coordinates"":[72.93906674102716,33.56524461018308]}"
2946,32.220996979999995,-0.015737958527950496,0.13191658654643107,-0.1571205856435979,"{""type"":""Point"",""coordinates"":[73.15687877430919,33.58467721785693]}"
2947,31.306676630000027,-0.07619568363835194,0.2419040549317992,-0.24472220672209513,"{""type"":""Point"",""coordinates"":[73.24490142803201,33.63417275884925]}"
2948,33.75226994000002,-0.04600933349288022,0.21144718151266328,-0.23063386478020625,"{""type"":""Point"",""coordinates"":[72.90887371770934,33.53687118275846]}"
2949,32.477348480000046,-0.025423728813559324,0.1550681337899876,-0.18286631095854633,"{""type"":""Point"",""coordinates"":[72.84007295230855,33.65670700098826]}"
2950,26.70431270000006,-0.130860279045163,0.31604463255098114,-0.2905708787684413,"{""type"":""Point"",""coordinates"":[73.05715717403939,33.741620851287394]}"
2951,30.614527580000015,-0.051025869759143624,0.21189055749845712,-0.23182546873910923,"{""type"":""Point"",""coordinates"":[73.21621386204107,33.621236125279985]}"
2952,25.75752116000001,-0.12964529641169553,0.2411244615733394,-0.22397603291003398,"{""type"":""Point"",""coordinates"":[72.94438451693016,33.74406094077797]}"
2953,34.47347216000003,0.018905336569689925,0.10300561149973096,-0.10905858710774463,"{""type"":""Point"",""coordinates"":[73.0813972546986,33.70406509963083]}"
2954,23.915208380000024,-0.14534656898868611,0.23623262995367988,-0.2176036866359447,"{""type"":""Point"",""coordinates"":[73.00918441241544,33.790365234201616]}"
2955,31.077669290000017,-0.07599262148840304,0.24033115468409585,-0.24267029877590934,"{""type"":""Point"",""coordinates"":[73.03575391049758,33.60947478373503]}"
2956,34.367513540000004,0.01904792809163773,0.08678458441184929,-0.11000954688991701,"{""type"":""Point"",""coordinates"":[73.09653593677398,33.65955052407185]}"
2957,34.08894491000001,-0.03180648481729285,0.18444995864350702,-0.20771084337349396,"{""type"":""Point"",""coordinates"":[73.22385783109016,33.619632952522345]}"
2958,25.58491115000004,-0.1728764981761334,0.3447599843163614,-0.31699824458747805,"{""type"":""Point"",""coordinates"":[73.04644747399813,33.75338260791074]}"
2959,29.38574939,-0.05675776421886956,0.19141782791417827,-0.1736610450167778,"{""type"":""Point"",""coordinates"":[72.88751237360572,33.740509376385646]}"
2960,29.008058180000035,-0.06961008782421488,0.2043093497499038,-0.222131115536293,"{""type"":""Point"",""coordinates"":[73.27282589654062,33.72792274772475]}"
2961,29.137942940000016,-0.11877193557909929,0.2817737692596768,-0.26008571006354364,"{""type"":""Point"",""coordinates"":[73.12719467733392,33.6044943051047]}"
2962,33.801831230000005,-0.004615571480626746,0.16237154150197627,-0.19730746960046322,"{""type"":""Point"",""coordinates"":[72.96405606322999,33.555933729679104]}"
2963,31.492958720000047,-0.03067409911968077,0.19044435844210675,-0.20981121281464532,"{""type"":""Point"",""coordinates"":[73.24743357253175,33.66111299890751]}"
2964,32.71660988000002,-0.03197420365849984,0.1983902012248469,-0.2199501246882793,"{""type"":""Point"",""coordinates"":[72.88356223276588,33.75068661119166]}"
2965,32.62090532000002,-0.03952708100335517,0.19651329581816177,-0.21715055372642922,"{""type"":""Point"",""coordinates"":[73.20110143686563,33.508867224791565]}"
2966,31.469032580000032,-0.07572100114343794,0.2053526941419318,-0.2152134912091855,"{""type"":""Point"",""coordinates"":[73.14012765330794,33.545201982647946]}"
2967,30.071062400000017,-0.0018909265540114656,0.1677861740834033,-0.19860677223598694,"{""type"":""Point"",""coordinates"":[73.24001085018544,33.7336108424191]}"
2968,31.431434360000026,-0.09506715355573436,0.26899766899766897,-0.2679064101185997,"{""type"":""Point"",""coordinates"":[72.99509839119926,33.72446523844551]}"
2969,31.711712000000034,0.042144313358510745,0.04778269294044529,-0.07212329792009577,"{""type"":""Point"",""coordinates"":[73.04606333577998,33.63326824953958]}"
2970,32.40557006000006,-0.027787481342691097,0.15104740904079383,-0.16715352158390134,"{""type"":""Point"",""coordinates"":[73.0474914414272,33.527524899315736]}"
2971,30.532495100000006,-0.08031922903177233,0.2647909174247232,-0.2609673790776153,"{""type"":""Point"",""coordinates"":[73.13717892181158,33.639622345107114]}"
2972,29.667736040000023,-0.06181931658605087,0.22771062601479344,-0.23296010435916947,"{""type"":""Point"",""coordinates"":[72.84703695327246,33.73899566575717]}"
2973,28.905517580000037,-0.09591610271478361,0.26668713983778025,-0.25875130147560405,"{""type"":""Point"",""coordinates"":[72.85227074852176,33.77956469348363]}"
2974,35.37241142000005,0.0022251891410769915,0.09769233280020889,-0.12746412766528095,"{""type"":""Point"",""coordinates"":[72.95613713126106,33.64973972305598]}"
2975,37.93934444000001,0.030632802956993513,0.0736172605242814,-0.09908808029210209,"{""type"":""Point"",""coordinates"":[72.974571850596,33.626336796541366]}"
2976,32.3098655,-0.02488762858608103,0.17809834246480338,-0.1965625330187018,"{""type"":""Point"",""coordinates"":[72.92853360617936,33.568474939420895]}"
2977,31.658732690000022,-0.05367919871335531,0.21497557930300026,-0.23446886310212306,"{""type"":""Point"",""coordinates"":[72.91068408926373,33.71170734542429]}"
2978,33.28571021000005,0.029906173737741196,0.08575790991602342,-0.12146912455316465,"{""type"":""Point"",""coordinates"":[72.86456128709052,33.58521485698007]}"
2979,32.450004320000005,-0.046425891488042804,0.16480244044160372,-0.17888778623148455,"{""type"":""Point"",""coordinates"":[73.10318612136166,33.54218661656112]}"
2980,31.14090266000005,-0.024192510616394287,0.1512674935811666,-0.16130444298533597,"{""type"":""Point"",""coordinates"":[73.04027139248579,33.717687557611285]}"
2981,27.750226820000023,-0.13432266675140614,0.324625204096779,-0.2973287297837543,"{""type"":""Point"",""coordinates"":[73.03992047989823,33.73274219098582]}"
2982,32.35088173999998,-0.06033516167156581,0.21717048735520228,-0.2336059794105204,"{""type"":""Point"",""coordinates"":[72.82727432599458,33.619363499448404]}"
2983,31.304967620000014,-0.09018673023440604,0.21499013806706113,-0.21557730256534172,"{""type"":""Point"",""coordinates"":[73.19558440502952,33.714677631282726]}"
2984,24.590267330000017,-0.1487390633041688,0.2751763387461821,-0.24145897957000748,"{""type"":""Point"",""coordinates"":[72.92630324615374,33.75203314512529]}"
2985,22.681303160000027,-0.10573226882946817,0.22300612063729383,-0.20749146600239873,"{""type"":""Point"",""coordinates"":[73.0613257035199,33.761313576196855]}"
2986,33.28741922000006,-0.02012543014196547,0.16812227074235808,-0.19764249112436383,"{""type"":""Point"",""coordinates"":[73.17671438835569,33.53137497085308]}"
2987,33.44464814000003,-0.0407775924541324,0.13092931691769263,-0.16358024691358025,"{""type"":""Point"",""coordinates"":[73.21324889251201,33.689385723594235]}"
2988,31.472450600000002,-0.004365506518359048,0.12926542276012776,-0.14802283058204313,"{""type"":""Point"",""coordinates"":[72.98747585911701,33.72368860472863]}"
2989,35.334813199999985,-0.028067950472249106,0.12505478451424398,-0.16206428248076052,"{""type"":""Point"",""coordinates"":[73.2582163688662,33.52389391960716]}"
2990,37.40955134000001,0.02046996124031008,0.07778166491745381,-0.11201636329259698,"{""type"":""Point"",""coordinates"":[73.17134808415881,33.5365301946374]}"
2991,36.15684700999998,0.02454673135852911,0.06946874781269685,-0.09273926802667573,"{""type"":""Point"",""coordinates"":[73.02467235856251,33.56122119504181]}"
2992,27.223851739999986,-0.11609822070073116,0.3194763665434196,-0.33131679774148015,"{""type"":""Point"",""coordinates"":[73.1805407556064,33.796153376973905]}"
2993,27.093966980000005,-0.09746129057612199,0.2161302965640378,-0.193469806401983,"{""type"":""Point"",""coordinates"":[72.89303312471984,33.770676604558304]}"
2994,32.20561588999999,-0.009265858873841768,0.1338280040570117,-0.15860865138098443,"{""type"":""Point"",""coordinates"":[72.99970215863058,33.54784235986331]}"
2995,30.771756500000038,-0.07097825103315133,0.21639029738248594,-0.22579754177599778,"{""type"":""Point"",""coordinates"":[73.10957034997172,33.63647500537877]}"
2996,32.50811066000006,-0.03748757237265337,0.1921642417929505,-0.22226815488493867,"{""type"":""Point"",""coordinates"":[72.84032360579639,33.644080126134774]}"
2997,35.81333600000005,-0.008344766362682592,0.08990038207226225,-0.13556549242011123,"{""type"":""Point"",""coordinates"":[73.25502040367026,33.66779126621241]}"
2998,25.83613562000005,-0.12467558595714717,0.2453107596346625,-0.21209887250650478,"{""type"":""Point"",""coordinates"":[73.12633491547949,33.757106663235184]}"
2999,27.717755630000056,-0.13631353734439833,0.3125023402104317,-0.29237178778158757,"{""type"":""Point"",""coordinates"":[73.07858757661641,33.681395508135985]}"
3000,32.774716220000016,-0.03623756784739435,0.1850310358437085,-0.19558371040723982,"{""type"":""Point"",""coordinates"":[73.03492709911963,33.59312864662497]}"
3001,34.10090797999999,-0.07543668820781879,0.19413164718837697,-0.2307241707549242,"{""type"":""Point"",""coordinates"":[72.82117664351557,33.50241712594338]}"
3002,21.790908950000016,-0.08493333055977367,0.21462505822077318,-0.19948484430338992,"{""type"":""Point"",""coordinates"":[73.03511749733323,33.790051353733475]}"
3003,25.313178559999983,-0.04201266388328275,0.22466864633881364,-0.23836900598714686,"{""type"":""Point"",""coordinates"":[72.97435580673789,33.77154599887458]}"
3004,34.765712870000016,0.014017850965197537,0.14303131416837783,-0.19452128283793527,"{""type"":""Point"",""coordinates"":[72.92152137744608,33.68874793438505]}"
3005,33.21222278000005,-0.027333677153171736,0.14723219730334033,-0.1644316071796988,"{""type"":""Point"",""coordinates"":[73.22009619120577,33.65351903440536]}"
3006,33.198550700000055,-0.026320332731695834,0.145961481169935,-0.1726141376465947,"{""type"":""Point"",""coordinates"":[73.20638900611459,33.543227013393015]}"
3007,31.460487530000023,-0.07560121114123111,0.23175513760801686,-0.24244643838124885,"{""type"":""Point"",""coordinates"":[73.2827321548218,33.66728970547017]}"
3008,31.68436784000005,-0.06466906296479921,0.22559703222814745,-0.24032994603180333,"{""type"":""Point"",""coordinates"":[72.84193169897313,33.646556823715095]}"
3009,29.295171859999982,-0.07865407822815362,0.22510682899298556,-0.21662196244845672,"{""type"":""Point"",""coordinates"":[72.86148047559877,33.75590065492618]}"
3010,33.21393179000006,-0.019164619164619166,0.178815018945918,-0.20388383669592444,"{""type"":""Point"",""coordinates"":[72.86884493688564,33.57851210392511]}"
3011,29.325934039999993,-0.07133473864295971,0.24921630094043887,-0.25660228616476155,"{""type"":""Point"",""coordinates"":[72.85168233364372,33.74527946179194]}"
3012,32.52861877999999,0.030091605617788803,0.09986520541522592,-0.14997395753546372,"{""type"":""Point"",""coordinates"":[72.81495980541605,33.62891449778941]}"
3013,30.009538040000052,-0.08031423995118603,0.28590623524712205,-0.27481864165751624,"{""type"":""Point"",""coordinates"":[73.15747721009815,33.74853794477406]}"
3014,32.364553820000026,-0.0853678411943023,0.2401489757914339,-0.23941040720613416,"{""type"":""Point"",""coordinates"":[73.22545188674489,33.50966904286597]}"
3015,31.14432068000002,-0.024452338661930136,0.17471740384941783,-0.1903959272126862,"{""type"":""Point"",""coordinates"":[73.15832278251519,33.578354357538146]}"
3016,33.22589486000004,-0.04744224422442244,0.16494608855242027,-0.16838593396479656,"{""type"":""Point"",""coordinates"":[73.06231753007246,33.66304877900835]}"
3017,32.13896450000004,0.03616642600490278,0.08301260282242849,-0.10366838421902638,"{""type"":""Point"",""coordinates"":[72.95904440039692,33.626306235320165]}"
3018,34.09407194000005,-0.020703372208661062,0.17800500834724542,-0.19176636171710063,"{""type"":""Point"",""coordinates"":[72.87271140947055,33.616965172623594]}"
3019,34.30940720000001,-0.012430863589069602,0.15756190714710577,-0.18844213029923182,"{""type"":""Point"",""coordinates"":[72.84151187274142,33.60756848098701]}"
3020,31.53739298000005,-0.045198929419901966,0.20329594239025064,-0.21622283654687335,"{""type"":""Point"",""coordinates"":[73.2429122403867,33.64211170273481]}"
3021,31.674113780000027,-0.07503059187222258,0.23434149227242476,-0.23726929063820323,"{""type"":""Point"",""coordinates"":[73.29360281063035,33.56889772375187]}"
3022,34.43245592000005,-0.03395850208735747,0.17205820031077837,-0.19734468576376363,"{""type"":""Point"",""coordinates"":[73.1921890686341,33.68635824320605]}"
3023,30.90164126000002,-0.06414116885219362,0.1988764864667688,-0.21334957728799794,"{""type"":""Point"",""coordinates"":[72.8291635264462,33.64456746795651]}"
3024,34.45467305,0.006839715198744183,0.13292616634157262,-0.17195640308949275,"{""type"":""Point"",""coordinates"":[72.86211777604814,33.54892735050283]}"
3025,31.79203547000003,-0.03878472533716097,0.18935204998716082,-0.20515533660601223,"{""type"":""Point"",""coordinates"":[72.83510753733452,33.686783908391796]}"
3026,32.05351400000001,-0.0025524673851389677,0.20582617000955108,-0.22696192426503767,"{""type"":""Point"",""coordinates"":[72.87314643739404,33.76335639667524]}"
3027,33.724925780000035,-0.045680536554439585,0.16610850636302746,-0.1761747485362558,"{""type"":""Point"",""coordinates"":[73.07348760978829,33.58352578474022]}"
3028,31.209263060000012,-0.0749957677331979,0.2184357970680789,-0.2227999229732332,"{""type"":""Point"",""coordinates"":[72.9951295376193,33.51781053937098]}"
3029,34.955412980000006,0.004594921402660218,0.12343909928352098,-0.15678903917091164,"{""type"":""Point"",""coordinates"":[72.94295203699585,33.68512972928481]}"
3030,33.70783568000002,-4.457196980249046E-4,0.13474572254609224,-0.1724588237214541,"{""type"":""Point"",""coordinates"":[72.8506557186564,33.58546430060379]}"
3031,32.77129820000005,0.036011523687580024,0.07012774727715296,-0.10190267105744603,"{""type"":""Point"",""coordinates"":[73.10687255027835,33.5990528483124]}"
3032,29.997574970000016,-0.08067101186024148,0.2247941318939866,-0.24653144587647016,"{""type"":""Point"",""coordinates"":[72.83505279024956,33.78561774977993]}"
3033,31.821088640000028,-0.08544282771908843,0.20728643216080403,-0.22908516400842613,"{""type"":""Point"",""coordinates"":[73.20674709822025,33.72033203042888]}"
3034,33.78132311000002,-0.06389837777087677,0.20414414112842486,-0.23732049187376386,"{""type"":""Point"",""coordinates"":[73.2044485438379,33.66588108578648]}"
3035,26.506067540000004,-0.09049951028403526,0.2839515664039977,-0.2661385087752549,"{""type"":""Point"",""coordinates"":[73.13042151704214,33.76155838245456]}"
3036,35.16733022000005,0.025543836519446275,0.10851429464146227,-0.15854096594063286,"{""type"":""Point"",""coordinates"":[72.9465338633456,33.54907085034224]}"
3037,31.756146260000037,-0.056929504068472615,0.21535216925549008,-0.23136669662692694,"{""type"":""Point"",""coordinates"":[72.91177853408564,33.620609297577694]}"
3038,33.538643690000015,-0.0776382246457784,0.07203201422854602,-0.08145689423163183,"{""type"":""Point"",""coordinates"":[73.15993259927949,33.550877842800965]}"
3039,34.54183255999999,-0.0020455252090526765,0.0987816038328339,-0.11431795021109331,"{""type"":""Point"",""coordinates"":[73.04967943311678,33.57998977158124]}"
3040,34.92806882000002,0.018443977170321417,0.168251698248123,-0.19338227237865674,"{""type"":""Point"",""coordinates"":[72.84055896772541,33.54636663315816]}"
3041,36.15342899000001,-0.01042961836080921,0.10990423549071276,-0.17450223590022615,"{""type"":""Point"",""coordinates"":[73.2275058297928,33.6783669337799]}"
3042,25.376411930000017,-0.039837301112573276,-0.017242354005314035,0.042388520120087037,"{""type"":""Point"",""coordinates"":[73.11600130742438,33.70325728955276]}"
3043,32.80206038000006,-0.014942083279507384,0.18444195045143136,-0.2130933795398789,"{""type"":""Point"",""coordinates"":[72.885607043389,33.676081722894516]}"
3044,30.62136362000001,-0.06973538314004016,0.24281038924865955,-0.249335013299734,"{""type"":""Point"",""coordinates"":[72.83742002689416,33.740927775610714]}"
3045,32.52178274000005,-0.0973814821153517,0.25,-0.2454354750990599,"{""type"":""Point"",""coordinates"":[73.22445992003667,33.66576753018481]}"
3046,30.508568960000048,-0.038567371503406465,0.23398080318897843,-0.2464018930898688,"{""type"":""Point"",""coordinates"":[72.94401683425463,33.73116271550753]}"
3047,32.81060543000001,-0.028915304606240713,0.20329469824665056,-0.22409800420725132,"{""type"":""Point"",""coordinates"":[72.94596847006878,33.6817175240832]}"
3048,28.38768755000001,-0.07516757381123226,0.23230297073395784,-0.2297621907278405,"{""type"":""Point"",""coordinates"":[72.93828754677014,33.79858082639485]}"
3049,30.947784530000035,-0.07627540938536351,0.22209431643025773,-0.22941037921017507,"{""type"":""Point"",""coordinates"":[73.26983400669275,33.69926514898819]}"
3050,27.729718700000035,-0.1369239897158679,0.30185510200230237,-0.28018409234309466,"{""type"":""Point"",""coordinates"":[72.88109752910002,33.7816462732932]}"
3051,31.73905616000002,0.0049602872706247525,0.1372030744617953,-0.16205842632738646,"{""type"":""Point"",""coordinates"":[72.99987068476484,33.59078884950644]}"
3052,33.41046793999999,-0.034116937914406266,0.1924654201709877,-0.20965979199717963,"{""type"":""Point"",""coordinates"":[73.16330734928707,33.68699690839382]}"
3053,35.003265260000035,-0.07053458149024448,0.20806407924776535,-0.21106326855192212,"{""type"":""Point"",""coordinates"":[72.93928285985226,33.71455673759077]}"
3054,26.84616053000002,-0.10593531006496275,0.2643664717348928,-0.2516305816062676,"{""type"":""Point"",""coordinates"":[73.2473630036827,33.79699513852886]}"
3055,35.845807190000016,0.01496504304616629,0.07709560739839838,-0.1428762967804649,"{""type"":""Point"",""coordinates"":[73.28672869716249,33.52750215690313]}"
3056,26.071979000000056,-0.09070519163533215,0.2780891276620415,-0.2628604162688562,"{""type"":""Point"",""coordinates"":[73.11456197858728,33.77781961448799]}"
3057,30.450462620000053,-0.04704353679728228,0.1940655573805613,-0.20047385708900975,"{""type"":""Point"",""coordinates"":[73.03927040313737,33.66163425920996]}"
3058,34.856290400000034,0.013232459382291983,0.12649117291814888,-0.16952675427295372,"{""type"":""Point"",""coordinates"":[72.9624921219021,33.54155105182011]}"
3059,33.19684169000004,0.006455852156057495,0.102921331923119,-0.12549778555212326,"{""type"":""Point"",""coordinates"":[73.05451375252402,33.70457771554531]}"
3060,35.75693867000001,0.04119533195527271,0.0567784295786018,-0.08474201745663462,"{""type"":""Point"",""coordinates"":[73.01080148019655,33.5801608782842]}"
3061,27.93479990000003,-0.12390392680137248,0.29810656098634963,-0.2816179945184765,"{""type"":""Point"",""coordinates"":[73.08950404434596,33.69577967887708]}"
3062,32.46709442000002,-0.056032398452611216,0.22123584509995806,-0.22517531556802245,"{""type"":""Point"",""coordinates"":[73.02831501587612,33.54128606509085]}"
3063,27.235814810000022,-0.13876006654594172,0.34940683879972084,-0.3359125373495224,"{""type"":""Point"",""coordinates"":[73.18028068236632,33.795517807770445]}"
3064,30.628199660000007,-0.05502220088803552,0.23302945301542777,-0.24994668372787374,"{""type"":""Point"",""coordinates"":[73.19637078976035,33.696216897577216]}"
3065,36.16197404000002,0.02210260723296888,0.0941805315064368,-0.11461329038690134,"{""type"":""Point"",""coordinates"":[73.10781373283083,33.52130252579922]}"
3066,32.91485504000002,9.601843553962361E-4,0.1285703955455926,-0.1497080977550231,"{""type"":""Point"",""coordinates"":[73.18950256140879,33.547147352713495]}"
3067,30.35817608000002,-0.024208153158147613,0.09278757048779526,-0.12162545027724936,"{""type"":""Point"",""coordinates"":[73.06492971210541,33.507328651226324]}"
3068,32.778134239999986,0.016311722839181367,0.13806029925346833,-0.16682817863771496,"{""type"":""Point"",""coordinates"":[72.8307739468647,33.681317225205056]}"
3069,35.175875270000006,0.014478883674981477,0.08703646950658903,-0.1304778936558245,"{""type"":""Point"",""coordinates"":[73.21359100278544,33.5224333943435]}"
3070,34.562340680000034,0.0100669099756691,0.13736110140471033,-0.1651274341351661,"{""type"":""Point"",""coordinates"":[73.25858391607238,33.5163747800676]}"
3071,33.85139251999999,0.00835523013787606,0.1310995117023068,-0.15832672345415044,"{""type"":""Point"",""coordinates"":[72.99900207199413,33.55200207185]}"
3072,34.35384146000001,0.018014812898217925,0.06503437631542024,-0.08548139144113547,"{""type"":""Point"",""coordinates"":[73.0711046859592,33.64724607101205]}"
3073,33.90778985000003,-0.03723738651149871,0.1932521528525296,-0.1996482862408901,"{""type"":""Point"",""coordinates"":[73.18828510056369,33.58580881544938]}"
3074,32.13725549000003,-0.05689032739947716,0.20152844607981885,-0.2134855550195637,"{""type"":""Point"",""coordinates"":[72.87462041421765,33.63879647385924]}"
3075,29.52759722000002,-0.05821564991361958,0.23143605444686266,-0.24005869133188462,"{""type"":""Point"",""coordinates"":[73.12294798789453,33.66202785901113]}"
3076,32.653376510000044,0.02866850072911499,0.10781153555997532,-0.14197847257816504,"{""type"":""Point"",""coordinates"":[72.94781245281033,33.61659026475469]}"
3077,29.67969911,-0.0854282643222691,0.23700521071395922,-0.243210466355518,"{""type"":""Point"",""coordinates"":[72.847867481256,33.7769595544367]}"
3078,30.787137590000043,-0.05428223148580114,0.21764521847950777,-0.23073679772320016,"{""type"":""Point"",""coordinates"":[73.19159257788247,33.6387670246324]}"
3079,28.69018232000002,-0.0757965210114173,0.25580908519991624,-0.27057079318013344,"{""type"":""Point"",""coordinates"":[73.2657432101077,33.79592913847349]}"
3080,28.86791936000003,-0.06516466683686495,0.21105910525742896,-0.23480448374089008,"{""type"":""Point"",""coordinates"":[73.23333017704891,33.70675117327468]}"
3081,34.16755937000005,0.03252199413489736,0.09734071745746645,-0.12415026833631485,"{""type"":""Point"",""coordinates"":[72.97731483808307,33.70126464890024]}"
3082,28.51757230999999,-0.044660128849938606,0.19545717035611165,-0.21930341225900185,"{""type"":""Point"",""coordinates"":[72.87644110086816,33.72045583338112]}"
3083,30.713650160000043,-0.04575184826975723,0.17774987999852307,-0.18934337596480108,"{""type"":""Point"",""coordinates"":[73.11751305562458,33.68150113288904]}"
3084,29.814710900000023,-0.09913143809493286,0.2539856662278777,-0.2490530303030303,"{""type"":""Point"",""coordinates"":[73.0558506706417,33.62897888783454]}"
3085,34.282063040000025,0.032268664563617246,0.04901332193488637,-0.07824113059715154,"{""type"":""Point"",""coordinates"":[73.03409326549551,33.57715482645]}"
3086,34.22737472000006,-0.00783116137030206,0.1314324507807196,-0.15931342712554128,"{""type"":""Point"",""coordinates"":[73.14734480269371,33.537434569475444]}"
3087,34.061600750000025,-0.05124068525773988,0.1992988606485539,-0.22530847615465893,"{""type"":""Point"",""coordinates"":[72.8001724554541,33.580302471261]}"
3088,33.589913990000014,0.024343106757561718,0.09442142931385214,-0.1528631536139396,"{""type"":""Point"",""coordinates"":[73.21440145450575,33.61655408881524]}"
3089,31.06057919,0.009469402961905057,0.12126803380954891,-0.15898646807737718,"{""type"":""Point"",""coordinates"":[73.23073592329966,33.71963905021718]}"
3090,29.491708010000025,-0.06302631375639302,0.2330053587110418,-0.2300073301986305,"{""type"":""Point"",""coordinates"":[73.28836406900362,33.63869666816781]}"
3091,30.934112450000043,-0.05730997890430224,0.18088676281593602,-0.21188474290633988,"{""type"":""Point"",""coordinates"":[73.18864590770457,33.565959077469884]}"
3092,31.670695760000058,-0.023532484113396975,0.16170465024370967,-0.20348004094165814,"{""type"":""Point"",""coordinates"":[72.88568014186575,33.68249215462702]}"
3093,28.07664772999999,-0.10007174955628564,0.22871543961026636,-0.2242487917629754,"{""type"":""Point"",""coordinates"":[72.91410636250984,33.74927304990127]}"
3094,32.23125104000002,-0.09367007672634271,0.08754222133916154,-0.1118423725370709,"{""type"":""Point"",""coordinates"":[73.28108296953945,33.53140906412483]}"
3095,33.18146060000004,-0.04468299844022387,0.17652326662763063,-0.20435794372752275,"{""type"":""Point"",""coordinates"":[73.17392679715599,33.653314286637766]}"
3096,32.60210620999999,0.025849954230754355,0.11621929059993204,-0.1664145234493192,"{""type"":""Point"",""coordinates"":[72.96657439521827,33.59395789693082]}"
3097,30.894805220000023,-0.06908016254155892,0.21193893478509157,-0.214991794206328,"{""type"":""Point"",""coordinates"":[73.26347721383712,33.631072761960255]}"
3098,32.49614759000002,0.0029111057983039644,0.1376765083440308,-0.18623366628185178,"{""type"":""Point"",""coordinates"":[72.87469842568434,33.586119217325354]}"
3099,35.088715760000014,0.027472046244124602,0.11755233494363929,-0.15390210952925285,"{""type"":""Point"",""coordinates"":[72.88938073687652,33.556605099642006]}"
3100,32.24834113999998,-0.06824946002483036,0.2261024029358371,-0.23429424826583348,"{""type"":""Point"",""coordinates"":[72.81008661546159,33.5552435433588]}"
3101,32.25517718000003,0.0031863106652898657,0.1465657662549206,-0.17137012896962972,"{""type"":""Point"",""coordinates"":[73.03188623801121,33.68480745976141]}"
3102,25.436227280000026,-0.11045582122428678,0.2701560468140442,-0.26235864297253636,"{""type"":""Point"",""coordinates"":[73.26180655507622,33.788687790329455]}"
3103,27.158909360000052,-0.06509911825401789,0.23990827357769445,-0.2479026999303953,"{""type"":""Point"",""coordinates"":[73.1799830175203,33.71891722857113]}"
3104,31.735638139999992,-0.051657467693426315,0.20653698858681227,-0.21925051728101771,"{""type"":""Point"",""coordinates"":[72.86960703396242,33.692756341795906]}"
3105,30.230000330000053,-0.05802110135042553,0.20825509423464775,-0.21944970871060573,"{""type"":""Point"",""coordinates"":[73.1507925896934,33.640521952876874]}"
3106,35.719340450000004,-0.002379040651857139,0.17540189001638945,-0.20009256951614626,"{""type"":""Point"",""coordinates"":[72.9241023241501,33.69942928765803]}"
3107,28.433830820000026,-0.10552221269569083,0.3041393519385653,-0.2835127562306444,"{""type"":""Point"",""coordinates"":[73.02891186399638,33.7330623184561]}"
3108,31.25027929999999,-0.08006236660056615,0.2409343096161539,-0.25083271975035937,"{""type"":""Point"",""coordinates"":[73.15475169281638,33.653529150574485]}"
3109,33.30450932000002,0.03167529395632649,0.07221621211258517,-0.09194580281036782,"{""type"":""Point"",""coordinates"":[73.04423666922101,33.57401332712655]}"
3110,31.569864170000017,-0.03404340701601846,0.21009685940710301,-0.21760189013585352,"{""type"":""Point"",""coordinates"":[73.00306010668882,33.719232700841026]}"
3111,22.503566120000016,-0.11400245255959927,0.23617325522394944,-0.21526392163976057,"{""type"":""Point"",""coordinates"":[73.19420427077686,33.796503635674846]}"
3112,35.478370040000016,-0.022708158116063918,0.1853046956404827,-0.21608386785295539,"{""type"":""Point"",""coordinates"":[72.81002745419508,33.528529465381155]}"
3113,32.80547840000003,-0.03611639128527563,0.179074178841226,-0.21568762009332967,"{""type"":""Point"",""coordinates"":[72.86891281819157,33.793069123713394]}"
3114,32.08427618000002,-0.02462138251611936,0.18377104843739173,-0.21332433680173302,"{""type"":""Point"",""coordinates"":[72.85321693684115,33.67703075643859]}"
3115,31.66044169999998,-0.015941159758830772,0.1728862973760933,-0.20022375536080553,"{""type"":""Point"",""coordinates"":[72.86761978653965,33.68894879961438]}"
3116,34.073563820000004,-0.04782991113402687,0.1846517847958029,-0.2099604244737856,"{""type"":""Point"",""coordinates"":[72.95772620061301,33.52159912157842]}"
3117,30.03859121000005,-0.07296752519596865,0.11212219694507637,-0.10427807486631016,"{""type"":""Point"",""coordinates"":[73.20843143059034,33.50949272121508]}"
3118,33.84455648000005,-0.025664202472802402,0.15349985477781006,-0.18069826641149037,"{""type"":""Point"",""coordinates"":[72.92285151053686,33.51331073166295]}"
3119,34.087235899999996,-0.03299323783406292,0.11514416004707267,-0.16793128683125988,"{""type"":""Point"",""coordinates"":[72.8259974790371,33.56393763052289]}"
3120,26.94528310999999,-0.09894934922377294,0.26890113869552973,-0.2510562332639096,"{""type"":""Point"",""coordinates"":[72.91498147456946,33.78427762265114]}"
3121,31.815961610000045,0.018588159449876438,0.06974292908590501,-0.0894994234821677,"{""type"":""Point"",""coordinates"":[73.05732583972033,33.605426800584866]}"
3122,34.765712870000016,-0.035096339451795175,0.1324514754161307,-0.15870116094053863,"{""type"":""Point"",""coordinates"":[73.20529955371033,33.529309296605454]}"
3123,32.947326230000044,-0.042738281311672115,0.1938685128613004,-0.21267649596974092,"{""type"":""Point"",""coordinates"":[72.86355249417544,33.59609499318616]}"
3124,32.35088173999998,-0.022687094873305835,0.20680063973298102,-0.22775989529906973,"{""type"":""Point"",""coordinates"":[73.21930428440595,33.51326505164528]}"
3125,34.65975424999999,0.017928600686895422,0.09202389503004398,-0.11364001786511836,"{""type"":""Point"",""coordinates"":[73.10406068409769,33.565963104009974]}"
3126,36.056015419999994,0.019539047849494888,0.09498716389677071,-0.12418935321657708,"{""type"":""Point"",""coordinates"":[73.00773257689445,33.584057829341056]}"
3127,31.824506659999997,-0.05245102464566218,0.2069988956377692,-0.2162754303599374,"{""type"":""Point"",""coordinates"":[73.18533193410359,33.591950734804094]}"
3128,27.69724751000001,-0.011965099121062424,0.1641603778806945,-0.18321956342359913,"{""type"":""Point"",""coordinates"":[73.00585365781326,33.7973130768777]}"
3129,31.93559231000006,-0.06253948199620973,0.23038874181412847,-0.24231073595357425,"{""type"":""Point"",""coordinates"":[72.9757126722232,33.65942000284131]}"
3130,33.44977517000001,-0.027978839784801212,0.1720202296336796,-0.20409345433481368,"{""type"":""Point"",""coordinates"":[73.0466699653387,33.50145202640423]}"
3131,24.896180120000054,-0.0806955417842885,0.24817687232318555,-0.2517025228292834,"{""type"":""Point"",""coordinates"":[73.05458860252448,33.780136513217585]}"
3132,34.21541165000002,0.030265149022962037,0.0651298079528825,-0.08602586302177356,"{""type"":""Point"",""coordinates"":[73.0858500281199,33.63644306298887]}"
3133,22.43520572,-0.08138246542049395,0.23111979166666666,-0.23378053256126902,"{""type"":""Point"",""coordinates"":[73.11143159620981,33.78760675109998]}"
3134,25.289252420000025,-0.11343500363108207,0.275593826698282,-0.2609589604408257,"{""type"":""Point"",""coordinates"":[73.04104768469831,33.77895840985901]}"
3135,25.42939124000003,-0.1852592728246017,0.3882096718309162,-0.36518959614479723,"{""type"":""Point"",""coordinates"":[73.12957324287466,33.77048665135475]}"
3136,28.63036697000001,-0.08728187647106567,0.24029256550319414,-0.2414879617444813,"{""type"":""Point"",""coordinates"":[72.85791030304917,33.77325068689534]}"
3137,28.946533820000013,-0.05681535011213556,0.22856315179606027,-0.23459844983806993,"{""type"":""Point"",""coordinates"":[72.83846129450018,33.759996742620835]}"
3138,30.758084420000046,-0.07322168902817223,0.2538520213577422,-0.24961039948306663,"{""type"":""Point"",""coordinates"":[72.90364119688655,33.761825035606925]}"
3139,32.23466905999999,-0.020779986653630678,0.1751590080754663,-0.20108100211817984,"{""type"":""Point"",""coordinates"":[72.97558700779746,33.59996327348084]}"
3140,34.09065392000002,-0.015606316112218304,0.12768311573356939,-0.17467241165310213,"{""type"":""Point"",""coordinates"":[73.29310469661115,33.53416420291417]}"
3141,34.81869218000003,0.04023697852382128,0.15212801422380265,-0.18812788876580466,"{""type"":""Point"",""coordinates"":[72.81799409478334,33.5518336310819]}"
3142,29.291753840000013,-0.02641486882208809,0.23810553633217993,-0.24411445128576603,"{""type"":""Point"",""coordinates"":[73.23846078756068,33.78636719089071]}"
3143,31.041780080000024,-0.07408490045145993,0.17913427939813165,-0.22029520295202953,"{""type"":""Point"",""coordinates"":[73.26064059196362,33.731278546207975]}"
3144,31.720257049999987,-0.010190391004344494,0.12907026563838903,-0.16674968177541646,"{""type"":""Point"",""coordinates"":[73.2827648065257,33.737233131332246]}"
3145,31.47757763000004,-0.01845254261658652,0.17944827841403171,-0.20247481797261102,"{""type"":""Point"",""coordinates"":[73.03680688385215,33.517336849842664]}"
3146,29.749768520000032,-0.07466033504814669,0.2308040941194244,-0.2339265429761454,"{""type"":""Point"",""coordinates"":[73.17509177359973,33.714945723152084]}"
3147,27.034151629999997,-0.02359378677335844,-0.0030372492836676216,0.027774673074773666,"{""type"":""Point"",""coordinates"":[72.80379374381504,33.56234227281205]}"
3148,36.07652354000004,-0.0362309955860716,0.1662067062232648,-0.20546284410212523,"{""type"":""Point"",""coordinates"":[72.87932768566482,33.54405098510244]}"
3149,32.59185215000002,-0.03681069467653378,0.19428047662694775,-0.20951302378255945,"{""type"":""Point"",""coordinates"":[73.29491896573548,33.57617668604912]}"
3150,26.456506250000018,0.010388739946380697,0.15005647077150758,-0.1596991772537161,"{""type"":""Point"",""coordinates"":[72.97516200222017,33.746085213375956]}"
3151,33.492500420000056,-0.028974583170018393,0.18958485830806232,-0.21275007995451475,"{""type"":""Point"",""coordinates"":[72.88627419465304,33.61473007802243]}"
3152,32.84478563000005,-0.045995141802580526,0.18109927688526342,-0.20101421715113646,"{""type"":""Point"",""coordinates"":[72.84324787642328,33.58661574270531]}"
3153,32.71831888999998,6.728181468665898E-4,0.11269263698630137,-0.13428005163918033,"{""type"":""Point"",""coordinates"":[73.06668004925986,33.538408482342376]}"
3154,30.354758059999995,-0.011832797427652733,0.14579085348092047,-0.1703362094614698,"{""type"":""Point"",""coordinates"":[73.23974552709845,33.772293650831635]}"
3155,27.456277100000023,-0.1525104157163276,0.3437577562670638,-0.3287752883839978,"{""type"":""Point"",""coordinates"":[73.08407103331838,33.750638967846406]}"
3156,24.53386999999998,-0.19055496186558535,0.38371756699276904,-0.3633285278438998,"{""type"":""Point"",""coordinates"":[73.12928189359164,33.788269616930485]}"
3157,31.45877852000001,-0.0687379158610574,0.18890454646592006,-0.19386311164072392,"{""type"":""Point"",""coordinates"":[73.04087887488016,33.705369308970425]}"
3158,33.530098640000006,-0.025759871646314287,0.16442375796822828,-0.18423489863821904,"{""type"":""Point"",""coordinates"":[73.2584338699366,33.58505186347776]}"
3159,33.54889775000004,0.003408887028287782,0.13177689107734103,-0.17269528501055595,"{""type"":""Point"",""coordinates"":[72.9074093520452,33.570428776564775]}"
3160,33.046448810000015,0.04506258217645954,0.047226695629377174,-0.07150521152667075,"{""type"":""Point"",""coordinates"":[73.05272035717023,33.62250120805794]}"
3161,30.710232140000016,-0.10026076791655426,0.2557471264367816,-0.2643108080181856,"{""type"":""Point"",""coordinates"":[73.2424060152922,33.66919734191218]}"
3162,32.01591578,-0.0456944996310382,0.21057992442911122,-0.22743778525502215,"{""type"":""Point"",""coordinates"":[72.8077978246787,33.76609781045443]}"
3163,32.89776494,8.341259969269042E-4,0.12279028465244775,-0.17036630727300778,"{""type"":""Point"",""coordinates"":[72.93083185122636,33.64298361212425]}"
3164,26.649624379999977,-0.07532705441946597,0.21502013634216033,-0.19774662881476224,"{""type"":""Point"",""coordinates"":[72.88271920393805,33.724677854865895]}"
3165,32.94903524000006,-0.0759077952658322,0.2539178161334585,-0.25012599899200805,"{""type"":""Point"",""coordinates"":[72.9675249068499,33.62202657656422]}"
3166,31.78349042000002,-0.05693462484816395,0.2276608060198249,-0.23886536214953272,"{""type"":""Point"",""coordinates"":[73.2747704730625,33.51430790340529]}"
3167,26.054888900000037,-0.12217350778472054,0.29650606253988515,-0.2701625507971241,"{""type"":""Point"",""coordinates"":[73.28533703108103,33.7999630321835]}"
3168,29.698498220000033,-0.12451865735218948,0.2719563667199877,-0.25770366841353026,"{""type"":""Point"",""coordinates"":[73.07071733875158,33.73592635901391]}"
3169,33.35577962000002,-0.02546921048549713,0.17645384013097018,-0.2001161777519605,"{""type"":""Point"",""coordinates"":[72.92403293910324,33.535247200588664]}"
3170,30.515404999999987,-0.04371134638134743,0.20718442566163225,-0.21679469273743016,"{""type"":""Point"",""coordinates"":[72.81994796483676,33.79591990076868]}"
3171,31.339147819999994,-0.1056434579612406,0.18980779966504505,-0.19204186808357637,"{""type"":""Point"",""coordinates"":[73.09961097312566,33.52291777998125]}"
3172,27.950180990000035,-0.040846414014395975,0.2601406922619256,-0.27211701526286036,"{""type"":""Point"",""coordinates"":[73.0300393157067,33.77143612265542]}"
3173,23.810958770000013,-0.1252442402250231,0.22828481695026484,-0.20681635002878526,"{""type"":""Point"",""coordinates"":[73.23643860350091,33.79986575918947]}"
3174,30.173603000000014,-0.06696527142541715,0.2288745186369251,-0.23777810304449648,"{""type"":""Point"",""coordinates"":[72.96853665602406,33.66062643402395]}"
3175,30.88967819000004,-0.07592162506951032,0.21140247495580436,-0.2123177855997641,"{""type"":""Point"",""coordinates"":[73.15972935676034,33.64657385254147]}"
3176,25.419137180000007,-0.135948234206601,0.23758297093156328,-0.2065156755550597,"{""type"":""Point"",""coordinates"":[72.92617124712041,33.75658231382743]}"
3177,37.08142142000003,-0.0033014769765421373,0.1284322986221947,-0.16278445324561994,"{""type"":""Point"",""coordinates"":[73.12974512506395,33.56461450496748]}"
3178,25.887405919999992,-0.0654129428546476,0.26948558742932466,-0.2869852656750009,"{""type"":""Point"",""coordinates"":[73.04400372932939,33.7982010046362]}"
3179,29.96510378000005,-0.10232790631248215,0.25975191774114575,-0.23644373247897477,"{""type"":""Point"",""coordinates"":[72.98628335328297,33.711513256945246]}"
3180,31.732220120000022,-0.06311302666814558,0.22840873720636432,-0.24200744182602418,"{""type"":""Point"",""coordinates"":[72.82244141662973,33.71302515136683]}"
3181,33.45832022000002,0.03635924382436432,0.08722316865417376,-0.1121954619915653,"{""type"":""Point"",""coordinates"":[73.01399038523994,33.53657320112795]}"
3182,33.01055960000002,-0.012208223459322199,0.12440329813395053,-0.14430826984652756,"{""type"":""Point"",""coordinates"":[73.15365632808972,33.540935350637035]}"
3183,28.191151400000024,-0.1461651719983938,0.32733966285603566,-0.29747338914352817,"{""type"":""Point"",""coordinates"":[72.99750846092716,33.7333053100865]}"
3184,27.21359768000002,-0.1072301781348236,0.2357871483334416,-0.21595703874184888,"{""type"":""Point"",""coordinates"":[72.85804052963411,33.70861607969855]}"
3185,35.23398161,0.021085826301883576,0.08097729925083763,-0.09765094898602802,"{""type"":""Point"",""coordinates"":[73.0575415856702,33.55251974947387]}"
3186,28.454338940000014,-0.1079874213836478,0.30544646165246386,-0.2822621733750637,"{""type"":""Point"",""coordinates"":[72.83182376489682,33.72603943598626]}"
3187,31.711712000000034,-0.1000636961994601,0.23197119467373212,-0.24971572309706763,"{""type"":""Point"",""coordinates"":[73.14771547168655,33.65983533614492]}"
3188,35.09042477000003,-0.015552413653807311,0.17605570449270408,-0.19438658041881374,"{""type"":""Point"",""coordinates"":[72.99844489287722,33.56641700301689]}"
3189,28.368888439999978,-0.052589773291411554,0.24467752035065748,-0.24540862278262912,"{""type"":""Point"",""coordinates"":[72.9556115122709,33.76774988887003]}"
3190,34.022293520000005,-0.055527426160337554,0.20992648352034893,-0.2324477328508214,"{""type"":""Point"",""coordinates"":[73.28045355686598,33.56911444562785]}"
3191,30.922149380000008,-0.04975464117264051,0.18377507163323784,-0.20054486015256084,"{""type"":""Point"",""coordinates"":[73.16398580082722,33.71290421482481]}"
3192,34.26839096000003,0.01831143416270618,0.06171812993688348,-0.08790953450546046,"{""type"":""Point"",""coordinates"":[73.06328286837264,33.59960886634973]}"
3193,29.77027664000002,-0.10168350168350168,0.2680033698399326,-0.26365987171306715,"{""type"":""Point"",""coordinates"":[72.80096033059053,33.750529927134195]}"
3194,35.97227393000003,0.0034922272157960656,0.13048711176490255,-0.16487529282072483,"{""type"":""Point"",""coordinates"":[72.9696444396776,33.545666676419486]}"
3195,33.99836737999999,-0.016168544830965213,0.1607261534156494,-0.18442374272762965,"{""type"":""Point"",""coordinates"":[72.81426770446451,33.741582073935554]}"
3196,28.88842748000002,-0.07626549629071615,0.25317010849875105,-0.24720081982768435,"{""type"":""Point"",""coordinates"":[72.93165832308742,33.77575194942164]}"
3197,32.3098655,-0.020331504889100883,0.16975973204825864,-0.19612776962326134,"{""type"":""Point"",""coordinates"":[72.9001580040672,33.67881822673673]}"
3198,29.17041413000004,0.0041990820611308224,0.134570808685816,-0.14867173566131606,"{""type"":""Point"",""coordinates"":[72.82367902227458,33.79503076266332]}"
3199,31.829633690000037,-0.038766968932768146,0.24438373774706734,-0.2640255945676836,"{""type"":""Point"",""coordinates"":[72.98089589415244,33.68854904632313]}"
3200,33.29083724000003,-0.02714494966808988,0.18341113105924597,-0.2024078803356439,"{""type"":""Point"",""coordinates"":[73.25661206998487,33.545896222088345]}"
3201,30.481224800000007,-0.07452749935273884,0.16482899643157853,-0.19550635776305503,"{""type"":""Point"",""coordinates"":[73.26204858645312,33.69388459072366]}"
3202,31.175082860000032,-0.0197825152055047,0.22064933632385925,-0.2223122238586156,"{""type"":""Point"",""coordinates"":[72.8735566024332,33.76303414309368]}"
3203,31.516884860000005,-0.03152065423870698,0.1664603509793927,-0.1779975732617568,"{""type"":""Point"",""coordinates"":[73.02321643142571,33.54482814042049]}"
3204,29.479744940000046,-0.0013968947190957114,0.13065390402639546,-0.16249767008387697,"{""type"":""Point"",""coordinates"":[73.2140812233617,33.75598459906898]}"
3205,29.695080200000007,-0.05782934981396229,0.20841437936748072,-0.22496074780005113,"{""type"":""Point"",""coordinates"":[72.812436272401,33.79860176307341]}"
3206,32.661921559999996,7.991239234024921E-4,0.15753201556633695,-0.1832535969016701,"{""type"":""Point"",""coordinates"":[72.98209564510726,33.560399300665296]}"
3207,30.136004780000007,-0.012594739188586715,0.18175018698578907,-0.20235574377977766,"{""type"":""Point"",""coordinates"":[73.2461065399091,33.65049682950992]}"
3208,30.371848160000013,0.0017447495961227786,0.11140688513975323,-0.1307275655101742,"{""type"":""Point"",""coordinates"":[73.0477576069378,33.6899944083917]}"
3209,32.89434692000003,0.0032584661934132435,0.1694429273620972,-0.19210828490900866,"{""type"":""Point"",""coordinates"":[72.93112273142557,33.61343629936188]}"
3210,35.184420320000015,-0.014148189181501056,0.16842032635319282,-0.20281980254279422,"{""type"":""Point"",""coordinates"":[72.89822158164273,33.50393010532352]}"
3211,32.92852712000001,-0.006424835114851035,0.14052835051546392,-0.16258907753439952,"{""type"":""Point"",""coordinates"":[72.91711042701749,33.62510521827962]}"
3212,29.500253059999977,-0.07214980723333946,0.23536877732336764,-0.2505799635961312,"{""type"":""Point"",""coordinates"":[73.24187553733233,33.722672049266656]}"
3213,32.908019000000024,-0.04460555419021873,0.18237769046211622,-0.21079618287993163,"{""type"":""Point"",""coordinates"":[73.05833967272241,33.50610583689984]}"
3214,21.124395050000032,-0.12270931505545242,0.1886212457165894,-0.17228697099972665,"{""type"":""Point"",""coordinates"":[72.97861333026728,33.77750696857653]}"
3215,35.461279940000054,-0.01993232851430329,0.1690582801537214,-0.19994209821590128,"{""type"":""Point"",""coordinates"":[72.8951936198007,33.50398533643191]}"
3216,33.95051510000002,0.04777583187390543,0.05022019624507456,-0.06540737547517342,"{""type"":""Point"",""coordinates"":[73.03487046039888,33.579997897709966]}"
3217,33.495918440000025,0.01777088675532232,0.1094197285555518,-0.15496809480401094,"{""type"":""Point"",""coordinates"":[72.94515479902641,33.59305321916489]}"
3218,33.67194647000002,-0.07717167053799431,0.27131862144122054,-0.26883401594072365,"{""type"":""Point"",""coordinates"":[73.12699286171915,33.54597423896247]}"
3219,36.45079672999998,-0.0012365614862014287,0.11493787360883863,-0.14198483415467836,"{""type"":""Point"",""coordinates"":[73.13807516590235,33.57530661599444]}"
3220,31.474159610000015,0.013915108702271481,0.16363048399267005,-0.19036242005439977,"{""type"":""Point"",""coordinates"":[73.23453896646454,33.63644968391782]}"
3221,31.24344326000005,-0.04066244579096088,0.23085446714206567,-0.23753391673105603,"{""type"":""Point"",""coordinates"":[73.09520590991264,33.67116145531761]}"
3222,26.735074880000013,-0.12155460342093721,0.3010841062972095,-0.27674936631077657,"{""type"":""Point"",""coordinates"":[73.18602988362741,33.76743104872867]}"
3223,24.861999920000017,-0.06613149847094801,0.22340658858621748,-0.21287236355729505,"{""type"":""Point"",""coordinates"":[73.02206283951999,33.76657043176995]}"
3224,32.562798980000025,-0.07434588385449904,0.1518987341772152,-0.15362542293031822,"{""type"":""Point"",""coordinates"":[73.22650944480725,33.5397732719883]}"
3225,32.20390687999998,-0.06679555943619808,0.20398395157316815,-0.2262527779769159,"{""type"":""Point"",""coordinates"":[72.96492283018955,33.696099574044034]}"
3226,34.31795225000002,0.010584579530005826,0.10555726350434924,-0.12535895736690966,"{""type"":""Point"",""coordinates"":[72.9729082370452,33.58927553920406]}"
3227,27.432350960000008,-0.049133324644858596,0.19965724078834618,-0.21766752382392981,"{""type"":""Point"",""coordinates"":[73.23065914236814,33.749403746118595]}"
3228,32.96612534000002,-0.055964653902798235,0.21546883277414797,-0.2266020386342576,"{""type"":""Point"",""coordinates"":[73.2328346395399,33.60923988578038]}"
3229,32.94903524000006,-0.013766009773547543,0.1769941039047725,-0.1896997638592151,"{""type"":""Point"",""coordinates"":[72.85224682679015,33.550512584848335]}"
3230,34.302571160000014,0.010651333773211424,0.10507475257949042,-0.1282786297835746,"{""type"":""Point"",""coordinates"":[72.90975172986488,33.66588198464981]}"
3231,30.891387200000054,-0.007619334437584701,0.1600846017821851,-0.17934437786394078,"{""type"":""Point"",""coordinates"":[72.97226016516193,33.592283297754186]}"
3232,27.63230513000002,-0.03651186287147685,0.165517511556844,-0.1762775526341801,"{""type"":""Point"",""coordinates"":[73.21689592599164,33.76343751051123]}"
3233,30.826444820000006,-0.021153846153846155,0.1493921137126159,-0.15997961115561057,"{""type"":""Point"",""coordinates"":[73.02620265558227,33.62765997108184]}"
3234,24.98504864000006,-0.1341667400299322,0.22270203578038247,-0.20379368342365914,"{""type"":""Point"",""coordinates"":[73.27921509253441,33.79657329192549]}"
3235,31.082796320000057,-0.10283861495167013,0.27250908834221577,-0.26964115927738846,"{""type"":""Point"",""coordinates"":[72.96217524342728,33.61132918344526]}"
3236,28.403068640000015,-0.09865387590902058,0.26062564357490325,-0.2572329048479054,"{""type"":""Point"",""coordinates"":[72.84270849798759,33.790384722164774]}"
3237,29.78223971,-0.06744759556103576,0.2280956856347419,-0.23702354159968564,"{""type"":""Point"",""coordinates"":[72.83296996119074,33.77709621108703]}"
3238,32.09623925000005,0.020616924246262984,0.09323906319045515,-0.12101933916952132,"{""type"":""Point"",""coordinates"":[73.02867813947005,33.60945132473695]}"
3239,29.389167410000027,-0.035333806818181816,0.23112112041663735,-0.23496708378192344,"{""type"":""Point"",""coordinates"":[73.10715297200431,33.72483394133677]}"
3240,30.70681411999999,-0.022782530391715444,0.1500607533414338,-0.1728220837779231,"{""type"":""Point"",""coordinates"":[72.86622910955448,33.6710099533617]}"
3241,32.05351400000001,-0.029196415008354855,0.13866993832036437,-0.1812127340562781,"{""type"":""Point"",""coordinates"":[72.99022974495449,33.632313995279205]}"
3242,32.46538541000001,-0.04131465895842982,0.16980928972532697,-0.19721645888034078,"{""type"":""Point"",""coordinates"":[73.18222986456422,33.598386442772295]}"
3243,28.139881100000025,-0.032506834810916735,0.23555219364599092,-0.23775243435759483,"{""type"":""Point"",""coordinates"":[73.19425401796673,33.75361578842487]}"
3244,28.05101258000002,-0.09087699477474932,0.24523435296014187,-0.2399373971668205,"{""type"":""Point"",""coordinates"":[73.27615972879825,33.752101494948384]}"
3245,24.84149180000003,-0.10228169497340882,0.27448724560637916,-0.2638577442070892,"{""type"":""Point"",""coordinates"":[73.10261214373797,33.762203148693544]}"
3246,31.417762280000034,-0.04008532574882233,0.1858933216228085,-0.2107187198234239,"{""type"":""Point"",""coordinates"":[72.83334619005865,33.62776176685656]}"
3247,29.093508680000014,-0.11173124396264893,0.27368119031028404,-0.24800192778826458,"{""type"":""Point"",""coordinates"":[72.87723848476716,33.73017577958096]}"
3248,33.04132178000003,-0.04086970222152198,0.1916735812980266,-0.21463504320647178,"{""type"":""Point"",""coordinates"":[72.86566786005989,33.79895409578691]}"
3249,31.492958720000047,-0.05818775066276936,0.22835950445829717,-0.22714910724843326,"{""type"":""Point"",""coordinates"":[72.9888018039727,33.71593439199768]}"
3250,33.29425526,0.009073861230415583,0.12758561349165376,-0.16923625981441828,"{""type"":""Point"",""coordinates"":[72.92486988584525,33.60876932822679]}"
3251,32.86529374999998,-0.0737384807742772,0.2462599659589716,-0.2599395026173269,"{""type"":""Point"",""coordinates"":[73.25859333363321,33.50458684172271]}"
3252,33.694163600000024,0.0418494953927161,0.13534592012478472,-0.17340050377833754,"{""type"":""Point"",""coordinates"":[72.85502243465321,33.7152662420855]}"
3253,35.141695070000026,-0.012115829870912493,0.11393863231752016,-0.1413090128755365,"{""type"":""Point"",""coordinates"":[73.10400976802165,33.5027785770111]}"
3254,30.55300322000005,-0.027885424053033427,0.20250795794347448,-0.20993070248655785,"{""type"":""Point"",""coordinates"":[73.23526281129234,33.614384459803894]}"
3255,30.484642819999976,-0.025805484789450023,0.24916967772546444,-0.25475675477508525,"{""type"":""Point"",""coordinates"":[72.9314888647607,33.78255510649863]}"
3256,31.369910000000004,0.0070189723963846595,0.11825551113230386,-0.14059635601780837,"{""type"":""Point"",""coordinates"":[73.20261526687048,33.643063559250706]}"
3257,32.72002789999999,-0.018827556696619598,0.18892891536184328,-0.20161493817814788,"{""type"":""Point"",""coordinates"":[73.18926911026107,33.578632513300846]}"
3258,32.69268374000001,-0.07049310290153797,0.2379625215446111,-0.2412398426297018,"{""type"":""Point"",""coordinates"":[73.19010028320342,33.56023695395844]}"
3259,31.57157318000003,-0.019141231246766685,0.15236391163718946,-0.1810968083230471,"{""type"":""Point"",""coordinates"":[72.84561693266173,33.56483268909596]}"
3260,24.97479457999998,-0.023095747935148365,0.14000852151683,-0.16522950962459715,"{""type"":""Point"",""coordinates"":[73.29269592632922,33.78993724309869]}"
3261,25.130314490000046,-0.0987659433493457,0.2182277318640955,-0.19906905278380332,"{""type"":""Point"",""coordinates"":[72.89242789383002,33.77265424744395]}"
3262,32.84649464000006,-0.018361178363584415,0.17651146629603892,-0.1977784852665464,"{""type"":""Point"",""coordinates"":[72.84801774777122,33.69018823779113]}"
3263,34.917814760000056,0.03370924622806748,0.09111727966689799,-0.12228983386570068,"{""type"":""Point"",""coordinates"":[72.90394864109594,33.64654931506236]}"
3264,27.271704020000016,-0.07696730606442957,0.25525894486019585,-0.2677671655260585,"{""type"":""Point"",""coordinates"":[73.08809776655858,33.788093978460005]}"
3265,30.356467070000008,-0.0050517770107109524,0.19650793650793652,-0.2111614953404506,"{""type"":""Point"",""coordinates"":[72.89682483606609,33.796256772289716]}"
3266,34.14363322999998,-0.029262694845558,0.1583705537319055,-0.17769996717365139,"{""type"":""Point"",""coordinates"":[73.28696153527787,33.53702129770505]}"
3267,33.32843546000004,0.017655865984914827,0.12468061709628384,-0.1562235041811441,"{""type"":""Point"",""coordinates"":[73.00246724904841,33.711001129141955]}"
3268,29.47119988999998,0.012153653417503213,0.0920340293890178,-0.11813778751772527,"{""type"":""Point"",""coordinates"":[73.17532891150262,33.731178260422354]}"
3269,35.42709974000002,-0.03925443882059934,0.16312694444943981,-0.19499667430345133,"{""type"":""Point"",""coordinates"":[73.2693575850872,33.57457880181029]}"
3270,33.86848262000001,-0.00874861903197874,0.13965726622588046,-0.17448287849817487,"{""type"":""Point"",""coordinates"":[72.91482705041959,33.55677355158877]}"
3271,32.61748729999999,-0.010915706488781079,0.16614200769499826,-0.18466403723838964,"{""type"":""Point"",""coordinates"":[72.92033336365992,33.66409392196215]}"
3272,33.16095247999999,-0.08415524910370271,0.2312968845036156,-0.23381922223915214,"{""type"":""Point"",""coordinates"":[72.82854492044957,33.74027686612004]}"
3273,36.332875039999976,-0.01543430896043149,0.1093799417394923,-0.13078149920255183,"{""type"":""Point"",""coordinates"":[73.17132021608711,33.57027197013617]}"
3274,32.54399986999999,-0.03585521734420699,0.2035095920458836,-0.22243325176229958,"{""type"":""Point"",""coordinates"":[73.22559447716863,33.581160764605215]}"
3275,26.270224159999998,-0.052253649327444966,0.17678329060473533,-0.19833378124160173,"{""type"":""Point"",""coordinates"":[73.2445155187872,33.79890215743894]}"
3276,28.331290220000028,-0.01226068898813757,0.16546574086204638,-0.18662776156731972,"{""type"":""Point"",""coordinates"":[73.07278779778419,33.74335787099878]}"
3277,34.19319452000002,0.009306451370408792,0.09067134533898305,-0.1348316541806596,"{""type"":""Point"",""coordinates"":[73.18511011855799,33.53862244511602]}"
3278,35.871442340000044,0.009201804037896904,0.07360031486765718,-0.10511656172453958,"{""type"":""Point"",""coordinates"":[73.17157879619765,33.51828663316331]}"
3279,29.88648932000001,-0.0756079690171313,0.1834165067178503,-0.20761516765904106,"{""type"":""Point"",""coordinates"":[73.22953459478028,33.711446502543865]}"
3280,33.97273223000002,0.03865230032495297,0.0816895987684018,-0.1400273801274359,"{""type"":""Point"",""coordinates"":[72.89991042821784,33.57613888594159]}"
3281,32.40215204000003,0.015947721270400218,0.15265328785595303,-0.1744761673839688,"{""type"":""Point"",""coordinates"":[72.81789064147999,33.546659952067365]}"
3282,22.460840870000027,-0.11109748119070985,0.24273398733164117,-0.22125842696629214,"{""type"":""Point"",""coordinates"":[73.2186056642799,33.796275905597895]}"
3283,31.598917340000014,-0.01295940959409594,0.1615327330580191,-0.18332298779226153,"{""type"":""Point"",""coordinates"":[73.24337819516191,33.64252232834737]}"
3284,34.000076390000004,-0.030925730616133094,0.1391301078906808,-0.1687204705428599,"{""type"":""Point"",""coordinates"":[73.27965802928026,33.514611256261794]}"
3285,30.727322240000035,-0.048719670087273424,0.20699804996504653,-0.2158330708077757,"{""type"":""Point"",""coordinates"":[73.17275452413723,33.686969498717225]}"
3286,32.593561160000036,0.013743244191759669,0.14037138034021557,-0.17904912145266585,"{""type"":""Point"",""coordinates"":[72.83160348681764,33.67490702334871]}"
3287,25.13544152000003,-0.033789707965198625,0.21275417358968274,-0.2226210417165191,"{""type"":""Point"",""coordinates"":[73.05816210454749,33.79636234753498]}"
3288,34.276936009999986,-0.07107374185960785,0.21021837005890637,-0.21513491984466793,"{""type"":""Point"",""coordinates"":[72.90850708244581,33.69409572499195]}"
3289,31.034944040000028,-0.08527875140533034,0.26751370973970806,-0.2502761799550493,"{""type"":""Point"",""coordinates"":[72.85871490567926,33.5093407740474]}"
3290,29.363532260000056,-0.09703660662405578,0.2380327868852459,-0.2326929545139782,"{""type"":""Point"",""coordinates"":[73.24446480514993,33.58017046115006]}"
3291,33.97785926000006,0.04008449102282882,0.05349691501123435,-0.08134128930702493,"{""type"":""Point"",""coordinates"":[73.09966780665334,33.64005718192874]}"
3292,31.595499320000044,-0.028679602460955987,0.16480297238398056,-0.18435104798576046,"{""type"":""Point"",""coordinates"":[73.16346953879693,33.59902257803711]}"
3293,28.078356740000004,-0.12725402811107303,0.2708019323671498,-0.2588338884422495,"{""type"":""Point"",""coordinates"":[72.89714219808282,33.79000564578138]}"
3294,24.98846666000003,-0.1567725689470589,0.3599475279644041,-0.33735443832368733,"{""type"":""Point"",""coordinates"":[73.03990485753631,33.7502599560558]}"
3295,27.21359768000002,-0.03304878048780488,0.2126547849116026,-0.2299985479889647,"{""type"":""Point"",""coordinates"":[73.12996873909422,33.757056503654894]}"
3296,25.531931840000027,-0.18427760398563317,0.38455807653234,-0.36788223486115756,"{""type"":""Point"",""coordinates"":[73.20784189285861,33.799885851931215]}"
3297,24.99188468,-0.11014173017783126,0.2845842922621695,-0.2758739915482136,"{""type"":""Point"",""coordinates"":[73.15723176079322,33.78980809939969]}"
3298,30.84182591000001,-0.0890262956683621,0.2212570832090665,-0.23747284918311456,"{""type"":""Point"",""coordinates"":[73.23923188009148,33.6975202512178]}"
3299,32.562798980000025,-0.006147848253111411,0.11915404630062046,-0.16025729699820168,"{""type"":""Point"",""coordinates"":[73.22002766163457,33.6931107382172]}"
3300,27.900619699999993,-0.09983690182878162,0.24740239294710328,-0.2367907593849996,"{""type"":""Point"",""coordinates"":[73.09794687263998,33.73278077205503]}"
3301,32.30815648999999,-0.019626644293290984,0.17534497349014733,-0.2055338068836023,"{""type"":""Point"",""coordinates"":[72.81772521186774,33.63002981410875]}"
3302,34.78109396000002,-0.019789195519654065,0.1761038961038961,-0.19877157682939744,"{""type"":""Point"",""coordinates"":[73.1827172087555,33.504492347259095]}"
3303,33.67023746000001,0.024054575114934005,0.09698283047174529,-0.1426983851363084,"{""type"":""Point"",""coordinates"":[73.03215681644987,33.52857962934172]}"
3304,32.16630866000003,0.007523004227804029,0.12681325662654855,-0.14062165058949624,"{""type"":""Point"",""coordinates"":[73.05928905169165,33.664031785199064]}"
3305,31.86210488000006,-0.08167050396520849,0.24943670815942082,-0.24856046065259116,"{""type"":""Point"",""coordinates"":[72.84461098460133,33.686226104490615]}"
3306,32.10820232000003,-0.007119867355895836,0.1353490929081913,-0.15271265907568654,"{""type"":""Point"",""coordinates"":[72.80823210451861,33.720200618749075]}"
3307,34.12141610000003,-0.02047684148851464,0.16543133621577105,-0.18344164329146123,"{""type"":""Point"",""coordinates"":[72.97002374151066,33.64236652226265]}"
3308,33.198550700000055,-0.006904188106558979,0.127529995259108,-0.14050684274595152,"{""type"":""Point"",""coordinates"":[73.09084143139393,33.58819020887961]}"
3309,31.83476072000002,-0.013296986218385582,0.14670597107013095,-0.16519800773222806,"{""type"":""Point"",""coordinates"":[73.15958144879359,33.57683627416552]}"
3310,24.950868440000022,-0.08574556460701291,0.2722847925745656,-0.27394310325286186,"{""type"":""Point"",""coordinates"":[73.08298140680279,33.7898499639923]}"
3311,34.752040790000024,0.017335286337974088,0.18470005314862756,-0.21507323849548962,"{""type"":""Point"",""coordinates"":[72.86451180930003,33.75764024029084]}"
3312,32.81915048000002,-0.02364973771356563,0.17338797722424712,-0.20154105465928246,"{""type"":""Point"",""coordinates"":[72.80718586169955,33.620323185066106]}"
3313,33.99153134000005,-0.029719282681705848,0.1716356033022099,-0.1965686094031884,"{""type"":""Point"",""coordinates"":[72.9438764611624,33.528554889911646]}"
3314,33.801831230000005,-0.032847216919905324,0.16131247746432925,-0.20415175630685967,"{""type"":""Point"",""coordinates"":[73.23782604217543,33.68193969732523]}"
3315,32.407279070000016,-0.034761122791939714,0.18196479910244723,-0.1969465648854962,"{""type"":""Point"",""coordinates"":[73.17323801402256,33.610317397778786]}"
3316,31.429725350000012,-0.05683853332076539,0.22649455778592134,-0.23793750690073975,"{""type"":""Point"",""coordinates"":[73.24508367058556,33.634536081567084]}"
3317,29.366950280000026,-0.04872041974515473,0.16465831615665133,-0.18960281792785133,"{""type"":""Point"",""coordinates"":[73.23171284648244,33.77940136970255]}"
3318,33.495918440000025,0.035526824686446766,0.07996411668264918,-0.1379400260756193,"{""type"":""Point"",""coordinates"":[72.81250820230643,33.611814712564495]}"
3319,32.57818007000003,0.01992713004484305,0.10462141074643838,-0.14406765798040275,"{""type"":""Point"",""coordinates"":[73.2083454726805,33.59444118767631]}"
3320,32.62090532000002,-0.04512188880738327,0.18618339529120198,-0.1963989298338118,"{""type"":""Point"",""coordinates"":[73.23520780633267,33.54227025791808]}"
3321,30.891387200000054,-0.04494051124985275,0.20830921164651797,-0.230603822009503,"{""type"":""Point"",""coordinates"":[72.81857068695166,33.67171063445386]}"
3322,28.592768750000005,-0.08325096263074812,0.2866179537051639,-0.28259502515371715,"{""type"":""Point"",""coordinates"":[73.10695505841545,33.724893574379536]}"
3323,30.758084420000046,-0.04587467141524633,0.11630011765770658,-0.12015257469802924,"{""type"":""Point"",""coordinates"":[73.25715362692635,33.612469338925216]}"
3324,33.61384013000003,-0.0570380516066059,0.19967123483481336,-0.21400932990995553,"{""type"":""Point"",""coordinates"":[73.27544324533828,33.611276847409044]}"
3325,33.56427884000004,0.014451962110960758,0.14131695239289185,-0.18399063627792048,"{""type"":""Point"",""coordinates"":[72.85741865278887,33.61514597432391]}"
3326,33.44806616000005,0.04665145483919322,0.061946902654867256,-0.08730339639844996,"{""type"":""Point"",""coordinates"":[73.01618838380885,33.587575529102836]}"
3327,36.72936536000003,-0.03794259926123982,0.17557064836857583,-0.2110141373341027,"{""type"":""Point"",""coordinates"":[72.82106591988818,33.534664787174265]}"
3328,35.02206437000001,0.019210948720114893,0.08387482261557995,-0.10066554162953412,"{""type"":""Point"",""coordinates"":[73.11429331366261,33.537179042987496]}"
3329,31.93901033000003,-0.0780196247642791,0.2289753680221542,-0.23250077652518683,"{""type"":""Point"",""coordinates"":[72.93352315275301,33.58268975890459]}"
3330,29.790784760000008,-0.05134040729465315,0.2257064093728463,-0.239718388400948,"{""type"":""Point"",""coordinates"":[72.82997419666015,33.7979111042446]}"
3331,32.32353757999999,-0.025625430158298254,0.15722747959257385,-0.18704729441840648,"{""type"":""Point"",""coordinates"":[73.14761000330623,33.500662607935325]}"
3332,29.00122213999998,-0.058425759155686166,0.2576878308864942,-0.24947776783049835,"{""type"":""Point"",""coordinates"":[73.16135874863414,33.748307521145435]}"
3333,32.361135800000056,3.360853364506466E-4,0.19338520043261348,-0.21459387483355527,"{""type"":""Point"",""coordinates"":[72.94494977356705,33.7329409164156]}"
3334,24.400567220000028,-0.11377840321178759,0.23163531511739668,-0.21374768842181227,"{""type"":""Point"",""coordinates"":[72.96454237409141,33.79068543531046]}"
3335,20.16905846000003,-0.13617003680271264,0.24607709750566895,-0.23116906394228615,"{""type"":""Point"",""coordinates"":[73.12809246998954,33.79687171492667]}"
3336,33.21905881999999,-0.03394377697422139,0.19175826022654702,-0.22018032899717807,"{""type"":""Point"",""coordinates"":[72.92407798656382,33.6646743658015]}"
3337,33.23956694000003,0.005863423148249155,0.131623878558346,-0.17596012710292433,"{""type"":""Point"",""coordinates"":[72.93589106644994,33.65326673634604]}"
3338,30.484642819999976,-0.0038896091868864603,0.13377261792699507,-0.1663438777706047,"{""type"":""Point"",""coordinates"":[73.20786725004722,33.71241623988246]}"
3339,33.06524792000005,0.011706927074410371,0.1317768622065267,-0.17320859602738797,"{""type"":""Point"",""coordinates"":[72.95412956075637,33.60728789514055]}"
3340,30.775174520000007,-0.08019827147941026,0.24086578822498814,-0.24920996545895496,"{""type"":""Point"",""coordinates"":[73.12352408296958,33.65704748300326]}"
3341,31.69120387999999,-0.052425106990014264,0.20975676414320854,-0.2337816180057139,"{""type"":""Point"",""coordinates"":[73.26188574842615,33.68454731344659]}"
3342,34.25813690000001,0.03928184118568502,0.08284666576123863,-0.11378082000419082,"{""type"":""Point"",""coordinates"":[72.97586046038695,33.61906249100971]}"
3343,28.14671714000002,-0.14964732795323124,0.32746349695502236,-0.30510369702434625,"{""type"":""Point"",""coordinates"":[73.12927722469621,33.715656841997884]}"
3344,34.79476604000001,-0.015350010638621235,0.1736762587400302,-0.21305879362312524,"{""type"":""Point"",""coordinates"":[72.94725368378121,33.52135012823585]}"
3345,31.633097539999994,-0.009415872470736384,0.1893040194227138,-0.20833190585494535,"{""type"":""Point"",""coordinates"":[72.87933487597789,33.74421593733162]}"
3346,23.72038124000005,-0.12142799320003238,0.24577338129496404,-0.22441223263213717,"{""type"":""Point"",""coordinates"":[73.20012943964531,33.773030846460365]}"
3347,29.542978310000024,-0.1064471879286694,0.224788839328082,-0.21898141151579265,"{""type"":""Point"",""coordinates"":[73.03620348901596,33.72621361745196]}"
3348,34.562340680000034,0.010097947054007338,0.16436010843201598,-0.19926524614254223,"{""type"":""Point"",""coordinates"":[72.84127384881381,33.548635356855286]}"
3349,31.841596760000016,-0.02192590939522428,0.15212126930213543,-0.19683753144499982,"{""type"":""Point"",""coordinates"":[73.23739867355371,33.599831064816236]}"
3350,32.62090532000002,-0.08211650180562098,0.26028599641590167,-0.2529086678301338,"{""type"":""Point"",""coordinates"":[73.01267834274489,33.715246395195926]}"
3351,30.940948489999982,-0.04141253964381556,0.15955315608977624,-0.18012958963282938,"{""type"":""Point"",""coordinates"":[73.1374333191525,33.63660663384578]}"
3352,34.95883100000003,0.005854395517925152,0.12332177469547435,-0.1546546272094171,"{""type"":""Point"",""coordinates"":[73.03757968903304,33.52635306139679]}"
3353,26.62057120999998,-0.06794127688630933,0.21222038021831335,-0.20441516214597416,"{""type"":""Point"",""coordinates"":[73.28797966101267,33.752661395002505]}"
3354,36.013290170000005,-0.013077876837692626,0.1164720044246348,-0.14361409647588103,"{""type"":""Point"",""coordinates"":[73.15303591775536,33.527912389643056]}"
3355,27.263158970000006,-0.02314068807415652,0.15525294018344493,-0.1718928381155339,"{""type"":""Point"",""coordinates"":[73.15842249784774,33.734723615765226]}"
3356,29.78736674000004,-0.020798235672496706,0.17593507410021172,-0.1900655275233453,"{""type"":""Point"",""coordinates"":[72.80099995064062,33.79226474099418]}"
3357,35.43393578000001,0.030825741516853022,0.06873416366296706,-0.09407423644600321,"{""type"":""Point"",""coordinates"":[73.02691457928928,33.62462491349245]}"
3358,25.798537399999987,-0.10330357510182252,0.22183242972344983,-0.20595377282129687,"{""type"":""Point"",""coordinates"":[72.98058346026723,33.747279941740466]}"
3359,30.58718342000003,-0.009514467876410006,0.14279369309349324,-0.17488584474885846,"{""type"":""Point"",""coordinates"":[73.23017670293736,33.76572627611303]}"
3360,31.310094649999996,-0.04817602079366519,0.24480895892033525,-0.24051221518760954,"{""type"":""Point"",""coordinates"":[73.20895944591398,33.55057759815514]}"
3361,31.03152602,-0.057175384226171654,0.18655497976858096,-0.20053149464914172,"{""type"":""Point"",""coordinates"":[73.25234983084798,33.650058066013976]}"
3362,33.90778985000003,-0.0035138085198642326,0.12497904723591136,-0.1499014820526,"{""type"":""Point"",""coordinates"":[72.9220861051204,33.627508689415926]}"
3363,32.76275314999998,-0.10111462918629495,0.35222710460594947,-0.33313594714205574,"{""type"":""Point"",""coordinates"":[73.09948759600856,33.698968708510954]}"
3364,32.19365282000001,-0.0300901076737907,0.1514909090909091,-0.1755141435889821,"{""type"":""Point"",""coordinates"":[73.0150071661187,33.6898424382504]}"
3365,31.63138852999998,-0.01742627345844504,0.13948205361199456,-0.15434952272317945,"{""type"":""Point"",""coordinates"":[72.85955378724168,33.67380205150325]}"
3366,33.35577962000002,-0.05241042713770868,0.17674695964871068,-0.18449533441257254,"{""type"":""Point"",""coordinates"":[73.15397139072853,33.64841766211467]}"
3367,31.193881970000007,-0.021056531538485287,0.12879938561310691,-0.1883860071509424,"{""type"":""Point"",""coordinates"":[73.22839562102064,33.71408168814464]}"
3368,30.047136260000002,-0.09126339720688535,0.2344318307064918,-0.23434113368355314,"{""type"":""Point"",""coordinates"":[73.0359049401313,33.65937545976076]}"
3369,27.794661080000026,-0.06902311128374441,0.15299539170506912,-0.171996763616233,"{""type"":""Point"",""coordinates"":[73.29275866894292,33.79395343788519]}"
3370,33.759105980000015,-0.013522819758342202,0.15466638137013658,-0.1857901483244827,"{""type"":""Point"",""coordinates"":[72.89407650942073,33.58767398242243]}"
3371,35.227145570000005,-0.0055770578734038335,0.1300774025618193,-0.15846572456771701,"{""type"":""Point"",""coordinates"":[73.22812902720365,33.529570111695065]}"
3372,31.24686128000002,-0.028755958788251577,0.17661542790812199,-0.1964375134129766,"{""type"":""Point"",""coordinates"":[72.94083860160012,33.69360068615798]}"
3373,33.59845904000002,-0.02154103552328882,0.184589800443459,-0.20696106463341452,"{""type"":""Point"",""coordinates"":[73.22497661515645,33.50798644858763]}"
3374,33.111391190000006,-0.06869280131760903,0.21842338352524357,-0.22781962940483416,"{""type"":""Point"",""coordinates"":[73.21339386251819,33.557428262684276]}"
3375,30.303487760000053,-0.061673062164236375,0.2254703943871585,-0.23872631541244313,"{""type"":""Point"",""coordinates"":[73.1314895935895,33.66456051992557]}"
3376,31.25198831,-0.01951790167164363,0.17002596760232472,-0.1871807280744206,"{""type"":""Point"",""coordinates"":[73.23901352221766,33.580779366325224]}"
3377,33.58478696000003,-0.06924557226263088,0.2171685293134816,-0.21237448917324656,"{""type"":""Point"",""coordinates"":[73.06815130776964,33.6581702324042]}"
3378,33.69074558,-0.04163229041061116,0.1753164217046492,-0.20848212642197106,"{""type"":""Point"",""coordinates"":[73.28169811343795,33.506013286880545]}"
3379,24.03825710000001,-0.09106628242074928,0.22394125525331363,-0.2027229407760381,"{""type"":""Point"",""coordinates"":[72.95199022179939,33.75432289992448]}"
3380,31.414344260000007,-0.057093572377909116,0.26517074491488135,-0.26243625679646077,"{""type"":""Point"",""coordinates"":[72.86144998643161,33.73751494219867]}"
3381,33.57453290000001,0.008241097208854667,0.1400221269533951,-0.18216039866633205,"{""type"":""Point"",""coordinates"":[72.95185593103211,33.56964912870967]}"
3382,31.83134270000005,-0.05038447228078879,0.23957628203955433,-0.24378602636119984,"{""type"":""Point"",""coordinates"":[73.12365625464325,33.75282653380129]}"
3383,33.39679586,0.03730313829175767,0.07361943527451044,-0.13195688169499545,"{""type"":""Point"",""coordinates"":[72.90613586796422,33.58861630740337]}"
3384,34.991302190000056,0.0017688502473392296,0.12325208737454668,-0.1533878342801718,"{""type"":""Point"",""coordinates"":[73.1643342175014,33.53050651377849]}"
3385,27.141819260000034,-0.12186951918974862,0.31946999684079463,-0.2955150895887312,"{""type"":""Point"",""coordinates"":[73.10579898197615,33.69120858866222]}"
3386,27.808333160000018,-0.09624102915837195,0.27329252890313804,-0.26293676643475244,"{""type"":""Point"",""coordinates"":[73.20753384338538,33.776671680061945]}"
3387,26.39669090000001,-0.08584728965504701,0.24739403814417915,-0.23276698528045583,"{""type"":""Point"",""coordinates"":[73.18710252946543,33.75993345628367]}"
3388,31.40238119000003,-0.006493288026107728,0.1188361351609103,-0.13095418115832452,"{""type"":""Point"",""coordinates"":[73.05140735286429,33.68840857813224]}"
3389,30.269307560000016,-0.04970682695424143,0.2272555031175721,-0.22354638183878833,"{""type"":""Point"",""coordinates"":[73.07050317919784,33.57377039050517]}"
3390,32.186816780000015,-0.09267965077233042,0.2620852579246148,-0.26052965206367096,"{""type"":""Point"",""coordinates"":[73.11282541537612,33.5231150591039]}"
3391,30.166766960000018,-0.07700335704719,0.22311992572546077,-0.22386938646426313,"{""type"":""Point"",""coordinates"":[73.03638860767138,33.5123767084431]}"
3392,33.91804391000005,8.162780688345033E-4,0.11691026427990776,-0.14834461937332627,"{""type"":""Point"",""coordinates"":[72.90833338695272,33.68367595522643]}"
3393,31.65360566000004,-0.03311020798469998,0.17300580192040171,-0.20401198021870864,"{""type"":""Point"",""coordinates"":[73.05090995567834,33.53456998754435]}"
3394,31.69120387999999,-0.041294710633387986,0.20114882140730622,-0.23439637175149378,"{""type"":""Point"",""coordinates"":[72.87343550569962,33.68962343360923]}"
3395,25.39862906000002,-0.13916369038212334,0.3315353923452047,-0.3106181818181818,"{""type"":""Point"",""coordinates"":[73.1422690555108,33.77401589163377]}"
3396,23.487955880000015,-0.09083405554867731,0.21020099812279658,-0.19840406238665215,"{""type"":""Point"",""coordinates"":[73.06249371465292,33.79476845818877]}"
3397,30.55642124000002,-0.06387711128101758,0.17765638224205585,-0.17865393500693055,"{""type"":""Point"",""coordinates"":[73.08195362978496,33.729709999712576]}"
3398,31.52030288000003,-0.029619096602426405,0.15881231272132934,-0.18055989176813403,"{""type"":""Point"",""coordinates"":[73.19433152725945,33.57458692869347]}"
3399,31.58695426999998,-0.050412605439375216,0.19869797559574578,-0.21939299500655168,"{""type"":""Point"",""coordinates"":[73.22376285325608,33.63399810140119]}"
3400,32.89434692000003,0.028201354136002357,0.07171379411096322,-0.11621301775147928,"{""type"":""Point"",""coordinates"":[73.09990502284879,33.72566884032621]}"
3401,30.99734582000002,-0.09123617758706057,0.2303770144032156,-0.23525015880133018,"{""type"":""Point"",""coordinates"":[72.80675642958344,33.710745538029535]}"
3402,32.20390687999998,-0.04821442285538745,0.2041500511698486,-0.21400362898921976,"{""type"":""Point"",""coordinates"":[73.16150503224674,33.61520110038366]}"
3403,31.73905616000002,0.010950150448242702,0.11826599326599327,-0.15285737530056226,"{""type"":""Point"",""coordinates"":[73.06839113700926,33.727676837438686]}"
3404,33.608713100000045,-0.02461913848656427,0.16529102035007828,-0.18652418040210106,"{""type"":""Point"",""coordinates"":[72.90767697988059,33.5743295805653]}"
3405,32.31841055000001,-0.045723864371898494,0.19530286646557776,-0.20709605732020384,"{""type"":""Point"",""coordinates"":[73.27071733188048,33.53580028361038]}"
3406,31.751019229999997,-0.07078700708622324,0.23857090649635418,-0.24640117684144164,"{""type"":""Point"",""coordinates"":[73.03319112444179,33.52983642312728]}"
3407,34.78793000000002,0.017968276258258066,0.06426397343663531,-0.08850997594453092,"{""type"":""Point"",""coordinates"":[73.10840665608997,33.642037046050575]}"
3408,36.36021920000002,-0.04128440366972477,0.199309106919091,-0.22549833887043189,"{""type"":""Point"",""coordinates"":[72.83243129075765,33.5268744867532]}"
3409,32.56963502000002,0.017302302912148165,0.11414263512346745,-0.1500891265597148,"{""type"":""Point"",""coordinates"":[72.97955107020793,33.551245608453456]}"
3410,34.312825220000036,0.031938296800869355,0.10920796890184645,-0.16463122987149645,"{""type"":""Point"",""coordinates"":[72.89258321671916,33.60682974441077]}"
3411,31.328893760000028,0.0010442832547768904,0.14049107430560032,-0.17748428091420207,"{""type"":""Point"",""coordinates"":[72.8685560531402,33.680580386809105]}"
3412,24.788512490000016,-0.16310865915087552,0.2725085835502001,-0.25221657915124385,"{""type"":""Point"",""coordinates"":[73.2885597005908,33.784073527147115]}"
3413,30.78030154999999,-0.03351731368135426,0.18754982373469858,-0.20997057921051207,"{""type"":""Point"",""coordinates"":[72.83642139615006,33.78494820779577]}"
3414,31.154574740000044,-0.019629188637523387,0.13862401701933671,-0.15033582805603532,"{""type"":""Point"",""coordinates"":[73.06145911845456,33.65669363418137]}"
3415,35.034027440000045,0.00303951367781155,0.13253652058432935,-0.17603254499069157,"{""type"":""Point"",""coordinates"":[72.90542246097642,33.56489267856401]}"
3416,27.34690046000003,-0.026708918062471707,0.1472700907159478,-0.17225457427380172,"{""type"":""Point"",""coordinates"":[73.20083903818372,33.732431567642266]}"
3417,36.94811864000002,0.019695346899916696,0.08672350390000165,-0.11694915254237288,"{""type"":""Point"",""coordinates"":[73.14043830233723,33.56718258304737]}"
3418,32.514946699999996,0.044862928680356066,0.043754602178041314,-0.0644007509139413,"{""type"":""Point"",""coordinates"":[73.07483782051683,33.61878213556984]}"
3419,26.208699799999977,-0.0986783801487304,0.23893113187051923,-0.22094716108589535,"{""type"":""Point"",""coordinates"":[72.94015326858117,33.76203817619273]}"
3420,34.820401189999984,-0.00950629597307069,0.0968725129959192,-0.1251454674934431,"{""type"":""Point"",""coordinates"":[73.127767594938,33.64325967322699]}"
3421,31.417762280000034,-0.09443631039531479,0.23865476593981846,-0.23271241707582174,"{""type"":""Point"",""coordinates"":[73.16442458144584,33.56765721148486]}"
3422,33.93342500000006,-0.08157775426930633,0.2326134132479074,-0.24682926829268292,"{""type"":""Point"",""coordinates"":[73.00587001523623,33.509054623801845]}"
3423,33.87360965000005,-0.02566852886405959,0.16616416545275925,-0.1957137150697303,"{""type"":""Point"",""coordinates"":[72.97106111851144,33.566945892048516]}"
3424,31.26053336000001,-0.036076662908680945,0.23687752355316286,-0.25170253336965404,"{""type"":""Point"",""coordinates"":[72.83107552682897,33.74698350071603]}"
3425,29.664318019999996,-0.04015917758249046,0.18550154962582205,-0.18878150464278948,"{""type"":""Point"",""coordinates"":[73.03532787662732,33.691145522761616]}"
3426,29.090090659999987,-0.16497884042220357,0.33303186177529065,-0.3105364552459988,"{""type"":""Point"",""coordinates"":[72.89402191334436,33.71121375315594]}"
3427,30.922149380000008,-0.004202596270584939,0.131760371897202,-0.16454873646209386,"{""type"":""Point"",""coordinates"":[73.23928387258594,33.780089934493894]}"
3428,26.048052859999984,-0.07181411269088994,0.25844346549192365,-0.2522013304110432,"{""type"":""Point"",""coordinates"":[73.18684546854573,33.77678239076723]}"
3429,34.54354157,-0.007388746370911995,0.13141141762848713,-0.14476233700490512,"{""type"":""Point"",""coordinates"":[72.82354759624852,33.75816831207599]}"
3430,32.95587128,-0.014733424896990885,0.15044059878968044,-0.16557906059519542,"{""type"":""Point"",""coordinates"":[72.85693810565859,33.65373308675241]}"
3431,30.73415828000003,-0.06465821593086984,0.2129477111664432,-0.211787217757367,"{""type"":""Point"",""coordinates"":[73.033075565384,33.725098895813765]}"
3432,28.317618140000036,-0.07261978842563784,0.2649152417993689,-0.2666813639035861,"{""type"":""Point"",""coordinates"":[73.11713738658463,33.75620701339106]}"
3433,36.250842560000024,-0.03138176123358632,0.18732448080990188,-0.2088672385188323,"{""type"":""Point"",""coordinates"":[72.81323508915987,33.52256688192411]}"
3434,33.26007506000002,-0.05137921917687494,0.20998005341627507,-0.23328738800827015,"{""type"":""Point"",""coordinates"":[73.15713465288907,33.67174685912004]}"
3435,28.56542459000002,-0.08982898289828983,0.2389996316155704,-0.2254316539481408,"{""type"":""Point"",""coordinates"":[73.11686843139556,33.50989976696337]}"
3436,33.03448574000004,-0.024686995929026807,0.20483364040316462,-0.22442910639547692,"{""type"":""Point"",""coordinates"":[73.28876808139158,33.60163395804783]}"
3437,29.409675530000015,-0.10415015376811135,0.2936849925705795,-0.278299809132286,"{""type"":""Point"",""coordinates"":[73.02122261010472,33.72956651653079]}"
3438,31.845014780000042,0.0023592279923822517,0.16783123710654155,-0.2031399972576443,"{""type"":""Point"",""coordinates"":[72.90103252733314,33.5673767347189]}"
3439,31.66044169999998,-0.038570548367221194,0.17660198240960492,-0.18980729865179644,"{""type"":""Point"",""coordinates"":[72.84161740003623,33.64935811528486]}"
3440,28.420158740000034,-0.08969935929029078,0.2540106951871658,-0.2409397049390635,"{""type"":""Point"",""coordinates"":[73.24862885476688,33.796357097249576]}"
3441,31.96464548000006,-0.0012412081092263137,0.13242863827795975,-0.1496437054631829,"{""type"":""Point"",""coordinates"":[72.93352696513404,33.6934933657096]}"
3442,33.755687960000046,-0.02441244351981276,0.15321842866029933,-0.1830023649536394,"{""type"":""Point"",""coordinates"":[73.25450306648943,33.522301098703615]}"
3443,30.21632825000006,-0.038733066208738794,0.19202977884825925,-0.2023410755696249,"{""type"":""Point"",""coordinates"":[73.13371562361147,33.69123207730488]}"
3444,33.663401420000014,-0.042854056928266396,0.14059319569642337,-0.16054587817596805,"{""type"":""Point"",""coordinates"":[72.96182474737998,33.63598087842492]}"
3445,32.93194514000004,-0.013559099990174565,0.1159310543776143,-0.15233095025320226,"{""type"":""Point"",""coordinates"":[73.27392295803743,33.57253807998659]}"
3446,33.91633490000004,0.00478386167146974,0.1581595009725669,-0.18295481793580654,"{""type"":""Point"",""coordinates"":[72.93959164030494,33.52706378121711]}"
3447,33.07550198000001,0.01653218387783531,0.13045317220543806,-0.18418887271346288,"{""type"":""Point"",""coordinates"":[72.83428066136732,33.60395780623885]}"
3448,31.53739298000005,0.013127676742598226,0.1717086112237002,-0.19396988698231518,"{""type"":""Point"",""coordinates"":[72.81988256302859,33.719345841430346]}"
3449,32.28252134000002,-0.06283758321818866,0.19648601831229895,-0.20972209811455633,"{""type"":""Point"",""coordinates"":[73.16890648261315,33.58499999037927]}"
3450,24.831237740000006,-0.12400298730395817,0.3288832379741471,-0.3225075130489798,"{""type"":""Point"",""coordinates"":[73.01556726360037,33.754525538156386]}"
3451,25.42084619000002,-0.1341206801766791,0.26943642845017823,-0.24104883209558975,"{""type"":""Point"",""coordinates"":[73.13831728408407,33.75905546874368]}"
3452,33.73859786000003,0.04635939440733156,0.05527488855869242,-0.07986467480138366,"{""type"":""Point"",""coordinates"":[73.08801923032959,33.642073403160076]}"
3453,30.981964730000016,-0.08977617446913175,0.21162400641726828,-0.2309230997184768,"{""type"":""Point"",""coordinates"":[73.22107868578358,33.71746170883386]}"
3454,31.05374315000006,-0.06850926198177007,0.21467902820048204,-0.22218288667823133,"{""type"":""Point"",""coordinates"":[73.0298158057102,33.69457309474087]}"
3455,27.350318480000055,-0.06345911949685534,0.2699688309737504,-0.26649689161860535,"{""type"":""Point"",""coordinates"":[73.1874708864858,33.79734183361673]}"
3456,37.20447014000001,0.00421382133397544,0.09094506364175954,-0.1202383774083229,"{""type"":""Point"",""coordinates"":[73.13643826052136,33.53352810109091]}"
3457,32.63970443000005,-0.025901689240602647,0.19805217885832088,-0.21487141595631568,"{""type"":""Point"",""coordinates"":[73.18721109812348,33.56579379464686]}"
3458,31.123812560000033,-0.047982646420824296,0.21183946488294314,-0.22478366684694429,"{""type"":""Point"",""coordinates"":[73.10216252169441,33.60008481700961]}"
3459,33.27716515999998,-0.02024625820246258,0.1640560593569662,-0.19211551052758538,"{""type"":""Point"",""coordinates"":[72.9601081604601,33.61133067180751]}"
3460,31.827924680000024,0.04254526992722965,0.046889456348765776,-0.06953003894287119,"{""type"":""Point"",""coordinates"":[73.04644489800363,33.634428406404375]}"
3461,30.159930920000022,-0.1068180164447355,0.2661589045656969,-0.2352606789020627,"{""type"":""Point"",""coordinates"":[72.88201484741394,33.70416745904141]}"
3462,34.722987620000026,-0.03350146335388256,0.16079171912155546,-0.17926673298280518,"{""type"":""Point"",""coordinates"":[72.93543395935879,33.62763424611597]}"
3463,32.57305303999999,-0.0017390787341885043,0.16268718514940309,-0.1943149798862287,"{""type"":""Point"",""coordinates"":[73.12842360210583,33.519815374366]}"
3464,33.17804258000001,0.014144349113237028,0.16463197435316212,-0.19148583733642538,"{""type"":""Point"",""coordinates"":[72.87863817225193,33.65928223792605]}"
3465,30.074480419999986,0.002027170131009652,0.1351481570705854,-0.17330677290836655,"{""type"":""Point"",""coordinates"":[73.05194651856525,33.72577572762898]}"
3466,34.593102860000045,-0.0496109596329055,0.1690245167024665,-0.19550068171489168,"{""type"":""Point"",""coordinates"":[72.96678060924651,33.50082240526217]}"
3467,30.14967686,-0.10488688669082362,0.26375924128145767,-0.25170118343195264,"{""type"":""Point"",""coordinates"":[73.11569627367797,33.607618100009375]}"
3468,33.66681944000004,-0.06647431637300828,0.18039433789626652,-0.187060224443402,"{""type"":""Point"",""coordinates"":[73.10372600421053,33.64919537144812]}"
3469,31.65360566000004,-0.03925444789607455,0.16472077648051767,-0.19627248428808783,"{""type"":""Point"",""coordinates"":[73.29068728092031,33.53262311863196]}"
3470,25.602001250000058,-0.13810702606888542,0.3306415593232451,-0.31480925733048526,"{""type"":""Point"",""coordinates"":[73.13192496863086,33.779540165010836]}"
3471,26.533411699999988,-0.06046450424370024,0.23798917009101733,-0.24535445238555148,"{""type"":""Point"",""coordinates"":[73.20310817989876,33.75735619109745]}"
3472,23.957933630000014,-0.06000443432164957,0.19054626129083377,-0.17244454352914948,"{""type"":""Point"",""coordinates"":[73.0492762736352,33.768071703191346]}"
3473,29.305425920000005,-0.07626924711497597,0.24379462767766066,-0.23855385425679998,"{""type"":""Point"",""coordinates"":[73.13024092179491,33.737080273500226]}"
3474,32.877256820000014,-0.09830069590548632,0.2490613266583229,-0.26122509663990484,"{""type"":""Point"",""coordinates"":[73.173813973056,33.70705003742499]}"
3475,34.415365820000034,-0.080605055946954,0.24758633652876746,-0.25397179808666676,"{""type"":""Point"",""coordinates"":[72.82398270950873,33.73962386486518]}"
3476,34.18123145000004,-0.043742868010650436,0.19674578545668037,-0.22657955815352876,"{""type"":""Point"",""coordinates"":[72.99288012160753,33.527388123098696]}"
3477,35.41684568000005,0.014710833321135295,0.07963494634866153,-0.13843083532058112,"{""type"":""Point"",""coordinates"":[73.28170344382386,33.51044932785716]}"
3478,33.51984458000004,-0.02850819719868379,0.18040237952008556,-0.2082649151614669,"{""type"":""Point"",""coordinates"":[72.8341404304354,33.5395267152923]}"
3479,24.696225949999985,-0.010574681577080306,0.12582332793857504,-0.1393745476707424,"{""type"":""Point"",""coordinates"":[72.95893072817638,33.772742887972186]}"
3480,25.883987900000022,-0.01803977696275755,0.20805321633288515,-0.22954479976951886,"{""type"":""Point"",""coordinates"":[73.05185410851522,33.79477869210528]}"
3481,32.60381522,-0.018388960205391526,0.12438657099831694,-0.1403672691989794,"{""type"":""Point"",""coordinates"":[73.08051179893134,33.664306510369876]}"
3482,36.165392060000045,0.027497940822403852,0.06501526505689703,-0.09498840734795791,"{""type"":""Point"",""coordinates"":[73.0080238196843,33.600361631020874]}"
3483,29.565195440000025,-0.039230574538091624,0.18816465311437458,-0.19878836538812453,"{""type"":""Point"",""coordinates"":[72.83695328379176,33.73515163503802]}"
3484,34.483726219999994,-0.01650052540399307,0.15968700892640172,-0.19882100750267953,"{""type"":""Point"",""coordinates"":[72.88717926957948,33.549108587943245]}"
3485,33.36090665000006,0.023891434278738684,0.09383882888004548,-0.1259028984182134,"{""type"":""Point"",""coordinates"":[73.17635973866825,33.645361182702196]}"
3486,35.28012488000002,-0.03445905838982786,0.14780920687742652,-0.16390734296460333,"{""type"":""Point"",""coordinates"":[73.11582711868654,33.55307690946373]}"
3487,27.866439500000013,-0.05330945657414422,0.2030838217362231,-0.21958610789903904,"{""type"":""Point"",""coordinates"":[73.29954530501108,33.7642834005589]}"
3488,28.021959410000022,-0.08376479289940829,0.24376631368970567,-0.22540717974450647,"{""type"":""Point"",""coordinates"":[72.8629523044883,33.7093581445067]}"
3489,32.62945037000003,-0.057451161047519406,0.19874665864150542,-0.22147263609798334,"{""type"":""Point"",""coordinates"":[72.96054471534302,33.502554490879575]}"
3490,23.465738750000014,-0.1551661693944777,0.3247364569529875,-0.30070880668026023,"{""type"":""Point"",""coordinates"":[73.0978003589756,33.79326017393252]}"
3491,33.608713100000045,-0.00428766915006842,0.1383173060352256,-0.18330347545682552,"{""type"":""Point"",""coordinates"":[72.94223983117423,33.57231466990823]}"
3492,31.04348908999998,-0.0772730838628697,0.25312551331423044,-0.2522798570073685,"{""type"":""Point"",""coordinates"":[73.13053384831596,33.66480052634462]}"
3493,33.69074558,0.03454097784030953,0.053544697347714276,-0.07315165969425656,"{""type"":""Point"",""coordinates"":[73.07039929613227,33.62462153689425]}"
3494,26.19844574000001,-0.11971245049422571,0.29984932194876945,-0.2718406229917212,"{""type"":""Point"",""coordinates"":[73.09635168210207,33.68149713928759]}"
3495,34.91610575000004,-0.01268796992481203,0.11706263498920086,-0.1379437804727791,"{""type"":""Point"",""coordinates"":[73.15636773279836,33.553361870092864]}"
3496,33.736888850000014,0.019203762369770404,0.08544475367766653,-0.10650135406495827,"{""type"":""Point"",""coordinates"":[73.04193837392785,33.57483760719739]}"
3497,34.37434958000006,0.03935361216730038,0.0756022279774364,-0.10496391865296305,"{""type"":""Point"",""coordinates"":[72.98737128170694,33.65927050648607]}"
3498,27.538309580000032,-0.04685586310669419,0.2299469637791391,-0.21738422723203385,"{""type"":""Point"",""coordinates"":[72.97278299861696,33.76140925951107]}"
3499,33.81721232000001,-0.06738355621896609,0.22424094196568953,-0.23381104968484806,"{""type"":""Point"",""coordinates"":[73.16885555561255,33.53922813114351]}"
3500,32.16630866000003,-0.055781494785814886,0.18656185530340755,-0.20865942028985507,"{""type"":""Point"",""coordinates"":[73.28658920371113,33.52993511052084]}"
3501,35.91758561000006,-0.04503955201129599,0.18357926873591626,-0.2091788426192377,"{""type"":""Point"",""coordinates"":[72.99284587315184,33.53283770202032]}"
3502,34.61361098000003,-0.014172183337809868,0.12800056233086143,-0.1476846057571965,"{""type"":""Point"",""coordinates"":[73.11917828612994,33.52898838640176]}"
3503,33.755687960000046,0.018233361252496617,0.10113090291577845,-0.12407789908527589,"{""type"":""Point"",""coordinates"":[73.05441298070498,33.55594028892257]}"
3504,24.08610938000004,-0.07348154304314704,0.25287960231176493,-0.24543007512755616,"{""type"":""Point"",""coordinates"":[73.00341995542766,33.77615844813423]}"
3505,31.995407660000012,-0.012100994243851387,0.11448842150754493,-0.15789867544713013,"{""type"":""Point"",""coordinates"":[73.14337564466372,33.514803776245735]}"
3506,30.92385839000002,-0.07615149053184175,0.24142530144368546,-0.24082147360835884,"{""type"":""Point"",""coordinates"":[72.82690612523524,33.63134857546702]}"
3507,30.573511339999982,-0.0013204425759254482,0.1768672291692681,-0.19243768865111066,"{""type"":""Point"",""coordinates"":[73.16950550025642,33.753338662854226]}"
3508,24.776549420000038,-0.13977421089010061,0.2789004265586626,-0.25161290322580643,"{""type"":""Point"",""coordinates"":[73.18956948767904,33.775293523839274]}"
3509,35.18271131000006,-0.09489824539533144,0.2535279110841525,-0.24319255471611317,"{""type"":""Point"",""coordinates"":[73.19409778109838,33.552644100851516]}"
3510,30.63332668999999,-0.023393572706970556,0.16463590483056958,-0.18610030105000366,"{""type"":""Point"",""coordinates"":[73.21814329714338,33.757011168532934]}"
3511,35.77915580000001,0.02053675949879323,0.07402418345192628,-0.11145368669640514,"{""type"":""Point"",""coordinates"":[73.12262092687577,33.58237047416393]}"
3512,28.25267575999999,-0.07094605727089992,0.23241439460012894,-0.23847267738739425,"{""type"":""Point"",""coordinates"":[73.2311476226127,33.73516559188211]}"
3513,32.60039720000003,-0.042137782865745606,0.18914179371555365,-0.20915591622846122,"{""type"":""Point"",""coordinates"":[72.85914101649384,33.625593304930426]}"
3514,34.53157850000002,-0.029371706046070943,0.1704147589550229,-0.20106405030055965,"{""type"":""Point"",""coordinates"":[72.82546746894296,33.51335169237507]}"
3515,30.043718240000032,-0.08179601025576887,0.24695451596626541,-0.24925076728651382,"{""type"":""Point"",""coordinates"":[72.84127338787401,33.75860404931984]}"
3516,35.828717090000055,-0.02159661205974108,0.16161425756147715,-0.19295343352926683,"{""type"":""Point"",""coordinates"":[73.06750166456865,33.50572669465637]}"
3517,24.532160990000023,-0.12319292123629112,0.3226930838378279,-0.30974222964994824,"{""type"":""Point"",""coordinates"":[73.20052601396982,33.75933664332318]}"
3518,28.68163727000001,-0.07941287165976665,0.23636233003430748,-0.2447466454482983,"{""type"":""Point"",""coordinates"":[73.24736801928006,33.709558197375806]}"
3519,31.845014780000042,-0.03281637717121588,0.19304908634897885,-0.21383785360163313,"{""type"":""Point"",""coordinates"":[72.86140263255948,33.62567635056604]}"
3520,25.825881560000028,-0.1502452073116362,0.29382757323749426,-0.26744995292094814,"{""type"":""Point"",""coordinates"":[72.90366108823886,33.77789026024915]}"
3521,29.90528843000004,0.03415832110735472,0.06433529566821897,-0.09475092184223845,"{""type"":""Point"",""coordinates"":[73.17098922936094,33.73135509554194]}"
3522,24.30144464,-0.13617197188921043,0.24842153077447196,-0.22685474511204357,"{""type"":""Point"",""coordinates"":[72.93229079756262,33.75709611133436]}"
3523,33.64972934000002,-0.004828703779483738,0.1601905049894164,-0.18381672323356987,"{""type"":""Point"",""coordinates"":[72.85941462440357,33.79257062016585]}"
3524,28.285146950000012,-0.1085133418043202,0.22724321516686144,-0.22187506733607706,"{""type"":""Point"",""coordinates"":[73.25047834974545,33.76073932746947]}"
3525,30.125750720000042,-0.10144927536231885,0.25791923134664463,-0.2533094009423379,"{""type"":""Point"",""coordinates"":[73.17445845573688,33.60936844030402]}"
3526,26.71114874,-0.06526601152151813,0.24164625957816574,-0.2398832531355999,"{""type"":""Point"",""coordinates"":[73.29378107282146,33.70682559826604]}"
3527,29.050783430000024,-0.07522575142311472,0.21769807437895047,-0.21187042842215256,"{""type"":""Point"",""coordinates"":[72.89403386526523,33.744945748626115]}"
3528,31.52030288000003,-0.11417349726775956,0.2543689320388349,-0.24323088355785905,"{""type"":""Point"",""coordinates"":[73.07442906457163,33.57995231521028]}"
3529,37.22156024000003,-0.015540500386283948,0.08371119637251483,-0.10099220411055988,"{""type"":""Point"",""coordinates"":[73.15379714999945,33.5477113920294]}"
3530,30.38893826000003,-0.013223760374374276,0.16136508055171384,-0.17212109780250873,"{""type"":""Point"",""coordinates"":[73.03817019228218,33.72242007775491]}"
3531,31.21439009000005,-0.04528157713761748,0.19773754071376037,-0.21589959646596626,"{""type"":""Point"",""coordinates"":[73.11874161800164,33.52715407260229]}"
3532,33.59162300000003,-0.012364322793770647,0.14549143853903385,-0.1663766855154415,"{""type"":""Point"",""coordinates"":[73.24702931642445,33.523300353328636]}"
3533,31.598917340000014,-0.0642434988179669,0.2009069992330521,-0.22860164432163205,"{""type"":""Point"",""coordinates"":[72.84030619776337,33.53594658059611]}"
3534,31.961227460000032,-0.03902670248064465,0.19969350895756557,-0.21831925300133392,"{""type"":""Point"",""coordinates"":[72.91170243180659,33.52771480478539]}"
3535,33.89924480000002,-0.0020046967180250876,0.16451988683641205,-0.19421120895624275,"{""type"":""Point"",""coordinates"":[72.88181962891164,33.53821505939592]}"
3536,26.85128756000006,-0.14633990682238815,0.3266123820602301,-0.31080785229511787,"{""type"":""Point"",""coordinates"":[73.01622830500096,33.74690040155639]}"
3537,31.508339810000052,-0.10448622234288041,0.25098973747934045,-0.23998018896677842,"{""type"":""Point"",""coordinates"":[72.83001070023012,33.72966411952319]}"
3538,31.293004549999978,0.02367182246133154,0.07974638826394957,-0.1027934446153554,"{""type"":""Point"",""coordinates"":[73.08069216621767,33.563446495916196]}"
3539,32.99176049000005,-0.006053856477911991,0.14985557858320142,-0.18919192601093635,"{""type"":""Point"",""coordinates"":[73.2200811785123,33.58066988841693]}"
3540,33.798413210000035,-0.01076319490709897,0.15147324214467625,-0.18129909679205453,"{""type"":""Point"",""coordinates"":[73.00567517926196,33.541704559103046]}"
3541,34.200030560000016,-0.0015344083842390203,0.16013280123411247,-0.1931845617907771,"{""type"":""Point"",""coordinates"":[72.86766573106675,33.79761177177547]}"
3542,28.310782099999983,-0.07614278376990241,0.2434256889581247,-0.2539836911797711,"{""type"":""Point"",""coordinates"":[73.25305354360803,33.7646501669442]}"
3543,33.248111989999984,-0.0659956350369719,0.21437583494136855,-0.22112765401694093,"{""type"":""Point"",""coordinates"":[72.919705928319,33.7005598908229]}"
3544,34.23762878000002,-0.003235674785268855,0.14143239625167336,-0.1740043372000964,"{""type"":""Point"",""coordinates"":[72.84182482681157,33.52051148535171]}"
3545,30.775174520000007,-0.008398576512455517,0.19227144203581528,-0.21305524161786363,"{""type"":""Point"",""coordinates"":[72.86595251952508,33.63823542049334]}"
3546,28.315909130000023,-0.12967837930639808,0.3044217044896726,-0.287215411558669,"{""type"":""Point"",""coordinates"":[73.08009444881786,33.680104591515025]}"
3547,34.225665710000044,-0.029613534067980753,0.15482905090174778,-0.1909019100962229,"{""type"":""Point"",""coordinates"":[73.17201217415307,33.504955713200154]}"
3548,32.79864236000003,-0.03963338014635228,0.19965200777864966,-0.2158923909472847,"{""type"":""Point"",""coordinates"":[72.99068186122163,33.71953430235552]}"
3549,30.51369599000003,-0.05132187865298083,0.20128812690977624,-0.21861311158957605,"{""type"":""Point"",""coordinates"":[73.20368454906745,33.7064305013783]}"
3550,37.13098271000001,0.02612906686282623,0.08216542070398311,-0.10923372316285565,"{""type"":""Point"",""coordinates"":[73.13565834030686,33.56672278396318]}"
3551,31.86210488000006,-0.062885944615566,0.2584630418091715,-0.2573440959570425,"{""type"":""Point"",""coordinates"":[73.03073986868183,33.600216759286376]}"
3552,33.89411776999998,0.009269018538037075,0.09790786354735649,-0.13305679642629228,"{""type"":""Point"",""coordinates"":[72.87863920165081,33.60959984340756]}"
3553,33.16095247999999,0.004161511640985266,0.12937274785548009,-0.16845925437149456,"{""type"":""Point"",""coordinates"":[73.21471980723862,33.6004554107772]}"
3554,31.61429843000002,-0.018414273447190155,0.1394310317220275,-0.15667611840560602,"{""type"":""Point"",""coordinates"":[73.01345111295184,33.678367154103164]}"
3555,27.309302240000022,-0.11780550042529062,0.27754374594944914,-0.25637348629700446,"{""type"":""Point"",""coordinates"":[73.05970981551586,33.737954865049836]}"
3556,31.086214340000026,-0.02742719529054988,0.20767443079557568,-0.2258819773319853,"{""type"":""Point"",""coordinates"":[72.86829781905496,33.505480233515655]}"
3557,34.40852977999998,-0.06957682635288273,0.22610954906217745,-0.23445730461891282,"{""type"":""Point"",""coordinates"":[73.20427712996904,33.66398073770527]}"
3558,37.31897380999999,0.012701558418160525,0.08423603897709848,-0.1347713546160483,"{""type"":""Point"",""coordinates"":[73.2202773363177,33.53541812920247]}"
3559,31.499794759999986,-0.06907538392914038,0.2325154275639142,-0.23888642741101757,"{""type"":""Point"",""coordinates"":[73.27883436435972,33.638691541063245]}"
3560,31.42459832000003,-0.03273905996758509,0.142637565324316,-0.1770728875283686,"{""type"":""Point"",""coordinates"":[72.90015288959786,33.583299471289195]}"
3561,30.27956161999998,-0.05659565310953303,0.24927304448967724,-0.24977273553688956,"{""type"":""Point"",""coordinates"":[73.27578977763947,33.60337957999346]}"
3562,29.712170300000025,-0.08795496705686688,0.2550640150536841,-0.2479729977620428,"{""type"":""Point"",""coordinates"":[72.83829240890962,33.758049625411765]}"
3563,30.447044600000027,-0.04826969735665943,0.20818308926337478,-0.22659693686963017,"{""type"":""Point"",""coordinates"":[73.25366528366766,33.73155888274361]}"
3564,34.79134801999999,-0.03474164361025948,0.20542885516664633,-0.21726279491194425,"{""type"":""Point"",""coordinates"":[72.83643504841012,33.69191160911512]}"
3565,35.49375113000002,2.2448032804058603E-4,0.08728414953696922,-0.12175300142725212,"{""type"":""Point"",""coordinates"":[73.2203910174291,33.64214352672235]}"
3566,26.38472783000003,-0.11030501200633526,0.2846249334988473,-0.2588044485634847,"{""type"":""Point"",""coordinates"":[73.11052044314762,33.756693554261794]}"
3567,27.871566529999996,-0.08737991409554412,0.2596714462064381,-0.2646430750457596,"{""type"":""Point"",""coordinates"":[73.28225585856279,33.71840444588706]}"
3568,31.115267510000024,-0.021525862314101286,0.14323902873691247,-0.17256911577504325,"{""type"":""Point"",""coordinates"":[72.82716098792224,33.67610969521789]}"
3569,30.472679749999998,-0.06608405497735759,0.19605675984027382,-0.21252755990891675,"{""type"":""Point"",""coordinates"":[73.21457252745243,33.61182502015177]}"
3570,32.65166750000003,-0.03500016525101629,0.18285174693106704,-0.20631741140215717,"{""type"":""Point"",""coordinates"":[73.232211597845,33.56604993373966]}"
3571,25.810500470000022,-0.11516020063466066,0.28522552990679934,-0.27293618181464097,"{""type"":""Point"",""coordinates"":[73.2881304599162,33.769798123935374]}"
3572,34.95883100000003,-0.012449351106935229,0.1594095692814633,-0.19133499170812604,"{""type"":""Point"",""coordinates"":[72.94142806552323,33.60143538960728]}"
3573,31.776654380000025,-0.03914656203059379,0.16276197989915275,-0.20376420454545455,"{""type"":""Point"",""coordinates"":[73.17534752282752,33.67716047498555]}"
3574,25.039736960000027,-0.15858336021794459,0.3133012332134658,-0.2866127940766689,"{""type"":""Point"",""coordinates"":[73.19583461588792,33.77360427695671]}"
3575,36.63024278,0.002118900593292166,0.09463408155133483,-0.14964254577157804,"{""type"":""Point"",""coordinates"":[73.29774908180008,33.53914511060757]}"
3576,31.40409020000004,0.004751593889089378,0.14306438242608455,-0.1728390686465606,"{""type"":""Point"",""coordinates"":[72.84541398432485,33.63249898115434]}"
3577,33.33185348000001,0.008183561174068243,0.12478565999045414,-0.14290846385974995,"{""type"":""Point"",""coordinates"":[73.2482913565215,33.54636645109278]}"
3578,29.073000560000025,-0.06894692242508281,0.15397729635327873,-0.17538435474990471,"{""type"":""Point"",""coordinates"":[73.25155574679479,33.760054484758626]}"
3579,27.38108066000001,-0.095684734127494,0.23049967018469658,-0.2266562551372678,"{""type"":""Point"",""coordinates"":[73.25343960274655,33.769238088230864]}"
3580,36.47301386000004,0.017643848905596313,0.07465260504759062,-0.10390406758874429,"{""type"":""Point"",""coordinates"":[73.12805602870301,33.62826529923231]}"
3581,34.25813690000001,0.0376436402060494,0.052928212724448136,-0.0771732702542874,"{""type"":""Point"",""coordinates"":[73.04213738427215,33.620003840558965]}"
3582,33.81892133000002,-0.03047217264319325,0.1662473602056744,-0.18337153185383942,"{""type"":""Point"",""coordinates"":[72.83713702804275,33.63820659184108]}"
3583,28.39281458000005,-0.16014585591800531,0.33823417961348995,-0.3055822550831793,"{""type"":""Point"",""coordinates"":[72.95209466637236,33.74912118196171]}"
3584,33.95393311999999,-0.010903143739778303,0.12338449111470114,-0.14433625891387822,"{""type"":""Point"",""coordinates"":[73.13132292365339,33.59537571735205]}"
3585,29.11401680000006,-0.07768986790282667,0.24231588251838163,-0.23094072216250647,"{""type"":""Point"",""coordinates"":[72.84536952184048,33.720280890201515]}"
3586,26.68722260000004,-0.10906139315230225,0.2562163065736136,-0.24394785847299813,"{""type"":""Point"",""coordinates"":[73.22651029224514,33.76114451492522]}"
3587,22.57534454000006,-0.13478622525370154,0.32409348551906203,-0.30091162222985085,"{""type"":""Point"",""coordinates"":[73.12281920683039,33.778677585367475]}"
3588,29.997574970000016,-0.07700787130332937,0.19821408040470626,-0.21793498373619524,"{""type"":""Point"",""coordinates"":[73.23006157657315,33.71354134959576]}"
3589,33.21564080000002,-0.03423828462735604,0.19349474524411334,-0.21895380434782608,"{""type"":""Point"",""coordinates"":[72.8847872332176,33.754525622959974]}"
3590,30.71194115000003,-0.025145749247229163,0.1846600899516926,-0.19987252549490103,"{""type"":""Point"",""coordinates"":[73.26855594078178,33.66110235635459]}"
3591,31.47586862000003,-0.07794877819548872,0.2675093244923332,-0.26847307665721987,"{""type"":""Point"",""coordinates"":[73.06589224805509,33.568603884861474]}"
3592,35.529640340000014,-0.04603104812798052,0.12584179680390228,-0.1698755532019518,"{""type"":""Point"",""coordinates"":[73.26289104091158,33.61849745265934]}"
3593,31.034944040000028,-0.05830861723446894,0.23241790041633217,-0.23564756752709506,"{""type"":""Point"",""coordinates"":[72.88494891099381,33.674951180521845]}"
3594,32.02104281000004,0.006588529024204175,0.1629832908432522,-0.19966499162479062,"{""type"":""Point"",""coordinates"":[72.92130467590647,33.55120631301325]}"
3595,31.41092623999998,0.005895793957516432,0.1256268566135369,-0.15780136018661498,"{""type"":""Point"",""coordinates"":[72.91220807710347,33.64409698612291]}"
3596,26.82394340000002,-0.14650948609320316,0.2900845630906981,-0.2629144178874325,"{""type"":""Point"",""coordinates"":[72.93087774718745,33.74194908672177]}"
3597,33.55060676000005,-0.03385660001245873,0.16632407456209702,-0.1890952730659693,"{""type"":""Point"",""coordinates"":[73.27417607353622,33.54171809288033]}"
3598,22.85904019999998,-0.07071761117354311,0.213518922852984,-0.19771931399838377,"{""type"":""Point"",""coordinates"":[72.97821131214275,33.78296724368149]}"
3599,33.75739697000006,-0.04650337238196663,0.19000315911404403,-0.21018062397372742,"{""type"":""Point"",""coordinates"":[73.19000514595481,33.513988107387505]}"
3600,34.72469663000004,0.01584613910098719,0.08173119129137038,-0.10759550561797752,"{""type"":""Point"",""coordinates"":[73.05496188809362,33.63896577133487]}"
3601,27.808333160000018,-0.13847900113507378,0.30414164977628205,-0.28299473288186605,"{""type"":""Point"",""coordinates"":[72.87120415260489,33.78364829183732]}"
3602,30.077898440000013,-0.06303919351190669,0.2118756446147046,-0.21509824198552224,"{""type"":""Point"",""coordinates"":[72.86676248947578,33.77063520595041]}"
3603,29.206303339999977,-0.05909425625920471,0.08989296201572416,-0.08588146470366176,"{""type"":""Point"",""coordinates"":[72.81808166445563,33.704246541288185]}"
3604,32.11845638,-0.01220645243968859,0.19719590754073513,-0.20578581787649797,"{""type"":""Point"",""coordinates"":[72.84920266636735,33.55514346763961]}"
3605,29.059328479999976,-0.09825591434985322,0.257811881971363,-0.24764595103578155,"{""type"":""Point"",""coordinates"":[73.253540448869,33.79980727721373]}"
3606,33.906080840000016,-0.017409741093558695,0.17624719489038496,-0.203334157454173,"{""type"":""Point"",""coordinates"":[72.9057652715812,33.60060293413112]}"
3607,33.54889775000004,-0.0027562393990792342,0.1363113727239965,-0.161506481660147,"{""type"":""Point"",""coordinates"":[72.95527432730951,33.55282065175081]}"
3608,29.223393439999995,-0.010387307217278399,0.20079036507339104,-0.211528603163151,"{""type"":""Point"",""coordinates"":[73.24305411675172,33.61672732841476]}"
3609,33.26007506000002,-8.159759501825209E-4,0.14668110023126507,-0.18813092688895686,"{""type"":""Point"",""coordinates"":[72.88459457915516,33.56415335097937]}"
3610,34.26839096000003,0.04231366459627329,0.057096946973754684,-0.08000437780453103,"{""type"":""Point"",""coordinates"":[73.08480280453122,33.63651605755454]}"
3611,30.532495100000006,-0.03790174506262222,0.21520580267412392,-0.23147770948830124,"{""type"":""Point"",""coordinates"":[73.25131667762905,33.70364820786652]}"
3612,35.31772310000002,-0.03930743320479797,0.19426249605940663,-0.21667915640723692,"{""type"":""Point"",""coordinates"":[73.14609551701518,33.51834667509295]}"
3613,32.28252134000002,-0.04767077768547511,0.1929275657583585,-0.21372519988155167,"{""type"":""Point"",""coordinates"":[73.18853618547443,33.59707256617529]}"
3614,30.81619076000004,-0.08674097487938778,0.21226292543517797,-0.22274633123689727,"{""type"":""Point"",""coordinates"":[72.98382400544314,33.505198344367535]}"
3615,29.155033040000035,-0.10932341912118201,0.267606665445889,-0.2601762178693658,"{""type"":""Point"",""coordinates"":[72.84487322878829,33.781108673057155]}"
3616,36.51744812000004,-0.02522183055791905,0.12738087281962174,-0.16033842344201404,"{""type"":""Point"",""coordinates"":[73.16239748902463,33.53247209279546]}"
3617,27.791243060000056,-0.019194044343744943,0.1882712555190762,-0.2,"{""type"":""Point"",""coordinates"":[73.17838502560527,33.78957859734383]}"
3618,31.766400320000002,-0.07346462505655704,0.04915514592933948,-0.057672454246832476,"{""type"":""Point"",""coordinates"":[73.10106607487191,33.52995739904721]}"
3619,30.976837700000033,-0.04273666256040936,0.20918647668583568,-0.21779548472775564,"{""type"":""Point"",""coordinates"":[72.86411862923727,33.63982220090514]}"
3620,34.38118562,-0.025401024180147183,0.12205440308754222,-0.13239204524175124,"{""type"":""Point"",""coordinates"":[73.06025829181254,33.66381312712688]}"
3621,29.32422502999998,-0.0919606012229284,0.2757825834491739,-0.26972785541662286,"{""type"":""Point"",""coordinates"":[73.25303520974923,33.655056273342176]}"
3622,29.004640160000008,-0.0627026604680236,0.1631248129302604,-0.16322428907419287,"{""type"":""Point"",""coordinates"":[72.8145309564997,33.56328559971666]}"
3623,27.449441060000026,-0.06018074083882287,0.22908951357574595,-0.2367547111523015,"{""type"":""Point"",""coordinates"":[73.2148277855485,33.73066835832525]}"
3624,28.77221480000003,-0.14681910179968274,0.3582326455249263,-0.35564177174264466,"{""type"":""Point"",""coordinates"":[73.03728458619987,33.77020844801848]}"
3625,27.141819260000034,-0.1198023878139152,0.2582530804491358,-0.2383080870788842,"{""type"":""Point"",""coordinates"":[73.18963396106534,33.717094689918895]}"
3626,23.882737190000057,-0.11407258768103298,0.21962750716332377,-0.20053589056550558,"{""type"":""Point"",""coordinates"":[73.01553535880356,33.79501157234721]}"
3627,33.53693468000006,0.03276532312278958,0.0964150818368564,-0.15339305008539264,"{""type"":""Point"",""coordinates"":[72.94935617132558,33.595113783774075]}"
3628,30.484642819999976,-0.04671537272258769,0.22544009085746736,-0.2395175186674325,"{""type"":""Point"",""coordinates"":[73.29134342931782,33.67505520612647]}"
3629,27.34690046000003,-0.05971001618071639,0.24609673748810834,-0.25268625649295856,"{""type"":""Point"",""coordinates"":[72.944103890052,33.76922743987367]}"
3630,27.924545840000008,-0.1034095166729112,0.29143065960168096,-0.27456991380243084,"{""type"":""Point"",""coordinates"":[73.0575074693501,33.68002725329336]}"
3631,24.15959681000004,-0.1158811514894601,0.25789004974043744,-0.2401122079701921,"{""type"":""Point"",""coordinates"":[72.97225287432201,33.741309718085645]}"
3632,31.578409220000026,-3.310959275200915E-4,0.1442244792563264,-0.1729371073621797,"{""type"":""Point"",""coordinates"":[72.85134496286263,33.62667858199745]}"
3633,29.777112680000016,0.045726304632251864,0.06814474269612932,-0.09554140127388536,"{""type"":""Point"",""coordinates"":[73.19073575833676,33.74183935593344]}"
3634,34.10774402000004,-0.0496584825549197,0.20029553530591424,-0.21886387995712756,"{""type"":""Point"",""coordinates"":[73.27255316308886,33.61080636779456]}"
3635,33.94709708000005,-0.0407640344747263,0.21905801302820505,-0.2301762114537445,"{""type"":""Point"",""coordinates"":[72.97309686732832,33.53312960343401]}"
3636,31.058870179999985,-0.06280415625411022,0.2265017265586461,-0.23663771664689903,"{""type"":""Point"",""coordinates"":[73.29596682212072,33.619739333322165]}"
3637,35.758647680000024,0.012808319066641304,0.1043410412824514,-0.11866355308065385,"{""type"":""Point"",""coordinates"":[73.05645318707352,33.544732922538664]}"
3638,30.40602836000005,-0.05297276684991579,0.2269865955713545,-0.2329674418604651,"{""type"":""Point"",""coordinates"":[73.2432236740133,33.669715635475896]}"
3639,26.010454640000034,-0.03249635509476754,0.21083627797408716,-0.22137053502989423,"{""type"":""Point"",""coordinates"":[73.01766775677054,33.77521543902261]}"
3640,30.153094880000026,-0.09471016788089959,0.29576861274772365,-0.2782415724400296,"{""type"":""Point"",""coordinates"":[73.05996037189706,33.68768447755622]}"
3641,24.694516940000028,-0.10372360271621521,0.2603638532657322,-0.24127223900637798,"{""type"":""Point"",""coordinates"":[73.28323424373069,33.705148631226415]}"
3642,31.24344326000005,-0.04514124842248325,0.13274646652404168,-0.18505200975985617,"{""type"":""Point"",""coordinates"":[73.24549169944163,33.77665423877777]}"
3643,24.426202370000055,-0.1279229711141678,0.3084257637672699,-0.2852664576802508,"{""type"":""Point"",""coordinates"":[73.20272877084,33.76188564055707]}"
3644,24.692807930000015,-0.14053116241825703,0.28216559144394193,-0.25978183043423325,"{""type"":""Point"",""coordinates"":[72.91211692488338,33.72972143043094]}"
3645,33.92317093999998,-0.02065491183879093,0.18410286382232613,-0.20645929662323104,"{""type"":""Point"",""coordinates"":[72.96510922180693,33.520877751709925]}"
3646,32.441459269999996,-0.038394441831889684,0.18519288039337906,-0.21241963194530544,"{""type"":""Point"",""coordinates"":[73.25340241348215,33.637142062443566]}"
3647,28.611567860000036,-0.06893328255375133,0.20771397277421375,-0.2112676056338028,"{""type"":""Point"",""coordinates"":[72.85002089315923,33.75909789214433]}"
3648,29.578867520000017,-0.09269855802243077,0.30095036958817317,-0.29328502251870914,"{""type"":""Point"",""coordinates"":[73.07913175711306,33.57406399671461]}"
3649,32.31841055000001,0.005233246862301129,0.18784579849236333,-0.20574336604870955,"{""type"":""Point"",""coordinates"":[72.8254746042965,33.719540656418204]}"
3650,30.009538040000052,-0.1371461545859648,0.29840038068743363,-0.28823839183569705,"{""type"":""Point"",""coordinates"":[73.00530384723338,33.695632384922895]}"
3651,31.42459832000003,-0.04190987986040335,0.16818449392291976,-0.17682352530784526,"{""type"":""Point"",""coordinates"":[73.18006899764035,33.5761602429449]}"
3652,34.11116204000001,-0.0013973268529769137,0.12113998095497211,-0.14636436345933165,"{""type"":""Point"",""coordinates"":[72.99311729749174,33.546686823429354]}"
3653,28.98755005999999,-0.06641318124207858,0.2408656859491944,-0.25101289818979294,"{""type"":""Point"",""coordinates"":[73.26103362946853,33.769786420638326]}"
3654,24.041675120000036,-0.1260157992213781,0.26503747425635366,-0.24692882405876568,"{""type"":""Point"",""coordinates"":[72.98489303059242,33.75372484621751]}"
3655,29.141360960000043,-0.05476938388330793,0.24418519333773572,-0.23796313195838656,"{""type"":""Point"",""coordinates"":[73.13124359544287,33.661868896900216]}"
3656,35.58091064000001,-0.035621819480403535,0.18278838964040514,-0.217719924417384,"{""type"":""Point"",""coordinates"":[72.8573819968538,33.51751441743961]}"
3657,33.06866594000002,-0.03168165878944961,0.18424921246062304,-0.19863960038261239,"{""type"":""Point"",""coordinates"":[72.92369619547561,33.58382085110989]}"
3658,35.85606125000004,-0.02006508428569225,0.14369704305723674,-0.16328971436611792,"{""type"":""Point"",""coordinates"":[73.15291921779688,33.53222374131407]}"
3659,31.809125569999992,-0.03689105865842553,0.18826991513824254,-0.20979654403567446,"{""type"":""Point"",""coordinates"":[73.0080156310294,33.637194302026934]}"
3660,33.36261566000002,-0.05508069040625722,0.20165382446908475,-0.20559619880835658,"{""type"":""Point"",""coordinates"":[73.06036243189891,33.69755605159373]}"
3661,24.53386999999998,-0.01796079623157575,0.2221695187360893,-0.24188046863413912,"{""type"":""Point"",""coordinates"":[73.10183178477297,33.78844181064748]}"
3662,33.81208529000003,-0.03435295512478511,0.19567600904543275,-0.21334445951114356,"{""type"":""Point"",""coordinates"":[73.20260498532659,33.503140519824626]}"
3663,36.86608616000001,0.03560411506374702,0.06884936674750741,-0.09592636723134573,"{""type"":""Point"",""coordinates"":[73.12951497756339,33.637636230067116]}"
3664,33.56427884000004,-0.02060003593029523,0.1966508100896979,-0.22624743677375256,"{""type"":""Point"",""coordinates"":[72.94417775260123,33.70991809870773]}"
3665,32.390188970000054,-0.04162311712265601,0.19238484006052714,-0.2128284057556017,"{""type"":""Point"",""coordinates"":[72.93378222312604,33.57648335833368]}"
3666,36.250842560000024,-0.0035183500151653017,0.1323066392881588,-0.16903399053070453,"{""type"":""Point"",""coordinates"":[72.87956242301335,33.54261864320245]}"
3667,36.56530040000001,-0.001451378809869376,0.1082777235018463,-0.12857263299890398,"{""type"":""Point"",""coordinates"":[73.10671588687505,33.52807259878344]}"
3668,32.16630866000003,-0.07831314833799587,0.19349193222685923,-0.19752228783142295,"{""type"":""Point"",""coordinates"":[73.06488383582928,33.67811466607948]}"
3669,27.34690046000003,-0.15542179774590792,0.3525541934788079,-0.3289064707544504,"{""type"":""Point"",""coordinates"":[73.0316533283581,33.73388054027721]}"
3670,23.988695810000024,-0.07569840793030941,0.1860982303397369,-0.17613663022568385,"{""type"":""Point"",""coordinates"":[73.09181261809141,33.79175437897338]}"
3671,33.06524792000005,0.003431207109911126,0.14428728282632564,-0.17482842080832864,"{""type"":""Point"",""coordinates"":[72.95022511318723,33.65030013813621]}"
3672,31.33060277000004,-0.042815742731606994,0.18653382498936322,-0.20351722649787815,"{""type"":""Point"",""coordinates"":[73.08805135677954,33.55164967542262]}"
3673,34.182940460000054,-0.023828933341694364,0.13987503054421058,-0.15577106855909106,"{""type"":""Point"",""coordinates"":[73.10566911490956,33.527181449385274]}"
3674,32.24834113999998,-0.08363809556209495,0.24779159729703262,-0.23320234615459068,"{""type"":""Point"",""coordinates"":[72.85060804152253,33.560004858117914]}"
3675,32.82940454000004,0.03169934640522876,0.08024353786138758,-0.10120043111457985,"{""type"":""Point"",""coordinates"":[73.11463807549067,33.60560604395751]}"
3676,31.602335359999984,0.011285506469642447,0.13646044178473996,-0.17132283578840432,"{""type"":""Point"",""coordinates"":[72.84471834263614,33.65264745423456]}"
3677,28.95336986000001,-0.0969125751503006,0.26937710620719646,-0.26219644015277077,"{""type"":""Point"",""coordinates"":[72.8458899618045,33.789604822219374]}"
3678,31.523720900000058,-0.0684398313331171,0.23905567098946764,-0.23511766596436096,"{""type"":""Point"",""coordinates"":[72.81797028761136,33.7174648528527]}"
3679,29.076418579999995,-0.06350587211831231,0.23120638802963817,-0.22807017543859648,"{""type"":""Point"",""coordinates"":[73.03533877381848,33.67564106525321]}"
3680,30.26247152000002,-0.09492729425336208,0.2888793596340766,-0.27439756907639035,"{""type"":""Point"",""coordinates"":[73.08198285533166,33.57503751759972]}"
3681,33.09259208000003,-0.034097192357314,0.17809273840769904,-0.2049538263297301,"{""type"":""Point"",""coordinates"":[72.98334150610731,33.51608784442845]}"
3682,35.76548372000002,-0.02704375270746952,0.1561128526645768,-0.17157883590413328,"{""type"":""Point"",""coordinates"":[72.82176612918431,33.74658743313846]}"
3683,30.952911560000018,-0.010853898873430008,0.1553926842388381,-0.1833207079402245,"{""type"":""Point"",""coordinates"":[72.84238729024781,33.776806649293434]}"
3684,31.802289530000053,-0.028979646852675563,0.19665592615170252,-0.21620760461658287,"{""type"":""Point"",""coordinates"":[72.91894992259824,33.71354430155755]}"
3685,36.67125901999998,0.011592469167449942,0.13851706036745406,-0.17101977458324896,"{""type"":""Point"",""coordinates"":[72.8020593580774,33.66991010176267]}"
3686,29.85230912000003,-0.01680552249464413,0.20712132629992464,-0.2210385898046689,"{""type"":""Point"",""coordinates"":[72.89679798154106,33.71815234055608]}"
3687,34.10603501000003,-0.027809911619082875,0.17939823008849556,-0.2034241132702449,"{""type"":""Point"",""coordinates"":[73.18463433407986,33.70452496630714]}"
3688,34.21370264000001,-0.0055296141558122385,0.12115088200034252,-0.15424218915297272,"{""type"":""Point"",""coordinates"":[73.21371879483463,33.52307185537855]}"
3689,29.811292879999996,-0.05514798886921326,0.19265136893273285,-0.20566555860673508,"{""type"":""Point"",""coordinates"":[73.1376300804767,33.63792875489003]}"
3690,34.165850360000036,0.024484264418009338,0.13219154141908424,-0.1676158892653738,"{""type"":""Point"",""coordinates"":[72.98917796354954,33.57029442159455]}"
3691,30.542749160000028,-0.0425158008324341,0.1816879259129827,-0.19937573156457278,"{""type"":""Point"",""coordinates"":[73.16975835514424,33.59071285037694]}"
3692,26.335166540000046,-0.18162922468039064,0.3796083906785014,-0.36675009880121195,"{""type"":""Point"",""coordinates"":[73.16622318889299,33.79613214305352]}"
3693,26.76071003000004,-0.1621594651232412,0.3396472392638037,-0.3092994060222226,"{""type"":""Point"",""coordinates"":[73.23661916118657,33.79548111433229]}"
3694,33.55231577000001,-0.025284032873956974,0.17070982559391373,-0.19353894559689752,"{""type"":""Point"",""coordinates"":[72.99979613802576,33.52099428136455]}"
3695,35.464697960000024,-0.015188103711235384,0.12164296998420221,-0.1548053637907977,"{""type"":""Point"",""coordinates"":[73.02042982264368,33.528370330798964]}"
3696,28.21678655000005,-0.03644488756743283,0.20376344086021506,-0.19587501797489676,"{""type"":""Point"",""coordinates"":[72.9383591319494,33.792930210951305]}"
3697,35.23910864000004,0.030433168117018357,0.06380641961312265,-0.08787565893157981,"{""type"":""Point"",""coordinates"":[73.07194736712277,33.64457467824302]}"
3698,29.46778187000001,-0.03373439273552781,0.2232529818403238,-0.23999709534529082,"{""type"":""Point"",""coordinates"":[73.26610309436258,33.72390966160487]}"
3699,34.256427890000055,-0.006497232086092201,0.13374438874430142,-0.15346886551037817,"{""type"":""Point"",""coordinates"":[73.09313529649768,33.58711009091702]}"
3700,31.120394540000007,-0.047752808988764044,0.23819710829153143,-0.242919026991003,"{""type"":""Point"",""coordinates"":[72.88102460112832,33.72899833816836]}"
3701,28.896972530000028,-0.10804783327565655,0.2250042509777249,-0.21562506591297378,"{""type"":""Point"",""coordinates"":[73.26167104114505,33.62367396772779]}"
3702,30.83328086000006,-0.07630033174057278,0.24197513521106975,-0.2461327037598224,"{""type"":""Point"",""coordinates"":[72.8404018226268,33.73447133973505]}"
3703,36.25426058000005,0.053067902917916555,0.07611255733234164,-0.14126076382041675,"{""type"":""Point"",""coordinates"":[72.80189380791964,33.609992872797704]}"
3704,28.40990468000001,-0.11237588929716207,0.26851274004600323,-0.27428397427860074,"{""type"":""Point"",""coordinates"":[72.84595956562082,33.788036349829284]}"
3705,33.86164658000001,0.00297388338430748,0.15788784496022523,-0.20091673032849502,"{""type"":""Point"",""coordinates"":[72.93700490105877,33.64667931287714]}"
3706,31.749310219999984,-0.04593214324286794,0.1743611953226505,-0.1829270420716492,"{""type"":""Point"",""coordinates"":[73.09147983721964,33.593022236836546]}"
3707,31.91679320000003,-0.07603612837102043,0.24434238305122413,-0.2345570131922243,"{""type"":""Point"",""coordinates"":[73.1294486964731,33.60892831434279]}"
3708,34.46492711000002,0.028948261649614507,0.08426428919489613,-0.10463897622593635,"{""type"":""Point"",""coordinates"":[73.13659870056276,33.574420117018136]}"
3709,29.209721360000003,-0.06887339945343446,0.2399373085417112,-0.2557267053858086,"{""type"":""Point"",""coordinates"":[73.28885763343725,33.69164984539158]}"
3710,33.16949753000006,0.012696402183419282,0.11943922037955206,-0.1425480307815799,"{""type"":""Point"",""coordinates"":[72.99257222579509,33.69687909418337]}"
3711,33.33868952,0.008388576455433724,0.1216859762598621,-0.14988341591372778,"{""type"":""Point"",""coordinates"":[73.25544879300422,33.509852762057186]}"
3712,31.80058052000004,-0.08549418804594539,0.20042595268882635,-0.21269402182265254,"{""type"":""Point"",""coordinates"":[73.22269135037219,33.56639545227011]}"
3713,36.40978049,0.05531176158557168,0.08458248557073454,-0.15005283550545967,"{""type"":""Point"",""coordinates"":[72.81057585767742,33.69244883581072]}"
3714,32.899473950000015,-0.01513869583610322,0.12147816797970357,-0.17524619125080898,"{""type"":""Point"",""coordinates"":[73.29793100936304,33.6708956877074]}"
3715,28.11937297999998,-0.11680747797950745,0.26122614697523344,-0.24785088776411987,"{""type"":""Point"",""coordinates"":[72.88838212355029,33.73110316519906]}"
3716,29.68824416000001,-0.049780592480671244,0.21997235401800724,-0.23471027507325834,"{""type"":""Point"",""coordinates"":[73.25848305771646,33.739818761736835]}"
3717,27.538309580000032,-0.04685586310669419,0.2299469637791391,-0.21738422723203385,"{""type"":""Point"",""coordinates"":[72.97319897769756,33.76126516508828]}"
3718,33.11822723,-0.013792795607731107,0.15844058690514648,-0.18879874378434966,"{""type"":""Point"",""coordinates"":[72.90949611978367,33.63952554974061]}"
3719,35.56382054000005,-0.010186109317207773,0.14384005584085358,-0.19363174415983073,"{""type"":""Point"",""coordinates"":[72.80486746870265,33.59018206789826]}"
3720,24.400567220000028,-0.16409272685892642,0.33856736952295496,-0.31772846049096465,"{""type"":""Point"",""coordinates"":[73.08297093303207,33.76379047982824]}"
3721,26.53170269000003,-0.0922240662636844,0.2867777638258561,-0.27192453633107555,"{""type"":""Point"",""coordinates"":[73.15107154148428,33.72569036107475]}"
3722,30.221455279999986,-0.043828504937792764,0.1752494205381437,-0.20533314959002275,"{""type"":""Point"",""coordinates"":[73.17266335010981,33.650726013334996]}"
3723,29.233647500000018,-0.06649234217407546,0.23521776752235363,-0.23539593249675464,"{""type"":""Point"",""coordinates"":[73.09860281972658,33.69105861168755]}"
3724,34.545250580000015,-9.636007584470486E-4,0.13347412882787751,-0.15064675194740226,"{""type"":""Point"",""coordinates"":[73.05774662376021,33.53432993083431]}"
3725,33.68390954000006,-0.015229914542442944,0.17433619315677032,-0.2063259832096701,"{""type"":""Point"",""coordinates"":[72.88956490330412,33.542230313144486]}"
3726,30.775174520000007,0.0194954128440367,0.1437034206000382,-0.1854223748060608,"{""type"":""Point"",""coordinates"":[73.17195522792326,33.66721746695669]}"
3727,33.12677228000001,-0.004976030098913769,0.1489125533317146,-0.19161030364081164,"{""type"":""Point"",""coordinates"":[72.8691579362504,33.51350762968448]}"
3728,36.08506858999999,-0.013864980751776158,0.14537258021744895,-0.17982991277111066,"{""type"":""Point"",""coordinates"":[72.92063373261963,33.5792665868962]}"
3729,34.95883100000003,-0.03956801610787394,0.16722614235801878,-0.19347156066124965,"{""type"":""Point"",""coordinates"":[73.26380730376356,33.529414450535306]}"
3730,35.14682210000001,0.004740681863343458,0.10774091627172196,-0.16711051930758988,"{""type"":""Point"",""coordinates"":[73.07477961454107,33.52362962930464]}"
3731,31.86210488000006,-0.06284454244762955,0.2164940800950154,-0.22618780396558175,"{""type"":""Point"",""coordinates"":[72.90703541443592,33.53738941313417]}"
3732,32.778134239999986,0.0012540596160648253,0.18676448112486627,-0.20457630405274385,"{""type"":""Point"",""coordinates"":[72.82855021599963,33.54592690112063]}"
3733,32.02787884999998,-0.09809368713478303,0.2927709484605842,-0.2623522502018941,"{""type"":""Point"",""coordinates"":[72.91142015599043,33.68962986564592]}"
3734,28.36205240000004,-0.09306675266043211,0.28603407064536934,-0.27199039327529273,"{""type"":""Point"",""coordinates"":[72.91618261781652,33.76807782043614]}"
3735,29.83863703999998,-0.07833072974782415,0.24876319870043564,-0.2552978289107441,"{""type"":""Point"",""coordinates"":[73.25395231963053,33.734897355004215]}"
3736,27.13498321999998,-0.0687295254776037,0.27367607267104754,-0.25528591565392966,"{""type"":""Point"",""coordinates"":[72.97182887687376,33.74462726632828]}"
3737,36.06456047000006,-0.043071754563894525,0.17491030469628546,-0.20249187036428076,"{""type"":""Point"",""coordinates"":[73.28062307893488,33.565308924015476]}"
3738,31.39041812000005,0.004963096744834255,0.13985501343976542,-0.1820654469278462,"{""type"":""Point"",""coordinates"":[73.23657852952162,33.595166253961516]}"
3739,30.83669888000003,-0.0961977563784374,0.2713874496257916,-0.2605022831050228,"{""type"":""Point"",""coordinates"":[72.87806731185594,33.70528220703782]}"
3740,29.41138454000003,0.004343769104540043,0.13401986293839557,-0.15080516196214067,"{""type"":""Point"",""coordinates"":[73.1160852324065,33.74842516086676]}"
3741,33.97273223000002,-0.006393291504356359,0.14531302876480542,-0.18015866097114464,"{""type"":""Point"",""coordinates"":[73.01182357741965,33.516573177936735]}"
3742,29.413093549999985,-0.05014158633906353,0.21575574945775453,-0.22482068390325272,"{""type"":""Point"",""coordinates"":[72.82422269194706,33.771819227134074]}"
3743,35.738139560000036,-0.09965683385905924,0.24232456140350878,-0.2334609926320496,"{""type"":""Point"",""coordinates"":[73.08533061302445,33.51539365283346]}"
3744,30.40602836000005,-0.08921484037963762,0.2370516863541611,-0.23513715444551178,"{""type"":""Point"",""coordinates"":[73.13875273923884,33.66602612373682]}"
3745,33.13873535000005,-0.039783459004446825,0.21226938549035929,-0.23014392793046415,"{""type"":""Point"",""coordinates"":[73.21434351404474,33.50322794954769]}"
3746,33.37457873000005,-0.0053544970440242345,0.16392663043478262,-0.20060965995690336,"{""type"":""Point"",""coordinates"":[72.89695207787268,33.75593934221922]}"
3747,32.65850354000003,-0.07006369426751592,0.23100209845539924,-0.24643839910829357,"{""type"":""Point"",""coordinates"":[73.11182110054497,33.671421384942626]}"
3748,26.57784595999999,-0.06685405819784712,0.26779275004744735,-0.26774462916571773,"{""type"":""Point"",""coordinates"":[73.19656543037156,33.79320625090978]}"
3749,30.42653647999998,-0.05173279758915118,0.20091760657618046,-0.2190010478519036,"{""type"":""Point"",""coordinates"":[73.27412576912766,33.735339132147516]}"
3750,31.42459832000003,-0.016109348303636806,0.11936184991821461,-0.11878527277613544,"{""type"":""Point"",""coordinates"":[72.83803490245978,33.706629302995395]}"
3751,33.04815782000003,-0.01708129984525652,0.15290942823410356,-0.18809747279869293,"{""type"":""Point"",""coordinates"":[72.95860771286895,33.66774323843832]}"
3752,34.41878384000006,-0.030734765580930586,0.1387617741849326,-0.18507949449653485,"{""type"":""Point"",""coordinates"":[72.82201429185253,33.59146477759882]}"
3753,22.930818620000025,-0.12022216222470783,0.2633318834275772,-0.2431090566683787,"{""type"":""Point"",""coordinates"":[72.9773091123224,33.78224239498316]}"
3754,34.056473719999985,-0.0497843734145104,0.1522344424335236,-0.1944294115524768,"{""type"":""Point"",""coordinates"":[73.23491571061038,33.696171995996345]}"
3755,31.773236360000055,-0.031485759519232326,0.19926372532446798,-0.21235711844453728,"{""type"":""Point"",""coordinates"":[72.85859153012476,33.64973848581129]}"
3756,32.02616984000002,-0.026371548717280046,0.17017876389043743,-0.1763870726695311,"{""type"":""Point"",""coordinates"":[73.0819857531116,33.60744415745447]}"
3757,31.00589087000003,-0.014862056202488398,0.16340551919969973,-0.18280461906026016,"{""type"":""Point"",""coordinates"":[73.0130467402436,33.65948068652038]}"
3758,34.07014579999998,0.021503454848701455,0.12993534186270464,-0.16706333700401407,"{""type"":""Point"",""coordinates"":[72.93157477178345,33.501369012195894]}"
3759,32.238087080000014,-0.04374889374004366,0.22281744660261285,-0.23670872802265022,"{""type"":""Point"",""coordinates"":[72.87339678937005,33.73790090610829]}"
3760,33.88728173000004,0.025431822964725688,0.05972645179461001,-0.08907702883606498,"{""type"":""Point"",""coordinates"":[73.07926400177499,33.631663389976914]}"
3761,35.93125769000005,0.03804434774261671,0.05537710845488214,-0.08422741944209026,"{""type"":""Point"",""coordinates"":[73.10595236178743,33.6309928321908]}"
3762,29.616465740000024,-0.016822651344627414,0.19527904466803606,-0.211005291005291,"{""type"":""Point"",""coordinates"":[72.94163019255022,33.79077226547783]}"
3763,32.648249480000004,-0.04561186650185414,0.18998382218470844,-0.2138910812943962,"{""type"":""Point"",""coordinates"":[73.26886840715464,33.6372721387535]}"
3764,28.68676430000005,-0.09512164534737898,0.2761215841005407,-0.26617609743719867,"{""type"":""Point"",""coordinates"":[73.13059342915278,33.66162840156943]}"
3765,29.930923580000012,-0.06353595789967653,0.22356978963808496,-0.22913922677616796,"{""type"":""Point"",""coordinates"":[73.23560802256482,33.61391056451802]}"
3766,33.11480921000003,-0.0746174428043171,0.2353337595686959,-0.24308815858111632,"{""type"":""Point"",""coordinates"":[72.96114959022412,33.67966730894951]}"
3767,34.60335692000001,-0.019263234052815627,0.1548458714029545,-0.18660068786411174,"{""type"":""Point"",""coordinates"":[73.2333375816279,33.55227231175623]}"
3768,26.74191092000001,-0.08593522030930843,0.24402473675413672,-0.23177492759619364,"{""type"":""Point"",""coordinates"":[73.25935482539667,33.749863289151804]}"
3769,32.89434692000003,-0.03230940633455356,0.16658872621317314,-0.17389415767755012,"{""type"":""Point"",""coordinates"":[73.05780528055517,33.569938836385845]}"
3770,34.24959185,0.02669370525183131,0.12063406343811052,-0.16266499678657945,"{""type"":""Point"",""coordinates"":[72.94390541998297,33.55591949492039]}"
3771,25.29096143000004,-0.07697711174852193,0.22419376303065253,-0.2074291214560728,"{""type"":""Point"",""coordinates"":[72.94770894519847,33.753102708302286]}"
3772,30.024919130000058,-0.08945111355556619,0.2446362874731359,-0.2536782241790497,"{""type"":""Point"",""coordinates"":[73.26959183268049,33.64151547430044]}"
3773,34.617029,0.04262445065268179,0.06315426622398809,-0.085667704164814,"{""type"":""Point"",""coordinates"":[73.0703525589485,33.652600180887944]}"
3774,31.38529109000001,-0.053257773558034655,0.18682090200929424,-0.20878522175874692,"{""type"":""Point"",""coordinates"":[73.161178217911,33.586927561301565]}"
3775,34.881925550000005,-0.010322360988594332,0.15450863883141458,-0.1919664049662224,"{""type"":""Point"",""coordinates"":[72.9278745733519,33.52618588234846]}"
3776,33.84455648000005,0.005153632334159717,0.12797274275979556,-0.15702652640408207,"{""type"":""Point"",""coordinates"":[72.893111158726,33.64246240528107]}"
3777,31.991989640000043,-0.054586522775756055,0.23270993766043271,-0.23547355654379065,"{""type"":""Point"",""coordinates"":[72.8167142862133,33.52007740981582]}"
3778,29.797620800000004,-0.1031119714115545,0.17162851381805241,-0.18935623695617274,"{""type"":""Point"",""coordinates"":[73.16716198624616,33.66768911106696]}"
3779,32.82940454000004,-0.04047764260263859,0.1864133816478167,-0.18941729047409364,"{""type"":""Point"",""coordinates"":[73.0798232357417,33.671090811187895]}"
3780,29.073000560000025,-0.06302755363849329,0.17423806785508913,-0.18849255841024362,"{""type"":""Point"",""coordinates"":[73.27508419234259,33.766520545535535]}"
3781,32.63457740000001,-0.08926314459049545,0.27197254815142796,-0.26131499030405037,"{""type"":""Point"",""coordinates"":[73.06857681493734,33.721192593092475]}"
3782,34.11458005999998,0.030601659751037343,0.0900342640519064,-0.10878754171301445,"{""type"":""Point"",""coordinates"":[73.08273927018118,33.539795426261826]}"
3783,22.242087589999983,-0.09573707023523965,0.22318786113590455,-0.20254012238771504,"{""type"":""Point"",""coordinates"":[73.08366711124164,33.77780187215779]}"
3784,27.823714250000023,-0.09255204532026552,0.2564850713457772,-0.24644634325251283,"{""type"":""Point"",""coordinates"":[73.20323410870084,33.75529594935617]}"
3785,29.729260400000044,-0.08386144096474497,0.22469410456062291,-0.24883028498511273,"{""type"":""Point"",""coordinates"":[73.1324499709165,33.680691426887705]}"
3786,34.61190197000002,-0.0017655417916660687,0.12453876025201012,-0.17695667571715265,"{""type"":""Point"",""coordinates"":[72.94377884116113,33.642091566043625]}"
3787,35.02035536000005,-0.029769839154003375,0.1872545336566374,-0.20353124459061797,"{""type"":""Point"",""coordinates"":[72.93649840086258,33.62475388581211]}"
3788,33.34381655000004,0.08203191549775683,0.09649301315967983,-0.12415459777109376,"{""type"":""Point"",""coordinates"":[72.85775079856903,33.56171465939942]}"
3789,36.94811864000002,0.02702144910444461,0.07332541915339957,-0.12523867975995637,"{""type"":""Point"",""coordinates"":[73.21907647948802,33.53604729627306]}"
3790,32.22441500000002,-0.01272055806319245,0.15149122492193948,-0.16550421389131068,"{""type"":""Point"",""coordinates"":[73.16936594606358,33.581369805503584]}"
3791,32.562798980000025,-0.00492638731596829,0.17748142250530785,-0.2015572105619499,"{""type"":""Point"",""coordinates"":[73.21094865679001,33.59968302545476]}"
3792,32.77642523000003,-0.050557362554078375,0.22035141777631048,-0.22111290559389224,"{""type"":""Point"",""coordinates"":[72.82981782637907,33.72586027928808]}"
3793,35.42880875000003,0.03970506671886725,0.06718393096697002,-0.09156313740033377,"{""type"":""Point"",""coordinates"":[72.99194345447737,33.61790884925282]}"
3794,34.96566704000003,-3.733897566743419E-4,0.1347192319909646,-0.16174026161740263,"{""type"":""Point"",""coordinates"":[73.00301621928264,33.545712049255194]}"
3795,34.35896849000005,0.025943912149450934,0.11556127135770715,-0.15172520821478455,"{""type"":""Point"",""coordinates"":[73.23507275853646,33.67256459099593]}"
3796,32.00907974000006,-0.03550003092337189,0.19313748196183927,-0.22044646924829156,"{""type"":""Point"",""coordinates"":[72.95343891505678,33.51085324646973]}"
3797,35.39975558000003,0.01730769230769231,0.02026554856743536,-0.057478400331108695,"{""type"":""Point"",""coordinates"":[73.06031524689442,33.558709614486766]}"
3798,22.978670899999997,-0.005383109619686801,0.18328053647097545,-0.17993107975057435,"{""type"":""Point"",""coordinates"":[73.0880550968021,33.78032416504129]}"
3799,35.79624590000003,-0.0022603978300180833,0.1116868355953734,-0.13715633976200245,"{""type"":""Point"",""coordinates"":[73.14558743400273,33.555542155133864]}"
3800,32.757626120000054,-0.038667911806138114,0.1900547676906895,-0.20513479761992212,"{""type"":""Point"",""coordinates"":[72.90949240949473,33.640072585585074]}"
3801,21.04065356000001,-0.10133606420729238,0.17049711450845398,-0.1607429718875502,"{""type"":""Point"",""coordinates"":[73.0460921450023,33.78566195603091]}"
3802,34.93490486000002,0.027552779675352135,0.10977465939042952,-0.12833094285498603,"{""type"":""Point"",""coordinates"":[73.07341974100973,33.71540793695361]}"
3803,32.579889080000044,0.013457706414069945,0.15307500168770674,-0.1791243118236888,"{""type"":""Point"",""coordinates"":[72.83777011540585,33.660549403389034]}"
3804,31.34256584000002,-0.02583326265795946,0.15080014461591157,-0.15955978219188588,"{""type"":""Point"",""coordinates"":[73.08346702523754,33.65982921739955]}"
3805,32.63286839,-0.04035022631149365,0.17358332635808152,-0.22411776004470133,"{""type"":""Point"",""coordinates"":[72.80921935862004,33.513408772037266]}"
3806,31.836469729999976,-0.061207594708899485,0.16914840884306534,-0.17939076344580676,"{""type"":""Point"",""coordinates"":[72.87785553435697,33.666955361188045]}"
3807,33.67194647000002,-0.006401264128734743,0.14554197408508607,-0.16580436691010292,"{""type"":""Point"",""coordinates"":[72.91236824729519,33.558377114189454]}"
3808,35.82188105,-0.006716304512991947,0.14622837370242214,-0.1744101536879797,"{""type"":""Point"",""coordinates"":[73.15939154968908,33.53450934724335]}"
3809,32.908019000000024,-0.04441385089635771,0.20061239936695796,-0.21406206512663511,"{""type"":""Point"",""coordinates"":[72.96722364221623,33.60968719697]}"
3810,28.14329912000005,-0.1270334427145151,0.2707628119341888,-0.26258774759977316,"{""type"":""Point"",""coordinates"":[72.88522058360887,33.741588769298275]}"
3811,30.60769154000002,-0.05986682808716707,0.238216470421838,-0.24863612052059192,"{""type"":""Point"",""coordinates"":[73.13004430786378,33.658163563097126]}"
3812,30.611109560000045,-0.0480660010761045,0.19612458636100025,-0.2182765809589993,"{""type"":""Point"",""coordinates"":[73.1120792012821,33.67869422144724]}"
3813,34.23762878000002,-0.05389832543064642,0.20929752066115703,-0.23589653352102763,"{""type"":""Point"",""coordinates"":[72.87811616830695,33.68754021991542]}"
3814,30.470970739999984,-0.057971014492753624,0.21767225185964384,-0.21666666666666667,"{""type"":""Point"",""coordinates"":[73.06245774126418,33.69372317365617]}"
3815,32.49443858000001,0.003451090458665674,0.15520733043391655,-0.17729056705914198,"{""type"":""Point"",""coordinates"":[72.91540397577148,33.61428903708731]}"
3816,24.756041299999993,-0.10046163992086173,0.2078367031800415,-0.18077177092178506,"{""type"":""Point"",""coordinates"":[72.93925066678266,33.74039278871428]}"
3817,35.41513667000004,-0.03790528723261133,0.16155380735498928,-0.18839296029576,"{""type"":""Point"",""coordinates"":[72.97497478013663,33.509347800563326]}"
3818,31.875776960000053,-0.10977147602497463,0.29796035828626927,-0.2921038495971352,"{""type"":""Point"",""coordinates"":[72.86456678959935,33.70532716658399]}"
3819,31.797162500000013,-0.02896863443363923,0.1463340199893187,-0.1685786505930391,"{""type"":""Point"",""coordinates"":[73.08423568751266,33.70715777908923]}"
3820,28.233876650000013,-0.1578215605819119,0.32679192492276604,-0.2992750727781266,"{""type"":""Point"",""coordinates"":[72.95305679144813,33.74919859440902]}"
3821,29.45923682,-0.1068042974510217,0.2570881684412011,-0.24877198542227857,"{""type"":""Point"",""coordinates"":[73.23648669658779,33.68837086868612]}"
3822,33.98982233000004,-0.039896175280555765,0.1912824459525642,-0.21523775537514497,"{""type"":""Point"",""coordinates"":[73.23108961477797,33.50564701425707]}"
3823,33.284001200000034,-0.11458397298127111,0.29322076164012684,-0.2913346613545817,"{""type"":""Point"",""coordinates"":[73.10468865066522,33.67221333049861]}"
3824,23.446939639999982,-0.07754090977330731,0.24490503859162258,-0.22430703624733475,"{""type"":""Point"",""coordinates"":[72.95533509137351,33.77236436825049]}"
3825,31.5749912,-0.024984040392316175,0.1688230038714801,-0.20476133631201077,"{""type"":""Point"",""coordinates"":[72.8346823215309,33.67320116836477]}"
3826,34.54183255999999,-0.05152228427254965,0.18776609609870537,-0.21770889007660787,"{""type"":""Point"",""coordinates"":[72.91332869215846,33.53014668431811]}"
3827,30.062517350000007,-0.07658107875236947,0.20320474548851183,-0.2248843227982119,"{""type"":""Point"",""coordinates"":[73.26044422816128,33.69404975829241]}"
3828,33.089174060000005,-0.025502199526255882,0.19006140225617593,-0.1996545271340147,"{""type"":""Point"",""coordinates"":[72.91762910728913,33.66914857259446]}"
3829,29.076418579999995,-0.07993454567908857,0.22742744850335123,-0.23257452956515612,"{""type"":""Point"",""coordinates"":[72.84665928157848,33.79503604037466]}"
3830,25.962602360000005,-0.15217034679615474,0.33099605821710126,-0.3051978220066529,"{""type"":""Point"",""coordinates"":[73.21111864283472,33.78280347806366]}"
3831,32.12016539000001,-0.032784687070497136,0.1657270422641795,-0.18421002056387292,"{""type"":""Point"",""coordinates"":[72.82129767134573,33.65284832482134]}"
3832,25.733595020000053,-0.18042535329508885,0.3206277149454076,-0.2930492758065752,"{""type"":""Point"",""coordinates"":[73.11492365686883,33.711219243233984]}"
3833,30.243672410000045,-0.06808377618005627,0.23363541177744881,-0.24184051755469943,"{""type"":""Point"",""coordinates"":[72.82408527795866,33.660042462964846]}"
3834,32.15605460000006,-0.09094312544847596,0.2750177754279776,-0.27269749413113503,"{""type"":""Point"",""coordinates"":[73.01920192419239,33.69093505913838]}"
3835,31.21268108000004,-0.0660377358490566,0.2235361162558769,-0.24789305434466724,"{""type"":""Point"",""coordinates"":[73.11437445706294,33.66050147380172]}"
3836,32.72344592000002,0.006500252292897213,0.1069149112073812,-0.15289498157269316,"{""type"":""Point"",""coordinates"":[73.0202883227102,33.51482689240488]}"
3837,36.54821030000005,-0.03230821853913368,0.17610798171963013,-0.1941297075644761,"{""type"":""Point"",""coordinates"":[72.92900900892535,33.56171603445197]}"
3838,33.31989041000003,-0.01936877845512771,0.1837978313468949,-0.21809530835054589,"{""type"":""Point"",""coordinates"":[72.90365590127549,33.50936509526641]}"
3839,32.39189798000001,-0.04261334802592469,0.20249502500041808,-0.22070382127760707,"{""type"":""Point"",""coordinates"":[72.92289023152127,33.602594736472845]}"
3840,30.82302679999998,-0.06661966866408178,0.23914823914823916,-0.24136645036175133,"{""type"":""Point"",""coordinates"":[73.02250586981974,33.67190069952853]}"
3841,31.889449040000045,-0.0492324971920629,0.1958608918284617,-0.20395231446675974,"{""type"":""Point"",""coordinates"":[73.08167651818017,33.62631014218452]}"
3842,27.40842482000005,-0.12828858150257663,0.24652198107957707,-0.220503793117901,"{""type"":""Point"",""coordinates"":[73.26916624908756,33.625548672618834]}"
3843,33.345525560000056,0.018309859154929577,0.1269199676637025,-0.16754179686241666,"{""type"":""Point"",""coordinates"":[72.80340514998684,33.675157610850896]}"
3844,34.398275720000015,-0.026424016383889175,0.13010320995801938,-0.155458089668616,"{""type"":""Point"",""coordinates"":[73.10908601623237,33.522190697739276]}"
3845,24.88934408,-0.1387503463563314,0.30784836310115754,-0.2796481531934768,"{""type"":""Point"",""coordinates"":[73.15279943222819,33.78489778072492]}"
3846,30.70339610000002,-0.07028626377690658,0.257054489852655,-0.262142358688067,"{""type"":""Point"",""coordinates"":[73.25919635667631,33.675276703750114]}"
3847,31.219517119999978,-0.07368762151652625,0.22285988448266317,-0.2270034069026811,"{""type"":""Point"",""coordinates"":[73.05960014390503,33.69945573920001]}"
3848,31.621134470000015,-0.05680832610581093,0.2126317285991008,-0.231230039154833,"{""type"":""Point"",""coordinates"":[72.82948814728628,33.631071109616904]}"
3849,27.517801459999987,-0.029582290156805902,0.21198254968492486,-0.21862206105977308,"{""type"":""Point"",""coordinates"":[72.9508077398666,33.752368042030966]}"
3850,34.43929195999999,-0.05995045417010735,0.1780902382613165,-0.20634562610428178,"{""type"":""Point"",""coordinates"":[72.95635364909681,33.5294597551084]}"
3851,31.417762280000034,-0.016359468709768583,0.1933343164724967,-0.20219878175605407,"{""type"":""Point"",""coordinates"":[72.87147735627924,33.7610016697762]}"
3852,25.41571915999998,-0.13444473322689637,0.2829190460194827,-0.26027058241214324,"{""type"":""Point"",""coordinates"":[73.27481411692122,33.79491249769905]}"
3853,31.412635249999994,-0.08665045843860736,0.263399042991483,-0.2570357162552159,"{""type"":""Point"",""coordinates"":[73.06207686664865,33.69582548428495]}"
3854,31.37332802000003,-0.04184635517354192,0.19920577864503097,-0.21928297946397493,"{""type"":""Point"",""coordinates"":[73.06543425248131,33.65722631749693]}"
3855,33.93855202999998,0.0071016711730788025,0.11646733456656716,-0.13596213335321083,"{""type"":""Point"",""coordinates"":[72.91227064323034,33.66034811929579]}"
3856,29.059328479999976,-0.01555506869894526,0.1928096165864059,-0.21097219630528083,"{""type"":""Point"",""coordinates"":[72.98000677081744,33.79831588478133]}"
3857,23.935716500000012,-0.09398996182059971,0.1937461966952207,-0.18338747099767982,"{""type"":""Point"",""coordinates"":[73.17977057050493,33.78419782086189]}"
3858,30.857207000000017,-0.0906322505800464,0.24011706995341936,-0.22651663405088063,"{""type"":""Point"",""coordinates"":[73.27058801054673,33.74778326487254]}"
3859,25.210637959999985,-0.08614095793116008,0.14345971336816374,-0.12337540026370314,"{""type"":""Point"",""coordinates"":[73.11541546905524,33.709124505931946]}"
3860,32.95928930000002,0.02176039119804401,0.09171526996145844,-0.1299466939668867,"{""type"":""Point"",""coordinates"":[73.01961009070979,33.645695251385455]}"
3861,24.253592360000027,-0.15442165433759247,0.25149796095049326,-0.2251215486863821,"{""type"":""Point"",""coordinates"":[73.19471047158626,33.77907361314116]}"
3862,33.01739564000002,-0.030738137612741696,0.17900765992685114,-0.20219540512964854,"{""type"":""Point"",""coordinates"":[72.90755960954833,33.681873024823936]}"
3863,28.057848620000016,-0.08480063427042384,0.27422296379651545,-0.25791993870905955,"{""type"":""Point"",""coordinates"":[72.91682103733385,33.76831924766964]}"
3864,34.189776499999994,-0.018331533054681506,0.16503984955672965,-0.18445010924981792,"{""type"":""Point"",""coordinates"":[72.97364428051462,33.56638760756496]}"
3865,30.7375763,-0.06146046159667045,0.24975053456878119,-0.25142296368989203,"{""type"":""Point"",""coordinates"":[73.12939123578563,33.65538736500127]}"
3866,32.22783302000005,-0.07799265605875152,0.2091822725026086,-0.21990137957781594,"{""type"":""Point"",""coordinates"":[73.2873682257794,33.57929709884558]}"
3867,29.30884394000003,-0.03993254231163043,0.19665938940291783,-0.2108206665614755,"{""type"":""Point"",""coordinates"":[72.84265041019033,33.76787608003333]}"
3868,33.07379297,0.026110963278339543,0.07343452119079044,-0.0973109716106062,"{""type"":""Point"",""coordinates"":[73.03453116544081,33.62262997658628]}"
3869,21.68836835000002,-0.13372986970947642,0.26274280048672766,-0.24159170470155536,"{""type"":""Point"",""coordinates"":[73.0968841469874,33.79575408390983]}"
3870,31.735638139999992,-0.04446898483583376,0.2346929028560512,-0.2604992848784293,"{""type"":""Point"",""coordinates"":[72.89676753718807,33.763391083045185]}"
3871,29.626719800000046,-0.030044760561653075,0.21577709426451963,-0.23105671991792467,"{""type"":""Point"",""coordinates"":[72.84222751197595,33.72434539108862]}"
3872,31.78349042000002,-0.03790177741995417,0.2172428820453225,-0.234366944096634,"{""type"":""Point"",""coordinates"":[72.83643024105315,33.54169453403027]}"
3873,29.876235260000044,-0.06120153500066164,0.23381668525712526,-0.23509933774834438,"{""type"":""Point"",""coordinates"":[72.99037845094463,33.714690800367364]}"
3874,32.12871044000002,-0.03758681331783362,0.22226123595505617,-0.2417950913242009,"{""type"":""Point"",""coordinates"":[73.28680236413915,33.662372585984414]}"
3875,33.888990740000054,-0.06989754036058496,0.20886293369975953,-0.235256950294861,"{""type"":""Point"",""coordinates"":[73.21655377169898,33.70684783434363]}"
3876,33.468574279999984,-0.02744176823222539,0.18178787612948505,-0.20435567793731113,"{""type"":""Point"",""coordinates"":[72.94958328372769,33.56566254748977]}"
3877,32.21586995000001,-0.04365746357006095,0.1687125601492684,-0.2013526700090851,"{""type"":""Point"",""coordinates"":[73.21342826083121,33.60511914527644]}"
3878,32.11162034000006,-0.04621969527581691,0.2058314619151051,-0.22802939412117576,"{""type"":""Point"",""coordinates"":[73.27704408322309,33.65214891754433]}"
3879,31.891158050000058,-0.02805585666007779,0.15477725254261568,-0.17735545940814576,"{""type"":""Point"",""coordinates"":[73.00097707910467,33.61308218066097]}"
3880,33.51129953000003,0.02515976740169267,0.10612444879960803,-0.13999091077409906,"{""type"":""Point"",""coordinates"":[72.94002647831012,33.6403997948287]}"
3881,33.59504102000005,0.02784961209468868,0.07163219062933997,-0.09500336096795878,"{""type"":""Point"",""coordinates"":[73.10006564916648,33.59723492558748]}"
3882,32.08427618000002,-0.06929697807375762,0.21035414592518845,-0.22428427564379225,"{""type"":""Point"",""coordinates"":[73.18654360856388,33.65169642082395]}"
3883,27.99974228000002,-0.0867075253692354,0.2657694558221182,-0.25132081292661296,"{""type"":""Point"",""coordinates"":[73.13702120737366,33.755727573729835]}"
3884,34.06330976000004,-0.052083990163314206,0.18699534023405542,-0.19404587254445915,"{""type"":""Point"",""coordinates"":[73.07918001339148,33.585792872016846]}"
3885,31.68778586000002,7.368361389786317E-4,0.14659209157127992,-0.18033006393733472,"{""type"":""Point"",""coordinates"":[73.21144036060461,33.58503011791258]}"
3886,31.91679320000003,-0.033425064160044524,0.16762157629960872,-0.19659160073037127,"{""type"":""Point"",""coordinates"":[73.19237088753998,33.70045375242726]}"
3887,33.99494936000002,-0.005515059216654592,0.1465807930941462,-0.17531367737029485,"{""type"":""Point"",""coordinates"":[72.98303817397243,33.63997819439744]}"
3888,27.871566529999996,-0.11485411140583554,0.2735640020453383,-0.26019901429829656,"{""type"":""Point"",""coordinates"":[72.86666679798185,33.78131882469412]}"
3889,32.69097472999999,-0.10350683263645248,0.2565351429248983,-0.2583945339617816,"{""type"":""Point"",""coordinates"":[72.92151581434881,33.670773081389186]}"
3890,27.23923282999999,-0.06765209553853087,0.18085212432960504,-0.19175821964666587,"{""type"":""Point"",""coordinates"":[73.23386525081378,33.77258846884098]}"
3891,31.77836338999998,-0.055155805721580686,0.22944557133198107,-0.2403901906613459,"{""type"":""Point"",""coordinates"":[72.82783427899399,33.74435242187602]}"
3892,32.50469264000003,-0.04713482473980141,0.1651635661752471,-0.18886247877758913,"{""type"":""Point"",""coordinates"":[73.14692856905937,33.58206881610003]}"
3893,29.83863703999998,-0.07915447154471544,0.22112235510579578,-0.23733174242141766,"{""type"":""Point"",""coordinates"":[73.12306617499917,33.6631225264877]}"
3894,26.646206360000008,-0.13787334021572745,0.2957152701771454,-0.2691681556482033,"{""type"":""Point"",""coordinates"":[73.06553808973077,33.74548227582907]}"
3895,24.250174340000058,-0.156292984869326,0.32614225710398137,-0.2998183153581507,"{""type"":""Point"",""coordinates"":[73.11857516578004,33.77900155184546]}"
3896,32.01249776000003,-0.009325441143622961,0.17195098229916359,-0.2005579356381389,"{""type"":""Point"",""coordinates"":[73.02157786808317,33.535822922352004]}"
3897,33.425849029999995,0.01287382587785144,0.14386883226849356,-0.1796084906409259,"{""type"":""Point"",""coordinates"":[72.92328742308321,33.64671199814431]}"
3898,33.793286179999996,-0.009999686530202815,0.11960525401348251,-0.133748548506281,"{""type"":""Point"",""coordinates"":[73.08956024404065,33.5331699870795]}"
3899,25.091007260000026,-0.13640434562517037,0.2696976288884055,-0.24324784868365,"{""type"":""Point"",""coordinates"":[73.29244309995097,33.74797758848303]}"
3900,33.60187705999999,-0.02333092042986803,0.16471259268648203,-0.20515426735302797,"{""type"":""Point"",""coordinates"":[72.88916209498929,33.59142664085643]}"
3901,32.97467039000003,8.857977100488829E-4,0.10001806032147373,-0.12179758725481167,"{""type"":""Point"",""coordinates"":[73.04189740223728,33.62395839805364]}"
3902,34.38460364000002,-0.02365818675926625,0.17621955450697385,-0.19880476678807596,"{""type"":""Point"",""coordinates"":[73.22371535387708,33.61965282962377]}"
3903,28.94140679000003,-0.06654261124729374,0.19498015316146106,-0.18868902803812868,"{""type"":""Point"",""coordinates"":[73.09078408661912,33.734638906457526]}"
3904,28.994386100000042,-0.06988972467684218,0.21713122585469197,-0.21794072411356363,"{""type"":""Point"",""coordinates"":[73.28225713469061,33.762175259957324]}"
3905,34.29573512000002,-0.009175453329600946,0.1273409541016643,-0.18264989976307636,"{""type"":""Point"",""coordinates"":[72.83191448088422,33.56589040467374]}"
3906,30.594019460000027,-0.06728081321473951,0.23950416881871173,-0.2483465854202274,"{""type"":""Point"",""coordinates"":[73.28898925453831,33.6683452600722]}"
3907,27.832259300000032,-0.05395956331013556,0.20099973691133913,-0.2170319730352484,"{""type"":""Point"",""coordinates"":[73.15738370665218,33.735030917960174]}"
3908,31.345983860000047,-0.005135592158827582,0.14085658432557313,-0.16225513270811456,"{""type"":""Point"",""coordinates"":[72.97941921170212,33.652351611882295]}"
3909,29.83180100000004,-0.12097560975609756,0.2755800614291529,-0.2680719567376669,"{""type"":""Point"",""coordinates"":[73.10914161255963,33.68111608963666]}"
3910,28.04588554999998,-0.08013280160304893,0.22851078091833316,-0.1993804807818158,"{""type"":""Point"",""coordinates"":[72.90671122752732,33.762654057249705]}"
3911,33.171206540000014,-0.02971410717075457,0.127009096505027,-0.183636820744891,"{""type"":""Point"",""coordinates"":[73.0009088554637,33.67277176569816]}"
3912,25.108097359999988,-0.027827116637063352,0.2016150740242261,-0.2105997210599721,"{""type"":""Point"",""coordinates"":[72.96851135651715,33.77758160484721]}"
3913,37.36853510000003,-0.02724250658647944,0.0914686872535944,-0.13217185077077442,"{""type"":""Point"",""coordinates"":[73.10991047594518,33.64471130659477]}"
3914,27.522928490000027,-0.03076824869937123,0.1431858407079646,-0.17097844413423013,"{""type"":""Point"",""coordinates"":[73.18505510540288,33.733623923850075]}"
3915,31.240025240000023,-0.047248251286788966,0.19512011446645078,-0.19764546071994565,"{""type"":""Point"",""coordinates"":[73.04914020092023,33.72367077063619]}"
3916,33.465156260000015,-0.03265993786419772,0.19297180508187062,-0.19838565022421525,"{""type"":""Point"",""coordinates"":[72.99916242200241,33.59989159390487]}"
3917,25.51484174000001,-0.050625,0.2302000325256139,-0.23005000203260295,"{""type"":""Point"",""coordinates"":[73.0067860288619,33.76873702143437]}"
3918,32.390188970000054,-0.07408358477242087,0.21445940550938192,-0.2372254677216594,"{""type"":""Point"",""coordinates"":[73.20843151151418,33.68739485954543]}"
3919,32.761044140000024,-0.04706344648308799,0.192714251282581,-0.2014845131975998,"{""type"":""Point"",""coordinates"":[72.81435317445646,33.735244914941674]}"
3920,33.38483279000002,0.0016148508081528143,0.0943564719577732,-0.15165550688885532,"{""type"":""Point"",""coordinates"":[73.20743441398676,33.71841498425873]}"
3921,25.764357200000006,-0.07364333245686779,0.21025991792065662,-0.1898325600161388,"{""type"":""Point"",""coordinates"":[72.92892199734057,33.765819677508304]}"
3922,23.768233520000024,-0.1866792165299628,0.38690413829229964,-0.36340697255265464,"{""type"":""Point"",""coordinates"":[73.12577865000134,33.77977930378907]}"
3923,30.173603000000014,0.03526170798898071,0.06558928933666915,-0.10179682584073271,"{""type"":""Point"",""coordinates"":[73.18331028690027,33.73885973745513]}"
3924,31.241734250000036,-0.06039141114016322,0.20898299878949936,-0.22343907121309078,"{""type"":""Point"",""coordinates"":[73.23584940554323,33.56208756951127]}"
3925,33.914625890000025,-0.032524454785273056,0.1748387337335471,-0.19973346025702046,"{""type"":""Point"",""coordinates"":[72.81322389599266,33.55815273392139]}"
3926,32.667048590000036,-0.056253116359185895,0.1941986401995285,-0.21491136600625652,"{""type"":""Point"",""coordinates"":[73.15568587060206,33.50271586711024]}"
3927,34.99984724000001,0.007256687535571998,0.08170542635658914,-0.11578442347673117,"{""type"":""Point"",""coordinates"":[72.96717985369297,33.69801102340196]}"
3928,32.814023450000036,-4.188709101909741E-4,0.15726001830482925,-0.17610797008936713,"{""type"":""Point"",""coordinates"":[72.94337300645911,33.68920024217268]}"
3929,32.520073730000036,-0.06937964947673686,0.22703269675925927,-0.23536587586257124,"{""type"":""Point"",""coordinates"":[72.81365616173541,33.57715404656619]}"
3930,32.916564050000034,-0.04735523018071495,0.1626246911320582,-0.19201321122954512,"{""type"":""Point"",""coordinates"":[72.83306552155112,33.59034952867793]}"
3931,29.77540367000006,-0.04236688025699926,0.2030698694308781,-0.21493709109209863,"{""type"":""Point"",""coordinates"":[73.2507143058244,33.659112240838674]}"
3932,31.322057720000032,-0.04264845982851699,0.19219317356572257,-0.20507973793837514,"{""type"":""Point"",""coordinates"":[72.86602151991303,33.673516259525734]}"
3933,36.380727320000005,0.007469919038602037,0.07840850181441161,-0.10657113885333377,"{""type"":""Point"",""coordinates"":[73.16081358215474,33.55848553015598]}"
3934,33.91291688000001,-0.029764549089293647,0.1292627476453394,-0.17257142857142857,"{""type"":""Point"",""coordinates"":[73.24792838855484,33.693858527592425]}"
3935,29.51905217000001,-0.06720466669689139,0.2268802446185653,-0.2324258289703316,"{""type"":""Point"",""coordinates"":[73.03976466311568,33.67412690142531]}"
3936,33.198550700000055,-0.0986172710670493,0.24337491695578356,-0.24955489614243323,"{""type"":""Point"",""coordinates"":[73.28526230300889,33.557126817748305]}"
3937,33.74885191999999,-0.05354567492098561,0.2025077052395629,-0.215147761458149,"{""type"":""Point"",""coordinates"":[73.07574091317957,33.60173068110529]}"
3938,28.825194109999984,-0.05072365751386446,0.2146778789352978,-0.23654886978669212,"{""type"":""Point"",""coordinates"":[73.22568199204028,33.74222363965817]}"
3939,31.797162500000013,-0.024286193131608617,0.15994340729493772,-0.18155295440964533,"{""type"":""Point"",""coordinates"":[73.05004648085672,33.50991865403917]}"
3940,27.58616186000006,-0.05461273446471864,0.2536260736021842,-0.24914985264112446,"{""type"":""Point"",""coordinates"":[73.13933771093171,33.75329480905916]}"
3941,26.065142960000003,-0.18084174319369178,0.3502532420548784,-0.3237300158236482,"{""type"":""Point"",""coordinates"":[73.20964837494547,33.77833005647982]}"
3942,33.37970575999998,0.028032016079824845,0.06959475471996208,-0.09048443603269843,"{""type"":""Point"",""coordinates"":[73.0752109327377,33.6062570255115]}"
3943,26.94015608000001,-0.0801972209771403,0.2438425170840473,-0.23204024457577554,"{""type"":""Point"",""coordinates"":[73.01981277986069,33.769028322244445]}"
3944,28.70385440000001,-0.06362238722972752,0.19662900673462627,-0.20113774888256805,"{""type"":""Point"",""coordinates"":[72.86720818322145,33.772309536703226]}"
3945,32.53545482000004,-0.0636088404480775,0.21531117030477048,-0.22848550547260202,"{""type"":""Point"",""coordinates"":[72.94170699782167,33.65290977161743]}"
3946,33.003723560000026,-0.016192744926574798,0.16884017758046616,-0.18624379598014715,"{""type"":""Point"",""coordinates"":[72.93025629082332,33.597418660126344]}"
3947,28.708981429999994,-0.037571948695481396,0.21654415020813036,-0.2333884060053157,"{""type"":""Point"",""coordinates"":[73.24006007855638,33.787155558269646]}"
3948,31.25711534000004,-0.05599093264248705,0.24038114075961886,-0.23856730477058644,"{""type"":""Point"",""coordinates"":[73.29358147049987,33.60405325208948]}"
3949,22.628323850000015,-0.08253944809590626,0.14915856590362706,-0.13495238341032853,"{""type"":""Point"",""coordinates"":[72.96341551226121,33.779023881329195]}"
3950,31.768109330000016,-0.015317866428204745,0.13312018333364134,-0.15491259795057263,"{""type"":""Point"",""coordinates"":[73.23169364157579,33.582842549730366]}"
3951,33.866773609999996,-0.0705724012350566,0.20291066948956535,-0.21055647067249159,"{""type"":""Point"",""coordinates"":[73.10428832630298,33.57297918545799]}"
3952,30.864043040000013,0.007605392121220934,0.1863569988178847,-0.2070679378106373,"{""type"":""Point"",""coordinates"":[72.8630182573173,33.71119465588313]}"
3953,32.899473950000015,-0.047755969496187024,0.17315229563269877,-0.20822446074279638,"{""type"":""Point"",""coordinates"":[73.16101413904464,33.5917343439463]}"
3954,29.664318019999996,-0.06180135279458882,0.2105690396947804,-0.20748147848265253,"{""type"":""Point"",""coordinates"":[73.16741141095191,33.707306837313126]}"
3955,36.88488527000004,0.006003940085681228,0.0768865926992462,-0.12948157623565362,"{""type"":""Point"",""coordinates"":[73.28823000674504,33.53993973602521]}"
3956,33.50788151000006,-0.011569660343211711,0.16358431999405215,-0.1830895415202026,"{""type"":""Point"",""coordinates"":[72.97372951093814,33.682495228034064]}"
3957,30.060808339999994,-0.040144987005881545,0.19356484206395919,-0.20029989740351986,"{""type"":""Point"",""coordinates"":[72.87068459851355,33.764742051861]}"
3958,32.20390687999998,-0.017240298413892546,0.16973651011065854,-0.18771730776269077,"{""type"":""Point"",""coordinates"":[72.83060779837818,33.61889633393632]}"
3959,34.35725948000004,0.014699397324709687,0.09535092736334667,-0.13041131929102653,"{""type"":""Point"",""coordinates"":[73.09868916183615,33.569656747807805]}"
3960,22.71206533999998,-0.15684135284601783,0.29818043652636467,-0.2709237445753255,"{""type"":""Point"",""coordinates"":[73.19530403164984,33.78228900635757]}"
3961,34.91439674000003,0.04471439648487981,0.06298533218291631,-0.09111037307649729,"{""type"":""Point"",""coordinates"":[73.01779592116509,33.575229611731]}"
3962,29.92921457,-0.1052945283629366,0.23026764728182578,-0.22324205130138147,"{""type"":""Point"",""coordinates"":[73.14695342297682,33.64513049309328]}"
3963,31.29471355999999,-0.061155977830562154,0.18441797164975784,-0.22004151039580527,"{""type"":""Point"",""coordinates"":[73.26016139305639,33.565612325151086]}"
3964,35.97740096000001,-0.030084073336259582,0.09312408183740012,-0.15072420036210019,"{""type"":""Point"",""coordinates"":[72.91504279593451,33.518757674574815]}"
3965,27.504129379999995,-0.08971470280219605,0.2723432636727434,-0.2584475555229788,"{""type"":""Point"",""coordinates"":[72.8375979701263,33.72884229088775]}"
3966,23.057285360000037,-0.12180272781182051,0.25732769125108007,-0.23923486767403265,"{""type"":""Point"",""coordinates"":[72.99621403809523,33.78002460857638]}"
3967,32.562798980000025,-0.020735766251362257,0.1788016395394323,-0.21078191600866467,"{""type"":""Point"",""coordinates"":[72.93394738030986,33.50530741679671]}"
3968,34.41194780000001,-0.011376460182389362,0.15214898717904174,-0.18483581662914925,"{""type"":""Point"",""coordinates"":[72.90308522374266,33.569662807886125]}"
3969,30.922149380000008,-0.0634120298967849,0.24088045961099191,-0.2551284744101379,"{""type"":""Point"",""coordinates"":[73.20859607362335,33.621753831649066]}"
3970,26.943574099999978,-0.10119319293212492,0.2870261002095637,-0.2644779695279452,"{""type"":""Point"",""coordinates"":[73.14278421302572,33.69068759226585]}"
3971,30.53933114000006,-0.09941039352804058,0.28037047387121244,-0.2537430123920097,"{""type"":""Point"",""coordinates"":[72.88042707560395,33.70536014919988]}"
3972,24.492853760000003,-0.16761349096678438,0.3356882184188443,-0.30308626696875657,"{""type"":""Point"",""coordinates"":[73.11486611151354,33.77377336230971]}"
3973,32.48760254000001,-0.034212549529836184,0.19503194724433662,-0.22311592935827942,"{""type"":""Point"",""coordinates"":[73.24704681765184,33.63529095063371]}"
3974,23.337563000000046,-0.10735036751837591,0.2873914016561883,-0.2666453136885935,"{""type"":""Point"",""coordinates"":[73.03285717123536,33.76678660320623]}"
3975,32.540581850000024,-0.05039872920109751,0.201372703749243,-0.2034044743469549,"{""type"":""Point"",""coordinates"":[72.82072957243469,33.731552086245095]}"
3976,29.125979870000037,-0.07314924136958782,0.23572979444410624,-0.2329527048914804,"{""type"":""Point"",""coordinates"":[73.29624603154554,33.75159506710237]}"
3977,22.26772274000001,-0.11249954059318608,0.27003440463203826,-0.25300107624803375,"{""type"":""Point"",""coordinates"":[73.10629356360782,33.78494987011583]}"
3978,25.948930280000013,-0.12121656284353242,0.2693632026550508,-0.2522201759770821,"{""type"":""Point"",""coordinates"":[73.0379945148502,33.738743935482645]}"
3979,28.507318250000026,-0.1446051167964405,0.31526315789473686,-0.29481865284974096,"{""type"":""Point"",""coordinates"":[73.10891222683556,33.702624951926765]}"
3980,27.572489780000012,-0.11527203152851138,0.2821235876901096,-0.2710600864768153,"{""type"":""Point"",""coordinates"":[73.07124664364638,33.738495569915955]}"
3981,33.71125370000004,-0.03822334687354332,0.15245592637764718,-0.18279406744300725,"{""type"":""Point"",""coordinates"":[73.20448510942451,33.52347170819247]}"
3982,33.15411644000005,-0.002877228368878474,0.15487088400054652,-0.18677384253571555,"{""type"":""Point"",""coordinates"":[73.22255668867865,33.699745464555065]}"
3983,31.732220120000022,0.0026626964812322845,0.13795694358237234,-0.18257740358500815,"{""type"":""Point"",""coordinates"":[72.80599533767743,33.62470434220495]}"
3984,32.19365282000001,-0.06453639991202438,0.21040315810156654,-0.22537478073744552,"{""type"":""Point"",""coordinates"":[73.2739861859409,33.662858928936636]}"
3985,31.48099565000001,-0.08938436600615303,0.231986531986532,-0.22961745981367734,"{""type"":""Point"",""coordinates"":[73.14145948462246,33.544584433413725]}"
3986,35.78599184000001,-0.009491972459478939,0.18228511906899897,-0.20441281399220623,"{""type"":""Point"",""coordinates"":[72.97915738167097,33.50811480779658]}"
3987,33.81208529000003,0.004350924002850083,0.11104344295574503,-0.14288697468024014,"{""type"":""Point"",""coordinates"":[73.21630190752978,33.691785470970764]}"
3988,34.251300860000015,-0.06809196075560112,0.18404285540359563,-0.18563068920676204,"{""type"":""Point"",""coordinates"":[72.95989359398335,33.62531267175007]}"
3989,31.80741655999998,-0.006874701099952176,0.15106782846403555,-0.1827118882100976,"{""type"":""Point"",""coordinates"":[72.97368527124377,33.67129755820044]}"
3990,30.498314900000025,-0.05734992655722887,0.1684771944845793,-0.20466373650624345,"{""type"":""Point"",""coordinates"":[73.21329195647537,33.7085870208927]}"
3991,26.26680614000003,-0.11697337692666979,0.2591828138163437,-0.240399178406191,"{""type"":""Point"",""coordinates"":[72.92081756354493,33.73168455581672]}"
3992,29.368659289999982,-0.04988723788806961,0.22960493040855703,-0.23059617547806524,"{""type"":""Point"",""coordinates"":[72.9247717319574,33.76166025768097]}"
3993,26.041216820000045,-0.14073660268943777,0.2574444688805806,-0.22953851447249582,"{""type"":""Point"",""coordinates"":[73.16004623499754,33.7624537192604]}"
3994,28.14671714000002,-0.08422296922906432,0.2300052383446831,-0.21747967479674796,"{""type"":""Point"",""coordinates"":[72.85146891519716,33.72125133427394]}"
3995,31.52030288000003,-0.05716015527618505,0.17018173217171917,-0.17873168407258866,"{""type"":""Point"",""coordinates"":[72.80516120370433,33.57165574153443]}"
3996,34.44441899000003,0.013280683623575141,0.09569566483394139,-0.11741894913359419,"{""type"":""Point"",""coordinates"":[73.03730139507186,33.652301485655215]}"
3997,29.989029920000007,-0.09641734758013827,0.24528840662478585,-0.2474702327743412,"{""type"":""Point"",""coordinates"":[73.17335970052477,33.65450881847368]}"
3998,33.906080840000016,-0.019985100249408867,0.17276823954415105,-0.19579251158198527,"{""type"":""Point"",""coordinates"":[72.8429837191714,33.56694580961212]}"
3999,27.90403772000002,-0.061606902129954164,0.2469815130042358,-0.23952307873922796,"{""type"":""Point"",""coordinates"":[73.27505305497247,33.73233224097674]}"
4000,33.49079141000004,-0.044647550078841323,0.21685742954812157,-0.2340887923005278,"{""type"":""Point"",""coordinates"":[72.9349735732756,33.68734246501119]}"
4001,28.372306460000004,-0.16739627572688665,0.3351267537222814,-0.31403986173420606,"{""type"":""Point"",""coordinates"":[73.07629388809914,33.69328947644982]}"
4002,34.7195696,-0.041741278172275395,0.19788412382845783,-0.21772709228048648,"{""type"":""Point"",""coordinates"":[72.81502364641062,33.708147550468844]}"
4003,29.435310680000043,-0.0903718672974173,0.2681754242267766,-0.266529146068215,"{""type"":""Point"",""coordinates"":[73.28166989258864,33.63698518982763]}"
4004,33.75226994000002,-0.031277700392554134,0.1820243473212504,-0.20482284192617797,"{""type"":""Point"",""coordinates"":[72.93711691178794,33.583511016984595]}"
4005,28.744870640000045,-0.056192489800780204,0.23465729105023148,-0.2363788475616133,"{""type"":""Point"",""coordinates"":[72.8430462405418,33.76555059792845]}"
4006,35.85093422,0.04266309546585039,0.07589765641797463,-0.0995385629531971,"{""type"":""Point"",""coordinates"":[72.98249421120275,33.62187652501291]}"
4007,28.98413204000002,0.03764299865788969,0.09944509345794393,-0.12067874818591151,"{""type"":""Point"",""coordinates"":[73.17743976590737,33.73559863382332]}"
4008,32.25346817000002,-0.07310369130473086,0.22454560077207655,-0.22356155576984893,"{""type"":""Point"",""coordinates"":[72.90709963986862,33.705508255466015]}"
4009,36.514030100000014,-0.02178410612145552,0.1509647349120943,-0.1745121354130237,"{""type"":""Point"",""coordinates"":[73.16307431465033,33.52851841300224]}"
4010,26.964082220000023,-0.10870929776382895,0.23851261038192695,-0.21505653725439614,"{""type"":""Point"",""coordinates"":[72.9341444533244,33.73066194189311]}"
4011,32.808896419999996,-0.057148293796777876,0.1896927085192191,-0.21928380701561873,"{""type"":""Point"",""coordinates"":[73.29027348473858,33.65277840964295]}"
4012,25.323432620000005,-0.1568921985362268,0.33922823633874727,-0.32380046811000585,"{""type"":""Point"",""coordinates"":[73.03071532114039,33.74584084574408]}"
4013,25.600292240000044,-0.08907889623008161,0.22820012710657228,-0.21861274190041313,"{""type"":""Point"",""coordinates"":[73.2596084186849,33.75442769723313]}"
4014,32.42949620000002,-0.005420707101126302,0.14641851521186733,-0.17556338028169013,"{""type"":""Point"",""coordinates"":[73.00242346335904,33.66630414905081]}"
4015,34.50765236000001,-0.03906655670606921,0.17141873278236916,-0.1979012606521586,"{""type"":""Point"",""coordinates"":[72.81713117637479,33.59283736616831]}"
4016,32.69439275000002,-0.04856584603360688,0.16879813220894171,-0.2088371506316112,"{""type"":""Point"",""coordinates"":[73.09698823534289,33.55756419664993]}"
4017,29.98219388000001,-0.11213786213786214,0.3034283414437818,-0.29405354353590757,"{""type"":""Point"",""coordinates"":[73.21939124060705,33.75788420938977]}"
4018,31.11014048000004,-0.07264000987669562,0.23559632375162212,-0.2471023073886676,"{""type"":""Point"",""coordinates"":[72.90323465087032,33.540107443575245]}"
4019,31.650187640000013,-0.07323278211884426,0.23362924281984335,-0.24625448406836886,"{""type"":""Point"",""coordinates"":[72.86432643483553,33.52890226009015]}"
4020,34.36580452999999,-0.08900647074683203,0.2148429422711807,-0.20413638904415876,"{""type"":""Point"",""coordinates"":[73.08139392809727,33.50291198769047]}"
4021,31.920211220000056,-0.06340162443932598,0.23332161687170475,-0.23815236952609478,"{""type"":""Point"",""coordinates"":[73.08931047351669,33.57639516634367]}"
4022,31.16482880000001,-0.01878380695546445,0.1625044468160797,-0.1695358075945743,"{""type"":""Point"",""coordinates"":[72.86941211440266,33.661782206682055]}"
4023,32.415824120000025,0.012625564464104691,0.11137235918536703,-0.13700520004244932,"{""type"":""Point"",""coordinates"":[73.0036633134989,33.67363664082081]}"
4024,33.98982233000004,0.01317208217980475,0.14016835016835016,-0.16551937771047015,"{""type"":""Point"",""coordinates"":[73.23450843924985,33.66336950434638]}"
4025,31.176791869999988,-0.07771513453293272,0.21699515840036598,-0.22223711162585907,"{""type"":""Point"",""coordinates"":[73.24619399295239,33.628549744211824]}"
4026,35.04428150000001,0.009803786385008893,0.12401195824007262,-0.18197379682665085,"{""type"":""Point"",""coordinates"":[73.14892478814521,33.50406594093226]}"
4027,34.32307928,0.03287510805007947,0.12654280888657918,-0.16217665192333466,"{""type"":""Point"",""coordinates"":[72.95424525516779,33.61104926232225]}"
4028,31.47586862000003,-0.03320714617785747,0.12422315363491834,-0.15160263528018358,"{""type"":""Point"",""coordinates"":[73.13814452619592,33.54743781603003]}"
4029,25.778029280000055,-0.09462453836684448,0.20433408577878104,-0.1943051575931232,"{""type"":""Point"",""coordinates"":[72.97062103342004,33.76768592584871]}"
4030,31.78861745000006,-0.017528434069830106,0.14763275751759436,-0.18241294639178657,"{""type"":""Point"",""coordinates"":[73.18410344627245,33.60574311758429]}"
4031,33.66169241,-0.04096466663606176,0.1531003152863003,-0.18518389462863913,"{""type"":""Point"",""coordinates"":[72.99118004516433,33.69577842207181]}"
4032,36.21495335000003,-0.006578947368421052,0.07631136259366876,-0.13675029611284592,"{""type"":""Point"",""coordinates"":[72.98117218359205,33.51093162841482]}"
4033,33.97444124000003,-0.03154504404938584,0.1741365057686087,-0.1809702841443135,"{""type"":""Point"",""coordinates"":[73.03838077298005,33.592314214214504]}"
4034,28.14671714000002,-0.20163566203997005,0.3900066622251832,-0.37064774668243333,"{""type"":""Point"",""coordinates"":[73.00046966002546,33.746698037200915]}"
4035,32.45342234000003,-0.029718405924193704,0.167777818704188,-0.1885285848172446,"{""type"":""Point"",""coordinates"":[73.25328179938582,33.62276410656082]}"
4036,24.291190580000034,-0.1301288277226997,0.2924656816514723,-0.27275353943946834,"{""type"":""Point"",""coordinates"":[73.01002712924475,33.78791014808502]}"
4037,31.556192090000025,-0.01062477759137817,0.14095500459136823,-0.15204079661573527,"{""type"":""Point"",""coordinates"":[73.0558468782553,33.57639209540157]}"
4038,32.89605592999999,-0.05831426627914167,0.21090336617550812,-0.22299639118162004,"{""type"":""Point"",""coordinates"":[72.92180141575176,33.70842927582944]}"
4039,26.242880000000014,-0.15552775605942143,0.32791834387579066,-0.3167967497059767,"{""type"":""Point"",""coordinates"":[73.1514217973966,33.790018346803784]}"
4040,31.39041812000005,-0.017348241816426326,0.13899156147569566,-0.16134537438668847,"{""type"":""Point"",""coordinates"":[73.16045764943777,33.57758478971819]}"
4041,34.94174090000001,0.02530483138615377,0.1083715263676974,-0.16405178979436405,"{""type"":""Point"",""coordinates"":[72.83886856915746,33.607060989954505]}"
4042,31.00589087000003,-0.09419920638596817,0.23856129190115,-0.2467760947203603,"{""type"":""Point"",""coordinates"":[73.14120974710424,33.66863314641119]}"
4043,32.942199200000005,-8.091827254472982E-4,0.13088827931863592,-0.16262228875813808,"{""type"":""Point"",""coordinates"":[72.95054735381976,33.64136400065652]}"
4044,23.932298479999986,-0.12454163905456152,0.21330854664187998,-0.18308157099697886,"{""type"":""Point"",""coordinates"":[72.90942549549196,33.75112822384788]}"
4045,31.199009000000046,-0.03893180850416692,0.2052716077697994,-0.21039669743626088,"{""type"":""Point"",""coordinates"":[73.01419222580486,33.70277525387551]}"
4046,32.005661720000035,-0.0613464797411801,0.20757230499561788,-0.23074174646276976,"{""type"":""Point"",""coordinates"":[73.26462686183913,33.68622807428753]}"
4047,28.121081989999993,-0.06993693950629021,0.25269914295254703,-0.24342638285335494,"{""type"":""Point"",""coordinates"":[73.14080280237623,33.71877769959224]}"
4048,23.551189249999993,-0.11880684905098232,0.29638730377921735,-0.27167330677290835,"{""type"":""Point"",""coordinates"":[73.03113207958042,33.76476764174493]}"
4049,23.583660440000017,-0.16312056737588654,0.3457265267591315,-0.326604388131286,"{""type"":""Point"",""coordinates"":[73.09158974907722,33.77454506981122]}"
4050,31.578409220000026,-0.05990161088067908,0.21503870254330998,-0.223517185064212,"{""type"":""Point"",""coordinates"":[72.85538027403824,33.76991637795505]}"
4051,33.14386238000003,0.037203572528487834,0.08703362425675441,-0.11530503032465216,"{""type"":""Point"",""coordinates"":[72.89742040620526,33.63843991411432]}"
4052,28.789304900000047,-0.04123281965847563,0.2718762718762719,-0.2754668208564335,"{""type"":""Point"",""coordinates"":[73.12496326783179,33.745052314644774]}"
4053,36.09361364000006,-0.0033353186420488385,0.1319715092057519,-0.19272160860945908,"{""type"":""Point"",""coordinates"":[72.83119580906497,33.52766819039293]}"
4054,29.09692670000004,-0.03565456282847587,0.22503620500865387,-0.23617051611063586,"{""type"":""Point"",""coordinates"":[72.864016965231,33.78472076838683]}"
4055,33.32843546000004,-0.010730052919334562,0.19768569844789358,-0.2231539468563139,"{""type"":""Point"",""coordinates"":[72.99300446522771,33.72578030433016]}"
4056,25.27387133000002,-0.14099286330483884,0.33809138400412037,-0.3175158024378317,"{""type"":""Point"",""coordinates"":[73.14686422719824,33.77556458875514]}"
4057,33.65314736000005,-0.02842043629047998,0.17847434882840726,-0.1947118738663318,"{""type"":""Point"",""coordinates"":[72.99014907677163,33.54607695626457]}"
4058,30.831571850000046,-0.08167763316655674,0.2486257614024662,-0.25055333395331536,"{""type"":""Point"",""coordinates"":[73.27684881987875,33.599469490815835]}"
4059,36.15684700999998,-0.007494165567425747,0.1483139755811456,-0.1824832420293307,"{""type"":""Point"",""coordinates"":[72.80059102353978,33.669788767097884]}"
4060,34.79134801999999,0.03707230368818638,0.05895493734510803,-0.08676028084252758,"{""type"":""Point"",""coordinates"":[73.02989733832605,33.6256162985387]}"
4061,27.251195900000027,-0.11215388711395101,0.28704024648565374,-0.27175857213532745,"{""type"":""Point"",""coordinates"":[73.09367810358238,33.676897426418954]}"
4062,30.26588953999999,-0.0744381102155822,0.23489983431239644,-0.22745817269903057,"{""type"":""Point"",""coordinates"":[73.00268111142992,33.68100462492187]}"
4063,31.14090266000005,-0.04054875401580273,0.2276592112002732,-0.2391686485368628,"{""type"":""Point"",""coordinates"":[72.98444258266893,33.72392419022045]}"
4064,31.73392912999998,-0.005279394459816175,0.11809129658124193,-0.1369939389579324,"{""type"":""Point"",""coordinates"":[73.28157448860804,33.57637311601155]}"
4065,31.581827240000052,-0.034284625419579905,0.21163521472603328,-0.22720790288357856,"{""type"":""Point"",""coordinates"":[72.9121875812288,33.53972155079027]}"
4066,31.781781410000008,-0.046103643850516664,0.19126572647001575,-0.21268125731784202,"{""type"":""Point"",""coordinates"":[73.21904432233504,33.62462246429066]}"
4067,26.899139840000032,-0.08436921449352024,0.2610642151669458,-0.28254144798581904,"{""type"":""Point"",""coordinates"":[73.05066439423852,33.78114397259594]}"
4068,30.447044600000027,-0.08170151042159367,0.23586842958532983,-0.24470246734397677,"{""type"":""Point"",""coordinates"":[72.81259677793759,33.51279011749583]}"
4069,33.03961277000002,-0.00265017667844523,0.1641025641025641,-0.1944767019886776,"{""type"":""Point"",""coordinates"":[72.8487884129424,33.6119866902015]}"
4070,31.25027929999999,-0.07753164556962025,0.2622798887859129,-0.27153279623802773,"{""type"":""Point"",""coordinates"":[73.2294407881332,33.643471286767365]}"
4071,25.781447300000025,-0.11652753381743114,0.2793177857083575,-0.25471602124498893,"{""type"":""Point"",""coordinates"":[72.98416932848403,33.79237682152635]}"
4072,29.920669520000047,-0.09087243742827901,0.26407906558849953,-0.2600035823034211,"{""type"":""Point"",""coordinates"":[73.1582609793794,33.69685515232494]}"
4073,31.60575338000001,-0.05873182526804747,0.195788490216864,-0.20919331395348836,"{""type"":""Point"",""coordinates"":[73.19078719444202,33.61018477693758]}"
4074,32.52690977000003,-0.05139872464511167,0.19184874407453822,-0.2072410177162095,"{""type"":""Point"",""coordinates"":[73.2015726671107,33.55434695324724]}"
4075,28.16722526000001,-0.13405819109518313,0.32446572670036355,-0.3072170001225297,"{""type"":""Point"",""coordinates"":[72.83748594277729,33.738295778022845]}"
4076,31.03152602,-0.059341565328186775,0.19622529727899793,-0.18755645178230093,"{""type"":""Point"",""coordinates"":[73.26432966030775,33.616056238554066]}"
4077,32.24150510000004,-0.0613219246031746,0.21963732231287186,-0.22386672386672388,"{""type"":""Point"",""coordinates"":[72.98853309989329,33.646958482070296]}"
4078,33.64972934000002,0.024514162326940175,0.061469887011506165,-0.08878256246677299,"{""type"":""Point"",""coordinates"":[73.1111811207969,33.620084982033056]}"
4079,32.450004320000005,-0.03487086393266771,0.18111956603631432,-0.18664017409404862,"{""type"":""Point"",""coordinates"":[73.05749183765319,33.70462206873253]}"
4080,29.681408120000015,-0.04238754325259515,0.19434278743519365,-0.20606690533933864,"{""type"":""Point"",""coordinates"":[72.84171865253424,33.75411348287023]}"
4081,35.133150020000016,0.008946009806465711,0.14393366124353638,-0.20040365272631022,"{""type"":""Point"",""coordinates"":[72.91216315219958,33.68792113705051]}"
4082,34.04621966000002,-0.015636261084824365,0.1267468539247723,-0.1583988563259471,"{""type"":""Point"",""coordinates"":[73.00667894124496,33.564105377456144]}"
4083,26.581263980000017,-0.016322475338868783,0.1517612996622165,-0.15800113204495836,"{""type"":""Point"",""coordinates"":[73.19601372560977,33.742036060266514]}"
4084,31.161410779999983,-0.07415811038017663,0.2031301422459502,-0.20943226304471688,"{""type"":""Point"",""coordinates"":[73.04414466121897,33.54631649762435]}"
4085,24.19377701000002,-0.177238184625632,0.37607276201935835,-0.35729121214765686,"{""type"":""Point"",""coordinates"":[73.12887226565238,33.78963704882721]}"
4086,29.75831357000004,-0.019416329782525305,0.1688856558001049,-0.1945092751067545,"{""type"":""Point"",""coordinates"":[73.18066105500895,33.63681606360183]}"
4087,26.046343850000028,-0.09733970117191246,0.24166069839616294,-0.2239169964702107,"{""type"":""Point"",""coordinates"":[73.28777888070339,33.70837775131962]}"
4088,29.004640160000008,-0.0611865864144454,0.21750453792123747,-0.22670165394402036,"{""type"":""Point"",""coordinates"":[73.28353039614865,33.72399034230555]}"
4089,28.632075980000025,-0.035828785011651,0.2146341463414634,-0.22175902014314175,"{""type"":""Point"",""coordinates"":[73.14364872624316,33.75223018474031]}"
4090,32.10820232000003,-0.07675585818867683,0.2331405140221132,-0.24393396609668722,"{""type"":""Point"",""coordinates"":[72.80046813011919,33.52765237983562]}"
4091,27.169163420000018,-0.033868274898633685,0.2007756386157225,-0.2048762086286656,"{""type"":""Point"",""coordinates"":[73.06663833892782,33.77357154180265]}"
4092,21.221808620000047,-0.14617169373549885,0.2419572605801015,-0.22198808978469994,"{""type"":""Point"",""coordinates"":[73.1219651413742,33.77572486660842]}"
4093,24.26384642000005,-0.13206477732793523,0.25098425196850394,-0.23392612859097128,"{""type"":""Point"",""coordinates"":[73.28485987869166,33.7020515928111]}"
4094,31.267369400000007,-0.02841870824053452,0.18753214689846723,-0.2089224002513352,"{""type"":""Point"",""coordinates"":[73.26900303834383,33.65439919218431]}"
4095,30.788846600000056,-0.10643564356435643,0.24735897946980268,-0.2432453909726637,"{""type"":""Point"",""coordinates"":[73.27687930193424,33.69320359006737]}"
4096,32.66533958000002,-0.03411131059245961,0.17945278022947925,-0.19314285714285714,"{""type"":""Point"",""coordinates"":[73.18303968797875,33.54375117624576]}"
4097,29.093508680000014,-0.028020247917414007,0.13026139924187646,-0.13726354777547511,"{""type"":""Point"",""coordinates"":[73.29919477005441,33.62476057564873]}"
4098,30.194111120000002,-0.07984538261762397,0.25413860830527496,-0.2582427249375418,"{""type"":""Point"",""coordinates"":[73.13660975751459,33.67551104094247]}"
4099,33.84797450000002,-0.046229404309252216,0.19497674755261205,-0.21177312512615373,"{""type"":""Point"",""coordinates"":[73.29836931863804,33.56908696695468]}"
4100,26.157429500000035,-0.1530258597707278,0.333950188912021,-0.30339787538612223,"{""type"":""Point"",""coordinates"":[73.20396292256581,33.79472110165737]}"
4101,33.565987850000056,-0.023287512325271157,0.22555659754784482,-0.23635662853238493,"{""type"":""Point"",""coordinates"":[73.09575388469116,33.61983055183488]}"
4102,30.89651422999998,-0.07551692179860024,0.21992242723021713,-0.22493994321904345,"{""type"":""Point"",""coordinates"":[73.15137053565846,33.7056363897649]}"
4103,30.905059280000046,-0.09097990846830471,0.24401347200118434,-0.2487275699372144,"{""type"":""Point"",""coordinates"":[73.27896571890719,33.66979327814441]}"
4104,31.745892200000014,0.015648992126498742,0.09004739336492891,-0.11082436218846778,"{""type"":""Point"",""coordinates"":[73.056528476226,33.63719055281698]}"
4105,36.89343031999999,-0.028429694981240483,0.08695724311858108,-0.16848000570755894,"{""type"":""Point"",""coordinates"":[73.22484427802043,33.67898589245466]}"
4106,35.52280430000002,0.034448737975828335,0.0586093133101372,-0.08281546773866381,"{""type"":""Point"",""coordinates"":[73.10258609087555,33.63190607322725]}"
4107,28.379142500000057,-0.0543115438108484,0.19063886598342952,-0.20148987597574988,"{""type"":""Point"",""coordinates"":[73.2402800879289,33.72559399781785]}"
4108,35.28696092000001,-0.028002997887851742,0.16133004926108374,-0.15994618489333076,"{""type"":""Point"",""coordinates"":[73.04753677406629,33.577247537240375]}"
4109,32.80206038000006,-0.028114325752488834,0.18764332928638877,-0.20289657056974997,"{""type"":""Point"",""coordinates"":[72.85745714268039,33.73601255192429]}"
4110,35.184420320000015,0.03472294058825558,0.043267618231282376,-0.07207414215686274,"{""type"":""Point"",""coordinates"":[73.04082972779956,33.63075899668824]}"
4111,32.463676400000054,1.7497812773403323E-4,0.14735115959974565,-0.18236998206649194,"{""type"":""Point"",""coordinates"":[72.9356337494406,33.55474052257337]}"
4112,26.576136949999977,-0.08195488721804511,0.26427692848357054,-0.2623692890729174,"{""type"":""Point"",""coordinates"":[73.1336945476254,33.730932371090766]}"
4113,34.10261699,-0.010387075156971577,0.1574766355140187,-0.19235992916946035,"{""type"":""Point"",""coordinates"":[72.93930169043065,33.55905979185901]}"
4114,26.524866650000035,-0.14320352133691436,0.28477404208937707,-0.2548417475330631,"{""type"":""Point"",""coordinates"":[72.9224461734276,33.759795945578034]}"
4115,30.098406560000058,-0.030472854640980734,0.18481364867833344,-0.1977940632171145,"{""type"":""Point"",""coordinates"":[73.25460402761648,33.70901197256837]}"
4116,31.157992760000013,0.0066967578251762696,0.17714925007866308,-0.1991167776630222,"{""type"":""Point"",""coordinates"":[73.23168192077617,33.638556630433776]}"
4117,37.888074140000015,0.020723245876028123,0.093296853625171,-0.11025057738725753,"{""type"":""Point"",""coordinates"":[72.80479500256257,33.74035446617061]}"
4118,33.62922121999998,-0.004885030648122219,0.10270417918601475,-0.15516131339866943,"{""type"":""Point"",""coordinates"":[72.9499648197977,33.64670700171673]}"
4119,30.21120122000002,-0.03144979011947045,0.16109334108752543,-0.17195582786073302,"{""type"":""Point"",""coordinates"":[73.0886530936398,33.5657301882139]}"
4120,31.40409020000004,-0.03934774902516838,0.19633517563707853,-0.20911749268951038,"{""type"":""Point"",""coordinates"":[72.84026125033063,33.658241219170456]}"
4121,32.856748700000026,-0.07051614576578913,0.21046264388884817,-0.22342435807180702,"{""type"":""Point"",""coordinates"":[73.27262467209343,33.54237251406587]}"
4122,28.02537743000005,-0.06529989943880364,0.2515005430536766,-0.2525745670913113,"{""type"":""Point"",""coordinates"":[73.27087175553707,33.72799619344021]}"
4123,31.089632359999996,-0.0419538601957637,0.21489908256880733,-0.22814957708858882,"{""type"":""Point"",""coordinates"":[72.84679105859237,33.715449467015155]}"
4124,23.337563000000046,-0.17889806314853754,0.3376394142178256,-0.31243695879722144,"{""type"":""Point"",""coordinates"":[73.06996216238295,33.76464838818247]}"
4125,35.34164924000004,-0.014864784191988539,0.1689472598500997,-0.1767556155470183,"{""type"":""Point"",""coordinates"":[72.80705464408717,33.759510152968154]}"
4126,31.80058052000004,-0.03951954194672641,0.19653282710698808,-0.20590571077900513,"{""type"":""Point"",""coordinates"":[73.20159271394586,33.58137846117448]}"
4127,30.224873300000013,-0.0437680733225506,0.172967117704298,-0.19858169333808603,"{""type"":""Point"",""coordinates"":[73.14158834974,33.66456909328457]}"
4128,35.064789620000056,-0.017180657213732277,0.1519439531092845,-0.1785955076115113,"{""type"":""Point"",""coordinates"":[72.8241608437079,33.734877340387136]}"
4129,32.09965727000002,-0.1094596471732185,0.2071564867468969,-0.2081836402828726,"{""type"":""Point"",""coordinates"":[73.11061710113904,33.64509971248532]}"
4130,25.198674890000007,-0.16321432923114415,0.36159743269745054,-0.33920179560917446,"{""type"":""Point"",""coordinates"":[73.18519173906485,33.77951272590407]}"
4131,28.498773200000016,-0.07132894999003786,0.2708078938039154,-0.24290172207882266,"{""type"":""Point"",""coordinates"":[73.10808576069206,33.50795752230166]}"
4132,27.630596120000007,-0.14439655172413793,0.30866160511984736,-0.28126094570928195,"{""type"":""Point"",""coordinates"":[73.07978526017268,33.694222090246484]}"
4133,35.003265260000035,-0.08179749715585893,0.2971387647921427,-0.28817692281640533,"{""type"":""Point"",""coordinates"":[72.81051659168199,33.776306506900184]}"
4134,31.41092623999998,-0.0850456803974996,0.22695472505165476,-0.246611667648792,"{""type"":""Point"",""coordinates"":[73.19582423833486,33.70957470033596]}"
4135,34.893888619999984,0.023892979045811457,0.05317743427137006,-0.09107084808978767,"{""type"":""Point"",""coordinates"":[73.12336537967103,33.548961969565894]}"
4136,33.73176182000003,-0.040996637114032404,0.18924299310224396,-0.21156377868706636,"{""type"":""Point"",""coordinates"":[73.25816017334876,33.67562593097395]}"
4137,33.05670286999998,-0.019764448950939865,0.16270631758679568,-0.19344238352563167,"{""type"":""Point"",""coordinates"":[72.88703961921995,33.638834689210206]}"
4138,34.129961149999986,0.005866651837846856,0.16439248379848242,-0.2035073546736679,"{""type"":""Point"",""coordinates"":[72.94267901945105,33.64709350619002]}"
4139,32.743954040000006,-0.01241304869273207,0.15364378694181557,-0.1731637829198805,"{""type"":""Point"",""coordinates"":[73.06903536226771,33.59102755486422]}"
4140,29.74805951000002,-0.05424350264207915,0.21460392964271136,-0.22750183859800177,"{""type"":""Point"",""coordinates"":[72.83367253009597,33.76160491909553]}"
4141,33.171206540000014,-0.011436566596708945,0.14911189439491326,-0.17622298468395176,"{""type"":""Point"",""coordinates"":[72.97570355031951,33.56712482734472]}"
4142,31.63138852999998,-0.08476150815260916,0.22403759262606182,-0.23261443261443263,"{""type"":""Point"",""coordinates"":[73.2241648155958,33.560126319971566]}"
4143,32.593561160000036,0.006384447256413206,0.12055265462329323,-0.16577251408712082,"{""type"":""Point"",""coordinates"":[72.96045160836007,33.580438153074645]}"
4144,25.98652850000002,-0.08486392752238384,0.26030382140728103,-0.24292983558700104,"{""type"":""Point"",""coordinates"":[72.98456184933337,33.792458563470916]}"
4145,34.083817880000026,-0.0365623822088202,0.1749626148258919,-0.18606907953851132,"{""type"":""Point"",""coordinates"":[72.8188102370125,33.72989664674208]}"
4146,31.71000299000002,-0.0432409555915532,0.2079418722541399,-0.22836621073613306,"{""type"":""Point"",""coordinates"":[72.95866486812281,33.630229652311435]}"
4147,31.53739298000005,-0.05284464235667798,0.20115105868978259,-0.2202252057167605,"{""type"":""Point"",""coordinates"":[73.27045093281002,33.609573091121696]}"
4148,35.02719139999999,-0.014330550127316872,0.12365520860666492,-0.14975164451604242,"{""type"":""Point"",""coordinates"":[72.98556557486872,33.6950181560505]}"
4149,34.617029,-0.03449527959331881,0.19446579554189086,-0.21161002232696602,"{""type"":""Point"",""coordinates"":[72.9880962703683,33.53430180215599]}"
4150,26.143757420000043,-0.10085079892093796,0.2669665246984835,-0.25825196663636,"{""type"":""Point"",""coordinates"":[73.17253592073497,33.7829459855676]}"
4151,29.809583869999983,-0.09247477884276434,0.26042413091895034,-0.24425496118992085,"{""type"":""Point"",""coordinates"":[73.0089706578525,33.662925410526576]}"
4152,30.85378897999999,-0.05148869862439891,0.18671759767028479,-0.19717665013353683,"{""type"":""Point"",""coordinates"":[73.26767644937995,33.577550363065775]}"
4153,33.33868952,0.06026004080265522,0.0659344454806065,-0.13064185228604924,"{""type"":""Point"",""coordinates"":[72.81579312573203,33.61669727617134]}"
4154,33.119936240000015,0.02287038299032302,0.1091308518209103,-0.16032758230019745,"{""type"":""Point"",""coordinates"":[73.20686119560357,33.57842606251476]}"
4155,34.49568929000003,0.0022599043768352116,0.12726451635315164,-0.15628563283922464,"{""type"":""Point"",""coordinates"":[73.10907539897974,33.57339539679145]}"
4156,35.211764480000056,0.048728425931572845,0.06485527034407428,-0.09578840141908743,"{""type"":""Point"",""coordinates"":[72.82222214991228,33.54395983053017]}"
4157,32.42095115000001,-0.019335152422028577,0.18912258484075778,-0.21921005070976118,"{""type"":""Point"",""coordinates"":[72.85210616503088,33.636124715779324]}"
4158,31.472450600000002,-0.042285227549282066,0.19571438542611852,-0.21242789907640044,"{""type"":""Point"",""coordinates"":[72.90461217657548,33.536726369884214]}"
4159,22.20278036000002,-0.0964215129725411,0.22315522822160716,-0.2018991426200793,"{""type"":""Point"",""coordinates"":[73.03392200644889,33.762080968553605]}"
4160,32.52861877999999,0.00369484894588133,0.14029850746268657,-0.1609261939218524,"{""type"":""Point"",""coordinates"":[73.1023477502378,33.72654287245029]}"
4161,35.43051776000004,0.019530057979859627,0.10207861699938259,-0.12307315879618302,"{""type"":""Point"",""coordinates"":[73.17967423204409,33.65175287533806]}"
4162,36.45592376000002,-0.012983714802704676,0.0944198648694996,-0.1513620782969511,"{""type"":""Point"",""coordinates"":[73.01778867479396,33.527452627552755]}"
4163,32.43633224000001,-0.01667735728030789,0.1366451528782841,-0.1775631500742942,"{""type"":""Point"",""coordinates"":[73.04646289669776,33.53273047421233]}"
4164,33.297673280000026,-0.003671680682221959,0.16345163726230522,-0.18979255151110955,"{""type"":""Point"",""coordinates"":[72.92900123756853,33.58545850885575]}"
4165,31.75272824000001,-0.04851716961498439,0.1935149541012733,-0.2088175751668291,"{""type"":""Point"",""coordinates"":[73.19996736126731,33.52236752495225]}"
4166,32.74224503000005,-0.04700514838223599,0.24501443408434814,-0.27464202605608684,"{""type"":""Point"",""coordinates"":[72.90914440778353,33.74215875823059]}"
4167,34.96224902000006,-0.019760696156635244,0.17029023197753043,-0.1991898806139852,"{""type"":""Point"",""coordinates"":[72.99060472455182,33.57474895085915]}"
4168,31.71854804000003,-0.03917650620647896,0.19666701530523306,-0.22014859052291066,"{""type"":""Point"",""coordinates"":[72.84912751033441,33.51277215847739]}"
4169,32.00907974000006,-0.08796537617084459,0.2664656345383003,-0.25908052280413124,"{""type"":""Point"",""coordinates"":[73.07263969404431,33.57103778511517]}"
4170,32.87042078000002,0.009417702819155485,0.09711286089238845,-0.12455889032528562,"{""type"":""Point"",""coordinates"":[73.24581775160298,33.54620646216094]}"
4171,26.55733784000006,-0.11031318571713544,0.23694386417174096,-0.21698443239461257,"{""type"":""Point"",""coordinates"":[72.9763839828132,33.744573177435136]}"
4172,31.32547574,-0.02565183356415969,0.15388002574264134,-0.1774505737591594,"{""type"":""Point"",""coordinates"":[73.17850106240422,33.617128035840814]}"
4173,31.175082860000032,-0.05819976841976964,0.20738448701456733,-0.22393740748572638,"{""type"":""Point"",""coordinates"":[73.19012076314351,33.65418824301021]}"
4174,31.209263060000012,-0.058788097819539815,0.2546752319771592,-0.2527527349178634,"{""type"":""Point"",""coordinates"":[73.12228192867104,33.51718814527577]}"
4175,34.44270998000002,0.013718209641586527,0.1105396658794717,-0.13321790043019582,"{""type"":""Point"",""coordinates"":[72.83010083088148,33.6914524953693]}"
4176,32.64141344000001,-0.09494113710339792,0.24944459872257707,-0.2539278871276781,"{""type"":""Point"",""coordinates"":[73.27461668348663,33.63985166113894]}"
4177,30.935821460000057,-0.05961251862891207,0.21213530163896316,-0.22074374682951575,"{""type"":""Point"",""coordinates"":[73.0363737351632,33.50969904026541]}"
4178,33.20709575000001,0.008444852553777605,0.13355934536818737,-0.16964983308473613,"{""type"":""Point"",""coordinates"":[72.95840082901735,33.598776730633695]}"
4179,32.585016110000026,-0.027018385291766586,0.18486225456496588,-0.21392863891704317,"{""type"":""Point"",""coordinates"":[72.92980569914668,33.657876072851536]}"
4180,31.339147819999994,-0.04133167608049214,0.190224428139836,-0.21088933204046909,"{""type"":""Point"",""coordinates"":[73.13706102651777,33.519234510418606]}"
4181,32.35259074999999,-0.037376024492138914,0.16322480287507377,-0.17042367545201043,"{""type"":""Point"",""coordinates"":[73.01697988268273,33.609367355287546]}"
4182,33.26007506000002,-3.130968408528758E-4,0.1410968444738111,-0.16451313079768912,"{""type"":""Point"",""coordinates"":[72.89074902254201,33.66720374303922]}"
4183,33.27374714000001,0.032908647329899704,0.0982975710371579,-0.154675211185552,"{""type"":""Point"",""coordinates"":[72.89143135668003,33.558652038464665]}"
4184,28.257802790000028,-0.12430426716141002,0.3197137820180442,-0.30838431090320256,"{""type"":""Point"",""coordinates"":[73.1103865839856,33.753536797519494]}"
4185,32.01249776000003,-0.0856501977451154,0.2758931668400971,-0.2643156664604386,"{""type"":""Point"",""coordinates"":[73.03151557999433,33.59433072206769]}"
4186,31.255406330000028,-0.034046600095102235,0.18234046794860176,-0.19056135484341924,"{""type"":""Point"",""coordinates"":[73.05223195102633,33.66665950310938]}"
4187,31.780072399999995,-0.06587053359871102,0.1973170558591809,-0.21982789789572638,"{""type"":""Point"",""coordinates"":[73.16863316396599,33.5981836595201]}"
4188,33.29083724000003,0.02070778304910886,0.09817031525216578,-0.11683848797250859,"{""type"":""Point"",""coordinates"":[73.04731199415606,33.66080759314789]}"
4189,30.269307560000016,-0.08426663472480087,0.25469540508697763,-0.2633635729239358,"{""type"":""Point"",""coordinates"":[72.85522899995587,33.74600252716716]}"
4190,34.46150909000005,0.011026048437575233,0.11519319518595603,-0.14607744671353642,"{""type"":""Point"",""coordinates"":[72.98928797440269,33.65422215612796]}"
4191,29.84889110000006,-0.036784691769651726,0.19080919080919082,-0.1882866043613707,"{""type"":""Point"",""coordinates"":[72.88480321047464,33.74514155040683]}"
4192,33.44635715000004,0.009182401410806045,0.10357789931760841,-0.12896464515234976,"{""type"":""Point"",""coordinates"":[73.13433998263,33.61143704062918]}"
4193,35.25961676000003,-0.009199318568994889,0.12483601463785128,-0.14419159994381234,"{""type"":""Point"",""coordinates"":[72.98696590946201,33.58572521030819]}"
4194,32.68584770000001,0.004409887431820819,0.13115996967399546,-0.16578339448294604,"{""type"":""Point"",""coordinates"":[73.03810465665875,33.533400434129526]}"
4195,33.93000698000003,0.016399611175566774,0.08888310335850039,-0.12072599949980349,"{""type"":""Point"",""coordinates"":[73.15136197612954,33.6020817930624]}"
4196,26.44796120000001,-0.1441299790356394,0.3112587753876187,-0.29157268054579744,"{""type"":""Point"",""coordinates"":[73.12285355733016,33.723647317718445]}"
4197,31.64164259000006,-0.03471183194685499,0.17120260131759446,-0.19663621262458472,"{""type"":""Point"",""coordinates"":[73.25205400034707,33.65220206663083]}"
4198,26.882049740000014,-0.11705772933459517,0.30231319433876125,-0.2821185107498689,"{""type"":""Point"",""coordinates"":[73.08865561181452,33.68818565322905]}"
4199,30.771756500000038,-0.017107578686207194,0.180275183288139,-0.20151313771597995,"{""type"":""Point"",""coordinates"":[73.26904034104454,33.65341021648144]}"
4200,33.037903760000006,-0.03558913891887403,0.15130254971105736,-0.17099827236535717,"{""type"":""Point"",""coordinates"":[73.09285781950462,33.51890851878599]}"
4201,31.68436784000005,-0.1040113094186252,0.23812921125644074,-0.2264625049077346,"{""type"":""Point"",""coordinates"":[72.83855366764568,33.69931218661175]}"
4202,32.49785659999998,-0.02443834940984314,0.1984713559505354,-0.22528566162919278,"{""type"":""Point"",""coordinates"":[72.81881381176039,33.54416886673841]}"
4203,22.982088920000024,-0.047562876521885664,0.1935870973935583,-0.17436478700292812,"{""type"":""Point"",""coordinates"":[73.00269801501123,33.762449607790586]}"
4204,32.84136761000002,0.004860625824986412,0.10686587788237326,-0.13201081100178416,"{""type"":""Point"",""coordinates"":[73.04721602230198,33.56241890585984]}"
4205,28.54662547999999,-0.10983110416870058,0.2784765046578321,-0.27405857740585776,"{""type"":""Point"",""coordinates"":[73.23849968685103,33.75407776484557]}"
4206,30.511986980000017,-0.047937612294047936,0.11321827411167512,-0.10947871134855108,"{""type"":""Point"",""coordinates"":[73.13597188702752,33.73303840368026]}"
4207,29.26440968000003,-0.020827824355644044,0.17701495749488863,-0.19053061224489795,"{""type"":""Point"",""coordinates"":[73.1074769032917,33.73642837597074]}"
4208,30.419700440000042,-0.06713569840374341,0.24790437752250855,-0.23982109808760024,"{""type"":""Point"",""coordinates"":[73.0127373357363,33.50135832816422]}"
4209,32.72002789999999,-0.018566665647080413,0.09902803676628327,-0.17131852477180393,"{""type"":""Point"",""coordinates"":[73.21391144314637,33.72232474462985]}"
4210,32.56621700000005,0.010444661617395554,0.11053226856770744,-0.14466386406189283,"{""type"":""Point"",""coordinates"":[72.8711836662846,33.516948083074006]}"
4211,33.85481054000002,-0.028356305786629427,0.1474643449981368,-0.18557927896394819,"{""type"":""Point"",""coordinates"":[73.28307496077394,33.50005261680106]}"
4212,33.28741922000006,0.02175805047867711,0.0906570557249792,-0.11892487645323,"{""type"":""Point"",""coordinates"":[73.02788987949714,33.56054385565838]}"
4213,33.85139251999999,-0.002668209727714019,0.13241113894637477,-0.14753495217071377,"{""type"":""Point"",""coordinates"":[73.1281588004433,33.615119037655]}"
4214,30.06935339000006,-0.03331195083018812,0.20251384524574226,-0.22213988284282588,"{""type"":""Point"",""coordinates"":[72.83796765613,33.79131658972429]}"
4215,34.11458005999998,-0.028682975976826928,0.14058299877814628,-0.16978159684926603,"{""type"":""Point"",""coordinates"":[73.1995170331609,33.530116120522024]}"
4216,29.681408120000015,-0.10153197697981681,0.2807569788701864,-0.27224385859796285,"{""type"":""Point"",""coordinates"":[72.95126934923012,33.721134069556996]}"
4217,30.52224104000004,-0.08952702702702703,0.2567201876240303,-0.25441187063314846,"{""type"":""Point"",""coordinates"":[72.84376679871575,33.74281305041817]}"
4218,34.13337917000001,0.014448096411941934,0.08751582009482613,-0.10333461096205443,"{""type"":""Point"",""coordinates"":[73.06506933556344,33.63016957034504]}"
4219,33.21905881999999,2.031399634348066E-4,0.13020372010628875,-0.17016507030772365,"{""type"":""Point"",""coordinates"":[72.93667125151656,33.60353929447091]}"
4220,25.54218590000005,-0.09137214951806284,0.21883341355620706,-0.2084689140526704,"{""type"":""Point"",""coordinates"":[73.14895591355807,33.79173668078089]}"
4221,36.35338316000002,0.02905203305001925,0.08347653668208857,-0.11825096353900201,"{""type"":""Point"",""coordinates"":[73.14027171652869,33.626537759975584]}"
4222,31.993698650000056,0.003011835239886314,0.14085076776208275,-0.17864963808695944,"{""type"":""Point"",""coordinates"":[72.84502991438998,33.60203361002581]}"
4223,31.566446150000047,-0.039265054101849356,0.1801967391674325,-0.20856062322452465,"{""type"":""Point"",""coordinates"":[72.94354862336944,33.67286161808475]}"
4224,28.885009459999992,-0.08940700104493209,0.2524683710628074,-0.2478773143818964,"{""type"":""Point"",""coordinates"":[72.94750155621907,33.798661539096244]}"
4225,31.78349042000002,0.009168971037694658,0.12883435582822086,-0.16539422780649798,"{""type"":""Point"",""coordinates"":[73.15051846792994,33.62043224957119]}"
4226,31.024689980000005,-0.022388525101340817,0.2083732586422938,-0.22220151340067842,"{""type"":""Point"",""coordinates"":[73.29504972654723,33.61079410744974]}"
4227,33.96931420999999,-0.022538333641234067,0.18174539631705364,-0.2260946614487189,"{""type"":""Point"",""coordinates"":[72.81508076049624,33.5574775624939]}"
4228,32.23979609000003,-0.024943658301010318,0.16902147303630133,-0.1929480201994968,"{""type"":""Point"",""coordinates"":[73.17804447950313,33.62685655374108]}"
4229,31.378455050000014,-0.0587809293904647,0.1885258593991948,-0.19460710881111262,"{""type"":""Point"",""coordinates"":[73.06717245929502,33.69169954962019]}"
4230,32.67559363999999,-0.024697784718607205,0.19468608807067234,-0.22124564850239548,"{""type"":""Point"",""coordinates"":[72.85587503694362,33.57258115575525]}"
4231,32.61748729999999,-0.04859948842643762,0.19013655424536755,-0.21736261319060013,"{""type"":""Point"",""coordinates"":[73.19994416721742,33.69616000582947]}"
4232,31.434852380000052,-0.0889327402254256,0.21775882704967087,-0.21304023845007453,"{""type"":""Point"",""coordinates"":[73.03968917928061,33.6916040972109]}"
4233,30.939239480000026,0.01636749116607774,0.14066546467792165,-0.19299208009051325,"{""type"":""Point"",""coordinates"":[73.28168953747337,33.74226281990598]}"
4234,30.18043904000001,-0.003998388246598271,0.1344517213602774,-0.15727045373347623,"{""type"":""Point"",""coordinates"":[73.19721549158803,33.705894441077504]}"
4235,33.236148920000005,-0.02436869616432305,0.22598949705706128,-0.23552603537685587,"{""type"":""Point"",""coordinates"":[73.09183007797549,33.62155975575287]}"
4236,29.941177639999978,0.0019764408253616886,0.19270620098888294,-0.21221432686767813,"{""type"":""Point"",""coordinates"":[73.1354850008237,33.72008866224495]}"
4237,33.54035270000003,-0.02460751176674985,0.1837092183052332,-0.20128884115403134,"{""type"":""Point"",""coordinates"":[72.9545794643274,33.57781733238048]}"
4238,30.199238150000042,-0.04918239787865396,0.19292200567100964,-0.20235145156914172,"{""type"":""Point"",""coordinates"":[73.07297559130981,33.667975316383135]}"
4239,25.962602360000005,-0.05014627975013837,0.25386605237816506,-0.25211652682191005,"{""type"":""Point"",""coordinates"":[73.0180183499335,33.76645863927704]}"
4240,29.216557400000056,-0.15334634958230645,0.3094225807623823,-0.29089345847961595,"{""type"":""Point"",""coordinates"":[72.85658475229324,33.79069998189986]}"
4241,27.177708470000027,-0.05878700738513823,0.20302231463260684,-0.21438476818709942,"{""type"":""Point"",""coordinates"":[73.2023767181101,33.73338973325378]}"
4242,32.85503969000001,-0.047539007991881266,0.18667145679899408,-0.21156879286945676,"{""type"":""Point"",""coordinates"":[73.28318526152923,33.50854548898624]}"
4243,32.24150510000004,-0.10212353511322583,0.2594482110492045,-0.2608870967741935,"{""type"":""Point"",""coordinates"":[73.17953404016902,33.669768741293204]}"
4244,33.266911100000016,0.043016804695666155,0.07697412076974121,-0.13165567951318458,"{""type"":""Point"",""coordinates"":[72.90262712501016,33.58669481735886]}"
4245,33.499336459999995,-0.02071707281160274,0.17111820654469279,-0.20959692898272553,"{""type"":""Point"",""coordinates"":[72.84121825890256,33.528704276126916]}"
4246,30.35817608000002,-0.027752203077732473,0.17252504032711857,-0.19667674872698035,"{""type"":""Point"",""coordinates"":[73.25424598971067,33.79668744265145]}"
4247,29.20459433000002,-0.06756277546057853,0.24532167198518692,-0.24306893704038696,"{""type"":""Point"",""coordinates"":[72.91225893678762,33.766372823927895]}"
4248,30.08473448000001,-0.022556626694882044,0.1687958002615878,-0.18312566878865372,"{""type"":""Point"",""coordinates"":[73.16094633160918,33.714735952356165]}"
4249,25.690869770000006,-0.1540088134170554,0.338024742190863,-0.3128879421162816,"{""type"":""Point"",""coordinates"":[73.18035610068453,33.77641380766414]}"
4250,29.346442160000038,-0.13835522592559496,0.3249436644132432,-0.3164548241534911,"{""type"":""Point"",""coordinates"":[72.95625736402425,33.72909375240875]}"
4251,30.18043904000001,-0.05262172284644195,0.18390844946817847,-0.19752867237155133,"{""type"":""Point"",""coordinates"":[73.14269622418944,33.6134481378786]}"
4252,35.27328884000002,0.022864401397268974,0.07911902924879007,-0.11728395061728394,"{""type"":""Point"",""coordinates"":[73.2976184901721,33.52586728194537]}"
4253,33.11651821999999,-0.02192738799385641,0.17453521126760563,-0.1981150147503927,"{""type"":""Point"",""coordinates"":[73.24946876194154,33.55546103570115]}"
4254,30.67605193999998,-0.03282695461155286,0.16757021440313385,-0.1835070552364745,"{""type"":""Point"",""coordinates"":[73.04768779614136,33.72497224259959]}"
4255,28.849120250000055,-0.10103047816367701,0.25022184617289556,-0.23674594263550067,"{""type"":""Point"",""coordinates"":[73.18730203515526,33.75594975198377]}"
4256,32.47393046000002,-0.007297585739421385,0.14385849983622667,-0.1816536112473988,"{""type"":""Point"",""coordinates"":[72.99764233119265,33.623321792117935]}"
4257,34.67513534,0.004032038358851414,0.155107586337641,-0.1927958497830272,"{""type"":""Point"",""coordinates"":[72.89026396837136,33.6092859463515]}"
4258,33.30109130000005,0.02366873930501669,0.08264602551336728,-0.10158281082734363,"{""type"":""Point"",""coordinates"":[73.08410857544449,33.716733660956095]}"
4259,30.122332700000015,0.020619218910585817,0.11154042429102573,-0.13753870257768494,"{""type"":""Point"",""coordinates"":[73.22354230645,33.7609918590431]}"
4260,31.71854804000003,-0.0675701229120706,0.22310886441595956,-0.23146835351001563,"{""type"":""Point"",""coordinates"":[73.10896402539153,33.7262830831938]}"
4261,29.82667397,-0.13964686998394862,0.3209898843930636,-0.29752843278153335,"{""type"":""Point"",""coordinates"":[73.06790757216736,33.67609680445096]}"
4262,25.019228839999982,-0.12760289411875975,0.3135627456021154,-0.3042225787631272,"{""type"":""Point"",""coordinates"":[73.04639875888479,33.75902717842529]}"
4263,31.25711534000004,-0.006637806637806638,0.11481231577825918,-0.13455491705518813,"{""type"":""Point"",""coordinates"":[72.96295104291742,33.62073445677576]}"
4264,30.628199660000007,-0.05383149804630736,0.23017189384800965,-0.23375297720313032,"{""type"":""Point"",""coordinates"":[72.95209883220792,33.62931248209061]}"
4265,35.89878650000003,-0.002181862880673612,0.11600848675655329,-0.13654422527357635,"{""type"":""Point"",""coordinates"":[73.13256743693854,33.5269394672845]}"
4266,22.096821739999996,-0.08371200646268807,0.2826069635885587,-0.2654168140549463,"{""type"":""Point"",""coordinates"":[73.12213593247112,33.79959299167167]}"
4267,30.674342930000023,-0.02559395735845082,0.16109360361127673,-0.1864784417483333,"{""type"":""Point"",""coordinates"":[73.2082890073508,33.61197261356759]}"
4268,25.244818160000023,-0.11856143856143857,0.23759837297727474,-0.21298262339125537,"{""type"":""Point"",""coordinates"":[73.17559687252366,33.71710315347629]}"
4269,32.778134239999986,0.020136978282503073,0.11880493266049527,-0.14847341337907374,"{""type"":""Point"",""coordinates"":[72.85023191548872,33.605115158167614]}"
4270,29.78736674000004,-0.0836263830517197,0.08135404630461762,-0.09385281385281385,"{""type"":""Point"",""coordinates"":[73.24059852438813,33.56861811508496]}"
4271,32.03300588000002,-0.08791528105123818,0.24385382059800664,-0.2473070516379789,"{""type"":""Point"",""coordinates"":[73.24872664769815,33.566494553769886]}"
4272,30.563257280000016,-0.06900382265494821,0.23230763436405408,-0.23994315490288962,"{""type"":""Point"",""coordinates"":[73.26936507742705,33.51213703580461]}"
4273,36.37389128000001,0.042127370436716285,0.07833524564514446,-0.10661528580603725,"{""type"":""Point"",""coordinates"":[72.93596826436881,33.63643920650476]}"
4274,33.68732756000003,-0.051928638741754136,0.2079407429520309,-0.22642974862187198,"{""type"":""Point"",""coordinates"":[72.90463043328404,33.711584953478756]}"
4275,32.19707084000004,0.03627157176810995,0.05093531665539779,-0.068760027504011,"{""type"":""Point"",""coordinates"":[73.06836645696771,33.61584542328806]}"
4276,29.29858988000001,-0.06978935325392019,0.23119820308264272,-0.23670595557630217,"{""type"":""Point"",""coordinates"":[73.2619433014195,33.770773694631096]}"
4277,30.98709176,-0.061345779852197586,0.2155737704918033,-0.22877677107912892,"{""type"":""Point"",""coordinates"":[73.23926430009534,33.6270199282031]}"
4278,34.48201720999998,-0.005466104212465094,0.1485679381023483,-0.18516702850339659,"{""type"":""Point"",""coordinates"":[72.96174998052253,33.54323672109199]}"
4279,33.10455515000001,0.014153197238561285,0.09517882637185636,-0.11530718759320012,"{""type"":""Point"",""coordinates"":[73.02888003786359,33.5964201799093]}"
4280,29.430183650000004,-0.10175957514747155,0.2835131272392662,-0.26518324102128643,"{""type"":""Point"",""coordinates"":[72.99612345817498,33.79683049611773]}"
4281,28.821776090000014,-0.1635880484801348,0.33775451276988133,-0.31144307681069433,"{""type"":""Point"",""coordinates"":[72.90770731414852,33.7373328419645]}"
4282,31.07937830000003,-0.09048738743061888,0.22864815181934506,-0.244982559944484,"{""type"":""Point"",""coordinates"":[73.23408637754677,33.5563294706557]}"
4283,32.217578960000026,-0.029478733416315007,0.1716536521318499,-0.19158057488228267,"{""type"":""Point"",""coordinates"":[72.96502366809997,33.68034218769409]}"
4284,32.30644748000003,-0.07049725169372363,0.23167996470198918,-0.23208768574371047,"{""type"":""Point"",""coordinates"":[73.0962303882368,33.65341484226225]}"
4285,31.115267510000024,-0.06202577381669276,0.2261058486138872,-0.23746206606206255,"{""type"":""Point"",""coordinates"":[73.2575984706744,33.65920659477929]}"
4286,24.632992580000007,-0.1450261221878665,0.2418705768074379,-0.22216911346307044,"{""type"":""Point"",""coordinates"":[73.29643426800139,33.79468637673058]}"
4287,27.690411470000015,-0.05208537942774832,0.22991255094816204,-0.23175102048638394,"{""type"":""Point"",""coordinates"":[73.1596552626259,33.73826286104527]}"
4288,26.639370320000012,-0.012805333998005982,0.14195882807559895,-0.18310525549570533,"{""type"":""Point"",""coordinates"":[73.1965894106854,33.72798264151336]}"
4289,25.976274439999997,-0.13385280049375095,0.26824006558225827,-0.24424314256688115,"{""type"":""Point"",""coordinates"":[72.90030494552725,33.73076273197185]}"
4290,31.19559098000002,-0.042715507922290515,0.21613832853025935,-0.22128567811019065,"{""type"":""Point"",""coordinates"":[72.99901506657645,33.707028499200774]}"
4291,29.850600110000016,-0.08317468874774668,0.22329616804292401,-0.22399482180932073,"{""type"":""Point"",""coordinates"":[73.24408734505333,33.56180521556853]}"
4292,30.860625020000043,-0.02809818650407015,0.15266839332593338,-0.18479481328552283,"{""type"":""Point"",""coordinates"":[73.21072510509121,33.70101012609407]}"
4293,32.070604100000025,-0.06124988334836843,0.21004469035965098,-0.23198035533728154,"{""type"":""Point"",""coordinates"":[73.28450426966324,33.61297655819914]}"
4294,25.569530060000034,-0.15986946906076493,0.3419220927943887,-0.32642377078174745,"{""type"":""Point"",""coordinates"":[73.02514486702972,33.75715905371179]}"
4295,32.08085816000005,-0.01193717277486911,0.15459976105137396,-0.17501563259918015,"{""type"":""Point"",""coordinates"":[73.16041629760836,33.622322603169756]}"
4296,26.702603690000046,-0.014079942967319625,0.17615665050550608,-0.19203885344252927,"{""type"":""Point"",""coordinates"":[72.98865155209796,33.79112903372583]}"
4297,33.00885059000001,-0.028196301336962614,0.16571967977925828,-0.1876456445348622,"{""type"":""Point"",""coordinates"":[73.24522809510346,33.55937730864097]}"
4298,34.25813690000001,-0.046067995026233585,0.17607746863066012,-0.19909612376151573,"{""type"":""Point"",""coordinates"":[72.97600437726477,33.63631301239152]}"
4299,29.773694660000046,-0.053669650122050445,0.20591522014452804,-0.22772953088854336,"{""type"":""Point"",""coordinates"":[72.84583593436658,33.715785857991015]}"
4300,34.15559630000001,0.0017039849331858539,0.13980476483036386,-0.17110292828335963,"{""type"":""Point"",""coordinates"":[72.88815695835082,33.58257195459546]}"
4301,32.079149150000035,-0.007144257977754742,0.18442859260967695,-0.2013099852960834,"{""type"":""Point"",""coordinates"":[73.21088063112079,33.5791054624882]}"
4302,25.699414820000015,-0.09109638430106788,0.27699077702091746,-0.2634843635062327,"{""type"":""Point"",""coordinates"":[73.03144830760907,33.79516923879972]}"
4303,34.52816048,-0.014817950889077053,0.12934908669179473,-0.14377477609748934,"{""type"":""Point"",""coordinates"":[73.11062972099036,33.574508247946845]}"
4304,32.229542030000005,0.016395461613067108,0.12741966790774822,-0.15222448648356207,"{""type"":""Point"",""coordinates"":[72.84408593733312,33.599102756402225]}"
4305,33.85139251999999,-0.052243123641538054,0.1905874026893135,-0.21976508120649652,"{""type"":""Point"",""coordinates"":[72.82870328556282,33.66140225787013]}"
4306,31.335729800000024,-0.0313605564549979,0.13688941767466456,-0.1638922722966572,"{""type"":""Point"",""coordinates"":[73.06767686569962,33.56205650056649]}"
4307,33.15753446000002,-0.0032838154808444097,0.10827057279071374,-0.12878254750175933,"{""type"":""Point"",""coordinates"":[73.08958619960225,33.56996272843316]}"
4308,32.97979742000001,0.02772693581811856,0.09536468984321746,-0.12840139040061796,"{""type"":""Point"",""coordinates"":[72.97208962153783,33.619960855616895]}"
4309,26.591518039999983,-0.1005602852361202,0.2664322197102906,-0.2453684643886373,"{""type"":""Point"",""coordinates"":[72.98439581442612,33.79026675910556]}"
4310,31.98173558000002,-0.039796574859838854,0.18522139963682077,-0.1973893102840007,"{""type"":""Point"",""coordinates"":[73.21480099880131,33.668549858243104]}"
4311,29.44556474000001,-0.046462545499036494,0.19434456275091638,-0.20401196551117368,"{""type"":""Point"",""coordinates"":[72.84084938098785,33.766451054346554]}"
4312,31.35965594000004,-0.03188791682515532,0.1615020961555615,-0.18840579710144928,"{""type"":""Point"",""coordinates"":[73.14776764045645,33.50931906611295]}"
4313,33.06524792000005,-0.012753680207206321,0.1575791643245269,-0.17537384422206156,"{""type"":""Point"",""coordinates"":[72.85562364492064,33.7551181878642]}"
4314,29.230229480000048,-0.03532258064516129,0.03229783698303358,-0.01355298823653254,"{""type"":""Point"",""coordinates"":[72.80462296324208,33.56230685914681]}"
4315,28.943115799999987,-0.10424533699507953,0.2284647373334465,-0.21720484359233097,"{""type"":""Point"",""coordinates"":[73.24876198211817,33.61837118044394]}"
4316,24.78509446999999,-0.08930623445673613,0.27508532423208193,-0.25853561874566533,"{""type"":""Point"",""coordinates"":[73.01174178038309,33.7953411908372]}"
4317,30.727322240000035,-0.062054277324211815,0.22737273913854186,-0.23169043074735227,"{""type"":""Point"",""coordinates"":[73.22247425494241,33.5110165011449]}"
4318,30.52224104000004,-0.09003908390254593,0.17326518576764302,-0.18689098357395698,"{""type"":""Point"",""coordinates"":[73.2100043083418,33.70100928575528]}"
4319,31.22635316000003,-0.07546822229045133,0.25368647100930564,-0.2531482541499714,"{""type"":""Point"",""coordinates"":[72.86729393260099,33.74335439841931]}"
4320,32.20390687999998,-0.0035482149025025905,0.14045104196403083,-0.16040955631399317,"{""type"":""Point"",""coordinates"":[73.22258913028985,33.503510335369576]}"
4321,31.54935605000003,-0.07384464265910423,0.21554491490468247,-0.23326055312954877,"{""type"":""Point"",""coordinates"":[73.22015370017496,33.6278918391456]}"
4322,31.95951845000002,8.733878715537571E-5,0.1380761456642036,-0.1784323480468683,"{""type"":""Point"",""coordinates"":[72.91468924339807,33.596073028492356]}"
4323,31.80741655999998,-0.05154601540539554,0.13022836066860238,-0.14799832612637745,"{""type"":""Point"",""coordinates"":[73.24102034256774,33.52563218714741]}"
4324,28.495355180000047,-0.051395657953035,0.21040550879877581,-0.21901487760061644,"{""type"":""Point"",""coordinates"":[72.93211561931375,33.72965557630631]}"
4325,23.197424179999985,-0.10536336530516938,0.26609883553470765,-0.25530352480417756,"{""type"":""Point"",""coordinates"":[73.00616238077738,33.77695077210927]}"
4326,36.04234334,0.008849557522123894,0.08174848152942348,-0.11873133559880548,"{""type"":""Point"",""coordinates"":[73.07248697532376,33.50711160960783]}"
4327,27.945053959999996,-0.058370010623766885,0.27707577921840093,-0.2754407784036872,"{""type"":""Point"",""coordinates"":[73.20399959400896,33.79574022695811]}"
4328,31.03665305000004,-0.05144452797766083,0.22254928195522256,-0.2216992904766998,"{""type"":""Point"",""coordinates"":[72.81579213971285,33.77688244845961]}"
4329,33.49420943000001,-0.021339890113225873,0.17249790911625312,-0.19259193619849357,"{""type"":""Point"",""coordinates"":[72.9320432600657,33.686488887719925]}"
4330,33.677073500000006,-0.0390759682795081,0.237476047084588,-0.24497383640870285,"{""type"":""Point"",""coordinates"":[72.86687846895161,33.75811679877424]}"
4331,31.504921790000026,-0.0499692181407757,0.17259028666373827,-0.18953792502179598,"{""type"":""Point"",""coordinates"":[73.13985803586381,33.50424192232048]}"
4332,33.96760519999998,0.0405355150613611,0.049168207024029575,-0.06904734998304893,"{""type"":""Point"",""coordinates"":[73.02516161092652,33.58751398384993]}"
4333,29.681408120000015,0.04040888037054784,0.07251240672640936,-0.10771046130019543,"{""type"":""Point"",""coordinates"":[73.17861856960002,33.739373936133646]}"
4334,35.30746904,0.01953551912568306,0.06943823573237967,-0.08156576121764683,"{""type"":""Point"",""coordinates"":[73.07417732836457,33.58717410666046]}"
4335,25.36957589000002,-0.15595213302789035,0.3353937262885167,-0.31213063480806646,"{""type"":""Point"",""coordinates"":[73.03070543233532,33.75122505017116]}"
4336,26.654751410000017,-0.0943640682358022,0.22267792521109772,-0.20024974702348913,"{""type"":""Point"",""coordinates"":[72.85615097589996,33.70809918623092]}"
4337,32.07573113000001,-0.04910187712735484,0.20858002523536834,-0.21682367196966737,"{""type"":""Point"",""coordinates"":[72.81817442486074,33.55884609861901]}"
4338,30.306905780000022,-0.05394493088652089,0.21500410696358493,-0.23275798207274612,"{""type"":""Point"",""coordinates"":[73.23180737194534,33.722222956019095]}"
4339,25.019228839999982,-0.14792256662916553,0.27675181221953743,-0.24322507457669845,"{""type"":""Point"",""coordinates"":[72.92127445261706,33.756881240302754]}"
4340,32.684138690000054,-0.00834134046316024,0.16645456449248514,-0.19630584192439862,"{""type"":""Point"",""coordinates"":[73.2101344969498,33.58331226670272]}"
4341,29.06616452000003,-0.1514907851146634,0.32647881583578797,-0.31050387100316634,"{""type"":""Point"",""coordinates"":[72.95297922739067,33.721350634455234]}"
4342,29.900161400000002,-0.04781120078258743,0.22554347826086957,-0.2318418688230009,"{""type"":""Point"",""coordinates"":[73.02213005184912,33.66097316421536]}"
4343,33.85139251999999,0.016457042738251673,0.11289694480829823,-0.13364587089794447,"{""type"":""Point"",""coordinates"":[72.97405572248752,33.59115661745535]}"
4344,33.906080840000016,-0.024402073418412197,0.13799838362068967,-0.17617986913545872,"{""type"":""Point"",""coordinates"":[72.899699474468,33.57484151226145]}"
4345,31.60575338000001,-0.06267080173181441,0.2255825483391175,-0.23759118867114862,"{""type"":""Point"",""coordinates"":[72.85076150688508,33.65130727641193]}"
4346,29.479744940000046,-0.12819423046273176,0.26905838529112963,-0.25067237283810045,"{""type"":""Point"",""coordinates"":[73.25150867120414,33.502272962229235]}"
4347,35.187838339999985,-0.07194859458090656,0.22168109668109667,-0.2281942479962282,"{""type"":""Point"",""coordinates"":[73.16027523195858,33.533185228212]}"
4348,25.832717600000024,-0.07671802109059547,0.164257555847569,-0.17055915444936925,"{""type"":""Point"",""coordinates"":[73.2013986671664,33.75069527943252]}"
4349,33.058411879999994,-0.06253622721710568,0.21774431650428108,-0.2253871578712816,"{""type"":""Point"",""coordinates"":[73.2540200798804,33.54979469684229]}"
4350,29.854018129999986,-0.06275114871394903,0.2038335221925596,-0.22493648622239593,"{""type"":""Point"",""coordinates"":[73.26527470467978,33.7165885314117]}"
4351,25.07562617000002,-0.10977253724212072,0.2869751058693157,-0.26954009526040446,"{""type"":""Point"",""coordinates"":[73.19164403105347,33.78261523083732]}"
4352,29.038820360000045,-0.06629799534971408,0.23745624270711785,-0.2484273259022183,"{""type"":""Point"",""coordinates"":[73.17369536247335,33.75081054178681]}"
4353,30.29665172,-0.12829864097712024,0.25763153857953675,-0.2553207778288164,"{""type"":""Point"",""coordinates"":[73.25757115296945,33.669952469438876]}"
4354,21.276496940000015,-0.12981586077053772,0.21190030538863167,-0.19555868704293108,"{""type"":""Point"",""coordinates"":[73.08231011911101,33.773948415160994]}"
4355,30.074480419999986,0.002027170131009652,0.1351481570705854,-0.17330677290836655,"{""type"":""Point"",""coordinates"":[73.0521375090682,33.72578475435066]}"
4356,31.366491979999978,-0.04601533332309063,0.1845910253510344,-0.20663559186856423,"{""type"":""Point"",""coordinates"":[73.19458888705641,33.60673808335895]}"
4357,30.52224104000004,-0.020090390261603933,0.12206981638725597,-0.14891877833098016,"{""type"":""Point"",""coordinates"":[72.81780274837935,33.782547663475746]}"
4358,32.56963502000002,-0.025366674681413803,0.19495621716287215,-0.21543339627346894,"{""type"":""Point"",""coordinates"":[72.92922742603933,33.57863409945987]}"
4359,34.69906148000001,0.03914566540829167,0.0572957598892257,-0.08025847895078958,"{""type"":""Point"",""coordinates"":[73.00913776250724,33.606175124290374]}"
4360,32.817441470000006,-0.03257811791040261,0.2158860195903829,-0.228841930955038,"{""type"":""Point"",""coordinates"":[72.93877389196798,33.6992537538523]}"
4361,31.103304439999988,-0.0272652079103692,0.16144389845782395,-0.17656785572799147,"{""type"":""Point"",""coordinates"":[72.96929329148536,33.65478427279713]}"
4362,33.97273223000002,-0.02231631454548091,0.16617043800449913,-0.20312633321387738,"{""type"":""Point"",""coordinates"":[72.93904197389918,33.565684246849614]}"
4363,32.19707084000004,-0.015314632297194845,0.15277347381468856,-0.1779607346421786,"{""type"":""Point"",""coordinates"":[72.87196801403883,33.60438803717234]}"
4364,31.966354490000015,-0.07238155601331009,0.21865490231385612,-0.23441432896800787,"{""type"":""Point"",""coordinates"":[73.22240266589385,33.560333661196786]}"
4365,35.44077182000001,0.012504849732891635,0.16163460188175818,-0.2028938088486567,"{""type"":""Point"",""coordinates"":[72.8284712851232,33.55295002040614]}"
4366,27.70237454000005,-0.10160214151584163,0.200609623339865,-0.20385975636379514,"{""type"":""Point"",""coordinates"":[73.2716054801421,33.76686541449233]}"
4367,26.434289120000017,-0.149266924741671,0.3492216854535695,-0.32569178298934637,"{""type"":""Point"",""coordinates"":[73.12337852634101,33.76296062377965]}"
4368,31.98173558000002,-0.006496958242277479,0.12861778925756673,-0.16023829787234042,"{""type"":""Point"",""coordinates"":[73.01273886100147,33.640699811891515]}"
4369,35.40659162000003,-0.022706630336058128,0.15776125029989374,-0.20038378167087167,"{""type"":""Point"",""coordinates"":[72.86391441550785,33.51883527354591]}"
4370,30.862334030000056,-0.02999560181791526,0.18689709931917625,-0.20363200274113413,"{""type"":""Point"",""coordinates"":[73.18174704566816,33.63415792267668]}"
4371,28.047594559999993,-0.13468456893228833,0.30497423299285176,-0.2902224332517623,"{""type"":""Point"",""coordinates"":[73.13565962526069,33.7156839915943]}"
4372,31.20071801000006,-0.05718111112782633,0.2245203784697416,-0.22966281124779087,"{""type"":""Point"",""coordinates"":[72.93231552757484,33.69896872491452]}"
4373,30.645289760000026,-0.0066007642990240974,0.1266171792152704,-0.1545734468393407,"{""type"":""Point"",""coordinates"":[73.1594722152358,33.71297376561044]}"
4374,27.039278660000036,-0.04774778356458474,0.1857284261675515,-0.1810522541901945,"{""type"":""Point"",""coordinates"":[72.98996360028059,33.76574862746813]}"
4375,29.110598780000032,-0.10791175098313671,0.2527886644558336,-0.2513739366107054,"{""type"":""Point"",""coordinates"":[73.08607499329892,33.5721527528931]}"
4376,30.40944638000002,1.6017940092904052E-4,0.12765111825703654,-0.15136311653816356,"{""type"":""Point"",""coordinates"":[73.1257919962797,33.64976624697809]}"
4377,27.70579256000002,-0.08489507444438862,0.26685310856002975,-0.2589742094727227,"{""type"":""Point"",""coordinates"":[73.29579838454364,33.71856345150917]}"
4378,19.72813388000003,-0.08862419407715004,0.12020690430675812,-0.10836671117044949,"{""type"":""Point"",""coordinates"":[73.07991923103793,33.79733867224374]}"
4379,29.594248610000022,-0.05603196557553404,0.22181326790064188,-0.23303845394677816,"{""type"":""Point"",""coordinates"":[73.09078882689926,33.7450824453157]}"
4380,32.367971839999996,-0.04912769822160267,0.05125925925925926,-0.06987162918928233,"{""type"":""Point"",""coordinates"":[73.24282213005826,33.52466123052335]}"
4381,25.883987900000022,-0.11377743458762733,0.2912577901731915,-0.29832092781720615,"{""type"":""Point"",""coordinates"":[73.06408245437495,33.782425476680324]}"
4382,33.62409419000005,0.014871359909527848,0.145054222806441,-0.1719359612538679,"{""type"":""Point"",""coordinates"":[72.98261955151693,33.71959235358603]}"
4383,31.75785527000005,-0.028029640539420995,0.20457323649960452,-0.21979102195361708,"{""type"":""Point"",""coordinates"":[73.25819392156144,33.621645442886575]}"
4384,32.69439275000002,-0.01650947569585759,0.12619341684800722,-0.1312721543914927,"{""type"":""Point"",""coordinates"":[73.04224936801761,33.602873006527915]}"
4385,32.88067483999998,0.04129615428543458,0.07989193361636433,-0.10393416751211813,"{""type"":""Point"",""coordinates"":[73.00121866921965,33.59649906849326]}"
4386,34.182940460000054,-0.022836608126122992,0.18067775064396346,-0.20998320134389248,"{""type"":""Point"",""coordinates"":[72.9306059093322,33.654959763749076]}"
4387,32.32695560000002,-0.025439959527337117,0.1436804771884572,-0.15459261519682638,"{""type"":""Point"",""coordinates"":[72.88949601832144,33.56504179896093]}"
4388,31.014435919999983,-0.05328959180009466,0.19255645489152529,-0.2179443626618352,"{""type"":""Point"",""coordinates"":[73.14870367819515,33.695201594047916]}"
4389,35.34848527999998,-0.018666209301660807,0.16476548455630005,-0.197687705854675,"{""type"":""Point"",""coordinates"":[72.86760917689068,33.55031410906357]}"
4390,34.31966126000003,-0.009451461884992492,0.13339283943270852,-0.15937912143654256,"{""type"":""Point"",""coordinates"":[73.20689479108302,33.63714011611404]}"
4391,34.86654446,-0.07719536296864399,0.2689113589770319,-0.2682943771055465,"{""type"":""Point"",""coordinates"":[72.97363531362772,33.691171920314055]}"
4392,33.742015880000054,-0.04473226599508305,0.17647456024848915,-0.19139770240700218,"{""type"":""Point"",""coordinates"":[72.80857122869203,33.72858945531828]}"
4393,30.75466640000002,-0.161212496133622,0.338109495295124,-0.3249805886920308,"{""type"":""Point"",""coordinates"":[72.88477453390169,33.71186684362953]}"
4394,32.84307662000003,0.023139220979560355,0.09820073704747453,-0.12005306212690692,"{""type"":""Point"",""coordinates"":[73.08119953975596,33.7080365933537]}"
4395,27.340064420000033,-0.04656411680961144,0.232871108929521,-0.21610716591349258,"{""type"":""Point"",""coordinates"":[73.17001292649438,33.78853348113205]}"
4396,32.96270732000005,-0.01767788931331616,0.1807874665017522,-0.20758959943780744,"{""type"":""Point"",""coordinates"":[72.84881319129619,33.537722075962385]}"
4397,31.39725415999999,-0.029040424399761355,0.2072337930121257,-0.2218648286425426,"{""type"":""Point"",""coordinates"":[72.99149700447612,33.5103026899032]}"
4398,34.05989174000001,-0.03934324659231722,0.1712340722639204,-0.20523044868340698,"{""type"":""Point"",""coordinates"":[72.92425939732178,33.66626125126217]}"
4399,26.338584560000015,-0.12725928360170885,0.23673892469241517,-0.21596951435661113,"{""type"":""Point"",""coordinates"":[73.29215412562588,33.74905594658564]}"
4400,27.48533027000002,0.00903680107301534,0.11514442578721959,-0.13471174336232217,"{""type"":""Point"",""coordinates"":[73.120493479342,33.74244077739819]}"
4401,32.774716220000016,-0.004779516358463727,0.11343001261034048,-0.13738245523637768,"{""type"":""Point"",""coordinates"":[73.02525498931583,33.713522231632496]}"
4402,26.553919820000033,-0.11128999798752263,0.21919985869469222,-0.21229418221734359,"{""type"":""Point"",""coordinates"":[73.29988441317101,33.778007560985266]}"
4403,29.404548500000033,-0.1013334899841391,0.3116451533914017,-0.3009506626882243,"{""type"":""Point"",""coordinates"":[73.09739496115813,33.70712055993465]}"
4404,33.54035270000003,0.01680620913035507,0.09781978231942406,-0.12566470752868739,"{""type"":""Point"",""coordinates"":[73.10191793309808,33.65370568393099]}"
4405,32.34062768000001,-0.054916108343354524,0.22157753390139584,-0.25119706591503377,"{""type"":""Point"",""coordinates"":[72.83093336160591,33.62688047444726]}"
4406,29.30884394000003,-0.11729924091090692,0.22394853166440545,-0.2044965113274184,"{""type"":""Point"",""coordinates"":[73.26777666619485,33.62410371566376]}"
4407,31.944137360000013,0.011525150364571083,0.09380925822643614,-0.11685649202733485,"{""type"":""Point"",""coordinates"":[73.03740308317636,33.568572268080295]}"
4408,25.087589240000057,-0.13468448041301845,0.30138027605521106,-0.27610827775598273,"{""type"":""Point"",""coordinates"":[73.08860814753386,33.75147225611695]}"
4409,34.796475050000026,0.00727812449705835,0.06702289195994388,-0.08868057734546596,"{""type"":""Point"",""coordinates"":[73.12360857791812,33.549651350426835]}"
4410,25.531931840000027,-0.16049382716049382,0.26260504201680673,-0.23789907312049433,"{""type"":""Point"",""coordinates"":[72.89617559230828,33.775062884453746]}"
4411,33.00714158000005,-0.03613981161647671,0.18256339006599515,-0.20284760373792154,"{""type"":""Point"",""coordinates"":[72.8672973531109,33.53106903275125]}"
4412,33.762523999999985,-0.04880786673252211,0.21287754218952834,-0.22618464338209562,"{""type"":""Point"",""coordinates"":[72.94014095753276,33.683418990734346]}"
4413,32.37822590000002,-0.06214316359196066,0.20548355682073563,-0.20656819374671964,"{""type"":""Point"",""coordinates"":[72.86343957319018,33.60193846079613]}"
4414,37.51550996000003,0.010334721579515656,0.09921362367009885,-0.12069868995633187,"{""type"":""Point"",""coordinates"":[72.81004855585657,33.76092126712435]}"
4415,29.85572714,-0.07572461225349147,0.23245155584144087,-0.22418337193514895,"{""type"":""Point"",""coordinates"":[73.12750753941036,33.74934558892193]}"
4416,33.73859786000003,0.02532325882836458,0.0784999650178409,-0.11199278629395852,"{""type"":""Point"",""coordinates"":[73.11046173241864,33.64953785090145]}"
4417,36.08335957999998,-0.03328766270162546,0.19155430274521068,-0.21627416842298178,"{""type"":""Point"",""coordinates"":[72.80318317695604,33.54019005101772]}"
4418,30.45217163000001,-0.08880863831545661,0.22561986813897988,-0.22418390433096316,"{""type"":""Point"",""coordinates"":[72.89150677925474,33.76190088945806]}"
4419,35.707377380000025,0.023345808911800013,0.11205454779364467,-0.157375018828767,"{""type"":""Point"",""coordinates"":[72.98763263867224,33.63529274710033]}"
4420,31.32376672999999,-0.028172577500632505,0.18826969384244926,-0.2111002033517986,"{""type"":""Point"",""coordinates"":[73.00389237607699,33.59018655147308]}"
4421,28.861083320000034,-0.08570169640890064,0.24559027965841593,-0.2544228076874125,"{""type"":""Point"",""coordinates"":[72.86064090238283,33.7867874039013]}"
4422,31.44168841999999,0.0021758110786202307,0.15542004332825163,-0.1920727164357026,"{""type"":""Point"",""coordinates"":[72.81817623597318,33.78877756053056]}"
4423,34.41365681000002,-0.0028046120286693674,0.13761931215595172,-0.17339213779691623,"{""type"":""Point"",""coordinates"":[72.906956113093,33.63478397300888]}"
4424,29.141360960000043,-0.14477220692172413,0.3183537773701708,-0.29635892233119154,"{""type"":""Point"",""coordinates"":[72.90170580056332,33.72298676407786]}"
4425,25.42597322000006,-0.12911981388134935,0.30174340634778724,-0.275210000398105,"{""type"":""Point"",""coordinates"":[73.0492546845307,33.750493228231186]}"
4426,34.627283060000025,-0.010327022375215147,0.12884615384615383,-0.15289018319731806,"{""type"":""Point"",""coordinates"":[72.82555678388111,33.67515792905704]}"
4427,32.35088173999998,0.025339942950510952,0.15299436508976544,-0.18323023130715438,"{""type"":""Point"",""coordinates"":[73.1643640215932,33.56523308026678]}"
4428,33.86164658000001,-0.047271583582324264,0.20647113172340079,-0.21385997849187977,"{""type"":""Point"",""coordinates"":[72.80091434269917,33.593479780287765]}"
4429,27.11789312000002,-0.11557103907906695,0.2517527087316762,-0.22924142535258282,"{""type"":""Point"",""coordinates"":[72.91675589530377,33.76701155910751]}"
4430,31.940719339999987,-0.07254209104136354,0.19633679817612737,-0.21259595801347328,"{""type"":""Point"",""coordinates"":[72.91124596038145,33.51182186482917]}"
4431,31.561319120000007,-0.03242298731555786,0.17899637868598034,-0.19713342338286058,"{""type"":""Point"",""coordinates"":[73.23391151097633,33.572464003576734]}"
4432,33.55060676000005,0.019863052458830854,0.09835753693956496,-0.14376279469061612,"{""type"":""Point"",""coordinates"":[72.93138658021729,33.60443649673175]}"
4433,30.178730029999997,-0.08134105341800522,0.23544474872852722,-0.23535687613357517,"{""type"":""Point"",""coordinates"":[73.03368281314984,33.608332300515045]}"
4434,31.83817873999999,-0.023387668320340185,0.17741387511041654,-0.20358408001667014,"{""type"":""Point"",""coordinates"":[73.19376590724993,33.59039096745287]}"
4435,28.42357676000006,-0.08944881363856468,0.26475149259517716,-0.2610846959681472,"{""type"":""Point"",""coordinates"":[72.94728541005746,33.74756079815732]}"
4436,36.00816314000002,-0.014429383471797114,0.14920567526448006,-0.1901359422520245,"{""type"":""Point"",""coordinates"":[72.8951588125816,33.50451950692442]}"
4437,33.51642656000001,-0.014286135084980412,0.14952428642964447,-0.19000552944429086,"{""type"":""Point"",""coordinates"":[72.94428601201083,33.59394867765202]}"
4438,29.008058180000035,-0.0843129892261922,0.27878457555525277,-0.2706041631409714,"{""type"":""Point"",""coordinates"":[73.1802654166726,33.64219084015698]}"
4439,23.663983910000013,-0.0395920711439063,0.21129045340254685,-0.21602475368455337,"{""type"":""Point"",""coordinates"":[72.9976686582056,33.75902533886483]}"
4440,30.592310450000014,-0.06035130081420516,0.20888306979554838,-0.2326783513624538,"{""type"":""Point"",""coordinates"":[73.17272899702802,33.65354663173316]}"
4441,32.96270732000005,-0.028870582800831473,0.18052365640790077,-0.1891160820742797,"{""type"":""Point"",""coordinates"":[72.85340514187352,33.64273352854218]}"
4442,31.69120387999999,0.014298818324070577,0.13522247079294059,-0.179569961903532,"{""type"":""Point"",""coordinates"":[72.89100030247583,33.62306275778735]}"
4443,30.77346551000005,-0.06060040441748328,0.21346834902386502,-0.22289178234513432,"{""type"":""Point"",""coordinates"":[73.22048019219541,33.595711003983794]}"
4444,32.95928930000002,-0.013687098584523289,0.14925505028189676,-0.17660044150110377,"{""type"":""Point"",""coordinates"":[72.92271021183363,33.59500393144288]}"
4445,31.01785394000001,-0.05794763618314928,0.2208340791122248,-0.23185840707964603,"{""type"":""Point"",""coordinates"":[73.24883388884047,33.50682219108493]}"
4446,32.50469264000003,-0.024726767707264053,0.17777083767090013,-0.19658029261413715,"{""type"":""Point"",""coordinates"":[73.05271107392136,33.70207347778885]}"
4447,30.447044600000027,-0.06754691209470226,0.1946719074134731,-0.21160447348023476,"{""type"":""Point"",""coordinates"":[73.06014976681313,33.519046824385896]}"
4448,31.94242835,-0.10115606936416185,0.24578446096230253,-0.23694293965533514,"{""type"":""Point"",""coordinates"":[73.02909705638858,33.70831546124969]}"
4449,28.420158740000034,-0.12075196445741189,0.2889363405845456,-0.27642782969885776,"{""type"":""Point"",""coordinates"":[73.28079469275059,33.69071376510019]}"
4450,27.499002350000012,-0.12395140798496293,0.28853329076797224,-0.27203608501250764,"{""type"":""Point"",""coordinates"":[73.29101003585848,33.767113707899234]}"
4451,32.14580053999998,-0.06679609294424559,0.22587841606246514,-0.2363943186612291,"{""type"":""Point"",""coordinates"":[73.281291139536,33.526852837644064]}"
4452,32.514946699999996,-0.039333519930190824,0.17275716647778996,-0.18164801018307064,"{""type"":""Point"",""coordinates"":[73.09128404805408,33.54066945683625]}"
4453,36.221789390000026,0.007483990432836972,0.1428977575606809,-0.17060386561351146,"{""type"":""Point"",""coordinates"":[72.92207967288766,33.57587015134512]}"
4454,31.315221680000036,-0.06874883344739625,0.2384557153671461,-0.24442190669371197,"{""type"":""Point"",""coordinates"":[73.26147536608646,33.66486462669565]}"
4455,34.147051250000004,-0.04614116192102706,0.22358451577352254,-0.23215648193105362,"{""type"":""Point"",""coordinates"":[72.91504972006841,33.67725146001654]}"
4456,33.888990740000054,-0.004233079144826322,0.14154188236111592,-0.17170672562584693,"{""type"":""Point"",""coordinates"":[73.14034137643631,33.52050595976502]}"
4457,31.253697320000015,0.008258079847908745,0.12063641245972073,-0.1529907445779804,"{""type"":""Point"",""coordinates"":[73.23607751908516,33.58914906434646]}"
4458,34.15901431999998,0.010892796603923765,0.13122049898853674,-0.1763344727846437,"{""type"":""Point"",""coordinates"":[72.96909268682946,33.537739767648134]}"
4459,31.80058052000004,-0.020266047674314794,0.1678305003917294,-0.1979035639412998,"{""type"":""Point"",""coordinates"":[72.88676181060303,33.57285180182564]}"
4460,30.361594100000048,-0.06906102028053247,0.2408572416176979,-0.25486768972629076,"{""type"":""Point"",""coordinates"":[73.22168453465228,33.783793344838486]}"
4461,32.75079008,0.01876740525487347,0.08683698786293838,-0.1432602101996191,"{""type"":""Point"",""coordinates"":[73.22077197980524,33.713111131482094]}"
4462,31.756146260000037,-0.04774535809018567,0.20405486832311345,-0.21865470852017937,"{""type"":""Point"",""coordinates"":[72.86155988966108,33.56162672377059]}"
4463,33.00030554,-0.06491137393207869,0.23062328718993746,-0.2347881266304731,"{""type"":""Point"",""coordinates"":[72.90716197712176,33.62833750309757]}"
4464,26.02925375000001,-0.13581904414447282,0.3401287923137849,-0.32561229008413667,"{""type"":""Point"",""coordinates"":[73.11128368655211,33.77189505619914]}"
4465,31.17850088,-0.07384421360061066,0.22477098947687182,-0.2242612281962995,"{""type"":""Point"",""coordinates"":[72.82772810124484,33.64888769909896]}"
4466,33.201968720000025,-0.0018577942915048134,0.10708820126161771,-0.12707098343213255,"{""type"":""Point"",""coordinates"":[73.03356399703715,33.62213919157704]}"
4467,33.639475280000056,-0.06151010376843255,0.17470630453669778,-0.18396406000152288,"{""type"":""Point"",""coordinates"":[72.96255660025984,33.629463699953554]}"
4468,32.23466905999999,-0.0792427085110012,0.251206201059875,-0.23697071587754623,"{""type"":""Point"",""coordinates"":[72.87084219602943,33.75281707116068]}"
4469,32.92340009000003,-0.023324838854744415,0.18324262488300344,-0.19897430493352303,"{""type"":""Point"",""coordinates"":[72.98012233999694,33.71614368000382]}"
4470,33.560860820000016,-0.02872564834346693,0.16825195518917777,-0.18864475429226854,"{""type"":""Point"",""coordinates"":[73.12801710583828,33.58135182848141]}"
4471,27.177708470000027,-0.10135368332246808,0.23875865341068386,-0.22090675282164643,"{""type"":""Point"",""coordinates"":[72.83889899736766,33.50011780619101]}"
4472,36.75158249000003,-0.01391680370302698,0.12669622009407466,-0.1519366166727213,"{""type"":""Point"",""coordinates"":[73.11587820027516,33.554446979257165]}"
4473,34.10090797999999,-0.031961803971657085,0.14793139609620784,-0.19187945628885533,"{""type"":""Point"",""coordinates"":[72.82986798158507,33.52842985280436]}"
4474,34.67855336000002,-0.04707698828373346,0.18835898845519516,-0.22082597952700317,"{""type"":""Point"",""coordinates"":[73.1994432839423,33.66278043594691]}"
4475,33.53180765000002,-0.04303754698652701,0.22056013179571665,-0.24413098236775818,"{""type"":""Point"",""coordinates"":[72.92555406698732,33.67849396171342]}"
4476,29.86939921999999,-0.08003912042149099,0.26844269887732036,-0.2618038406251152,"{""type"":""Point"",""coordinates"":[73.11698790711316,33.74725723956884]}"
4477,32.183398760000046,-0.04353822222934941,0.20058300431718387,-0.2091044221479004,"{""type"":""Point"",""coordinates"":[72.99529670955657,33.51385701720498]}"
4478,31.123812560000033,-0.051771601101145544,0.213358830760825,-0.22965116279069767,"{""type"":""Point"",""coordinates"":[73.15012437730567,33.670976424069295]}"
4479,31.516884860000005,-0.023212969786293294,0.15632048301467782,-0.17033082812390252,"{""type"":""Point"",""coordinates"":[72.9712753034725,33.61094847469943]}"
4480,34.08039986000006,-0.02697501164054012,0.15319460420370176,-0.1859764840837396,"{""type"":""Point"",""coordinates"":[72.93204708341695,33.53130773396306]}"
4481,28.826903119999997,-0.0050286441756842775,0.18402699662542182,-0.20577341631982893,"{""type"":""Point"",""coordinates"":[72.93730497248599,33.778297280840704]}"
4482,27.39133472000003,-0.10344564429350937,0.22492375465943748,-0.21335962740737632,"{""type"":""Point"",""coordinates"":[72.89107407072139,33.7281514659204]}"
4483,25.663525610000022,-0.14940478357421094,0.29911329643878454,-0.27366977288313366,"{""type"":""Point"",""coordinates"":[73.29265411007073,33.7467722266647]}"
4484,32.40215204000003,-0.08563788376265105,0.24188801982498256,-0.24260974003331912,"{""type"":""Point"",""coordinates"":[72.91249855196926,33.69654399511872]}"
4485,30.964874630000054,-0.05811127047633426,0.19243202776738014,-0.21208557444527074,"{""type"":""Point"",""coordinates"":[73.06813483043233,33.69287507665934]}"
4486,34.55208662000001,-0.010457630574732733,0.17066585670412743,-0.19807964632335165,"{""type"":""Point"",""coordinates"":[72.81426821238485,33.53280135991117]}"
4487,31.841596760000016,-0.047933061681545305,0.2024412877435934,-0.22003331643369306,"{""type"":""Point"",""coordinates"":[73.1961920043529,33.62825168816918]}"
4488,24.88934408,-0.16686643558262335,0.3402790697674419,-0.32052645085603254,"{""type"":""Point"",""coordinates"":[73.17801568995877,33.77655538576043]}"
4489,32.25517718000003,-0.03427375261661512,0.21308952325112682,-0.22136953955135774,"{""type"":""Point"",""coordinates"":[73.05870254596864,33.650977437179]}"
4490,34.010330450000026,0.00606008012611909,0.10545957597400508,-0.16004118769095727,"{""type"":""Point"",""coordinates"":[72.83157283168445,33.611060530312386]}"
4491,23.301673789999995,-0.1069301913087546,0.22874622037831377,-0.20829779877837962,"{""type"":""Point"",""coordinates"":[73.04036668893518,33.796146562356306]}"
4492,31.016144929999996,-0.04479570161189554,0.1909272183449651,-0.19908220700534185,"{""type"":""Point"",""coordinates"":[72.85844765436873,33.666048750805906]}"
4493,30.009538040000052,-0.04451774959900735,0.19504172293203145,-0.20236892527434244,"{""type"":""Point"",""coordinates"":[72.83167163958895,33.768685954429074]}"
4494,34.670008310000014,-0.007309560660159063,0.15951385581485597,-0.19629467860522676,"{""type"":""Point"",""coordinates"":[72.97730661053858,33.52972392195767]}"
4495,28.02537743000005,-0.020368758407849963,0.15825593302552862,-0.17793652823707817,"{""type"":""Point"",""coordinates"":[73.16856964248663,33.72283925778223]}"
4496,33.560860820000016,-0.03982777179763186,0.19749238506764893,-0.2131324004305705,"{""type"":""Point"",""coordinates"":[73.25295211278588,33.551095758410575]}"
4497,32.79693335000002,0.023165632099086977,0.10267215471057102,-0.14087268056916888,"{""type"":""Point"",""coordinates"":[72.87405963369541,33.62665770659997]}"
4498,33.48908240000003,-0.06899335527541452,0.19895524986940624,-0.21349265094638892,"{""type"":""Point"",""coordinates"":[73.0962227802411,33.527749082266304]}"
4499,32.17656271999999,0.029024429703931404,0.0994559144118563,-0.11688843398157625,"{""type"":""Point"",""coordinates"":[72.987014345714,33.67389390370381]}"
4500,31.616007440000033,0.010957507804038988,0.11932227829848593,-0.1315597667638484,"{""type"":""Point"",""coordinates"":[73.07438128828349,33.71095380375321]}"
4501,27.979234160000033,-0.1297186902958034,0.31639350554638623,-0.2916054683086657,"{""type"":""Point"",""coordinates"":[72.94875032373737,33.74816152452882]}"
4502,27.99632426000005,-0.11265816974463332,0.3111680069236594,-0.28594164456233423,"{""type"":""Point"",""coordinates"":[73.13683309458801,33.725985896853615]}"
4503,29.185795220000045,-0.0952186083056424,0.27572597098022766,-0.26282014985938884,"{""type"":""Point"",""coordinates"":[73.2686315280505,33.58489797011536]}"
4504,31.499794759999986,-0.0023044598075098277,0.09475866153390583,-0.11907374475008513,"{""type"":""Point"",""coordinates"":[73.0982975713268,33.552448434604656]}"
4505,31.682658830000037,-0.05462970360309979,0.21455910496098926,-0.2229757272558829,"{""type"":""Point"",""coordinates"":[73.2226439187459,33.61734050040348]}"
4506,33.65314736000005,-0.033979612232660404,0.14810978767477992,-0.16295102851361984,"{""type"":""Point"",""coordinates"":[73.06151540846417,33.532350588563276]}"
4507,31.13064860000003,-0.030481346357537954,0.16699986671997868,-0.200850305149832,"{""type"":""Point"",""coordinates"":[72.83554937018557,33.62762401952802]}"
4508,35.676615200000015,0.04187604690117253,0.04684475416182733,-0.073286905062606,"{""type"":""Point"",""coordinates"":[73.02080589703662,33.59079069265345]}"
4509,32.364553820000026,-0.022311819807803075,0.17434227708808525,-0.19793257788355653,"{""type"":""Point"",""coordinates"":[72.95726889483312,33.53266835187477]}"
4510,34.336751359999994,-0.03533363872346923,0.19385850618023032,-0.21286491127647394,"{""type"":""Point"",""coordinates"":[72.92915407861983,33.59893453560484]}"
4511,23.6110046,-0.1845366618356059,0.38492928035411694,-0.3640326975476839,"{""type"":""Point"",""coordinates"":[73.13092830907482,33.787655197281616]}"
4512,33.59504102000005,0.03624020202682759,0.05326164874551971,-0.08403423343662388,"{""type"":""Point"",""coordinates"":[73.09156411376328,33.64217751573973]}"
4513,32.51665571000001,-0.03068786470975935,0.1707904972335336,-0.1856865464632455,"{""type"":""Point"",""coordinates"":[72.95697645659845,33.56301265973689]}"
4514,33.11310020000002,-0.009769417475728156,0.18373879641485275,-0.2060006522448092,"{""type"":""Point"",""coordinates"":[72.84709010187437,33.678574334795115]}"
4515,29.75318654,-0.06566499721758487,0.2262103802781829,-0.23703570787726538,"{""type"":""Point"",""coordinates"":[73.10080950779754,33.67949629537769]}"
4516,25.93525820000002,-0.09048062015503876,0.28801640785232935,-0.279161968501073,"{""type"":""Point"",""coordinates"":[73.08632457002267,33.7836736432089]}"
4517,28.611567860000036,-0.008275220827522082,0.19191030995823258,-0.2086042278114203,"{""type"":""Point"",""coordinates"":[72.94554366782484,33.785409633778336]}"
4518,31.229771180000057,-0.03355624552185336,0.17479385116563168,-0.18500770152319015,"{""type"":""Point"",""coordinates"":[73.22972687829616,33.6437064801895]}"
4519,31.058870179999985,-0.05904639589019104,0.19837232960325535,-0.21077747595624405,"{""type"":""Point"",""coordinates"":[73.24782546517336,33.593507488751705]}"
4520,30.341085980000003,-0.043062473317205065,0.2622877415354941,-0.26945858879767226,"{""type"":""Point"",""coordinates"":[72.96094186358094,33.76067248657122]}"
4521,32.43975025999998,-0.023549000951474785,0.22244318181818182,-0.2431924882629108,"{""type"":""Point"",""coordinates"":[72.84324038439087,33.72075867180018]}"
4522,33.29083724000003,9.797706184081609E-4,0.19369888955840578,-0.22029602773720058,"{""type"":""Point"",""coordinates"":[72.85876177555059,33.64753155372752]}"
4523,28.96704194000006,-0.09845164138626974,0.26792246792246793,-0.2643786638595982,"{""type"":""Point"",""coordinates"":[72.84953890311073,33.793995882903296]}"
4524,31.75272824000001,-0.04272252331429129,0.22085445329471398,-0.22320866028982186,"{""type"":""Point"",""coordinates"":[73.27148573946378,33.623987032645836]}"
4525,29.79591178999999,-0.05413360634758126,0.23140171547100705,-0.23632270168855535,"{""type"":""Point"",""coordinates"":[72.91333124789176,33.78781965879162]}"
4526,27.379371650000053,-0.05298169342377498,0.07110317819751179,-0.049490994518402505,"{""type"":""Point"",""coordinates"":[72.81101897793695,33.566175880765435]}"
4527,34.825528220000024,0.0044438719649642555,0.11569830386142187,-0.13457374582553489,"{""type"":""Point"",""coordinates"":[72.9816174067663,33.69750581440236]}"
4528,32.32353757999999,-0.03174709712061212,0.09682483053870852,-0.16839584996009577,"{""type"":""Point"",""coordinates"":[73.25714087198135,33.764788142395815]}"
4529,33.10626416000002,-0.010837735849056604,0.138989046873937,-0.16693385376733813,"{""type"":""Point"",""coordinates"":[72.9976643328142,33.69467039469078]}"
4530,33.42926705000002,-0.0273885449156619,0.148646773074254,-0.16946338361536015,"{""type"":""Point"",""coordinates"":[73.02412885558205,33.63175389426337]}"
4531,32.364553820000026,-0.01810785615412865,0.1902638792562502,-0.21834961630776512,"{""type"":""Point"",""coordinates"":[72.8216173191108,33.67645126569603]}"
4532,32.46538541000001,-0.040512734019227524,0.200046685340803,-0.2013787462756324,"{""type"":""Point"",""coordinates"":[72.82841923440577,33.70083289952045]}"
4533,29.39429444000001,-0.06933855657676662,0.21986937091784117,-0.2256838905775076,"{""type"":""Point"",""coordinates"":[73.05395065353083,33.630684156693505]}"
4534,31.120394540000007,-0.059360069494715506,0.13043142404696612,-0.17532728294916072,"{""type"":""Point"",""coordinates"":[73.25345407223912,33.76237897108825]}"
4535,32.15605460000006,-0.08023967282756872,0.24790331441128,-0.2504679070791589,"{""type"":""Point"",""coordinates"":[72.99636069747778,33.688396128776596]}"
4536,31.19559098000002,-0.03292181069958848,0.18168384879725086,-0.2018593922024361,"{""type"":""Point"",""coordinates"":[73.16657675685228,33.58371122225557]}"
4537,34.459800080000036,0.007997706750752473,0.14128355649363497,-0.17535577216995551,"{""type"":""Point"",""coordinates"":[72.921061046786,33.61698914043468]}"
4538,33.80354024000002,-0.03478523895946763,0.19881555201233508,-0.2129055132068782,"{""type"":""Point"",""coordinates"":[72.83016630224681,33.708138245190796]}"
4539,31.62284348000003,-0.07684192016880605,0.23199484992355354,-0.22245289045033537,"{""type"":""Point"",""coordinates"":[72.91807008267602,33.69781345303653]}"
4540,30.385520240000005,-0.07307997977024781,0.13868976885038525,-0.17806860995439222,"{""type"":""Point"",""coordinates"":[73.24161346410821,33.78241130360771]}"
4541,33.93000698000003,0.021724818959842,0.08593256934064109,-0.13070245218413862,"{""type"":""Point"",""coordinates"":[73.26449677575329,33.51784394299853]}"
4542,34.389730670000006,0.015496062992125983,0.10298346830395737,-0.12459075373268573,"{""type"":""Point"",""coordinates"":[73.108292487751,33.65725699334674]}"
4543,26.95041014000003,-0.11952191235059761,0.24763853218996212,-0.22854693527646808,"{""type"":""Point"",""coordinates"":[73.2888083698528,33.749979970956325]}"
4544,31.595499320000044,-0.02397186314133218,0.14223767078500876,-0.17786925970615375,"{""type"":""Point"",""coordinates"":[73.21185264346069,33.708055832104456]}"
4545,26.805144290000044,-0.10313819049366857,0.2533883815004796,-0.22994761826812898,"{""type"":""Point"",""coordinates"":[73.18281482257733,33.75744427870186]}"
4546,33.55402478000002,-0.024257914791526194,0.1348158443363447,-0.19125344227016577,"{""type"":""Point"",""coordinates"":[72.82753619616217,33.56667091289954]}"
4547,28.090319809999983,-0.09263162120391,0.21149266685954643,-0.19196829359083842,"{""type"":""Point"",""coordinates"":[72.84919164180299,33.72275511187954]}"
4548,37.07458538000003,-0.005199094745856015,0.08971553610503283,-0.11913922843814907,"{""type"":""Point"",""coordinates"":[73.15489109938504,33.53186895149866]}"
4549,34.42220186000003,-0.022768697522933038,0.18566628563511034,-0.21327803771444775,"{""type"":""Point"",""coordinates"":[72.95892319367614,33.56722510218042]}"
4550,23.71012718000003,-0.09498510826692426,0.226324092855533,-0.21585627457990705,"{""type"":""Point"",""coordinates"":[73.14662144833206,33.78221203122445]}"
4551,31.64164259000006,-0.09257753513764665,0.23096769368830392,-0.23572688712886153,"{""type"":""Point"",""coordinates"":[72.98643909334815,33.67970012693388]}"
4552,24.39373118000003,-0.15851516685023664,0.37020737246065555,-0.3445035583500311,"{""type"":""Point"",""coordinates"":[73.14918454510645,33.769257431452786]}"
4553,32.80547840000003,-0.07525851531269616,0.23307444591778745,-0.23438388895209922,"{""type"":""Point"",""coordinates"":[73.27156317326865,33.53753819077705]}"
4554,34.282063040000025,0.04209604633932781,0.05223438887244747,-0.07449380477485645,"{""type"":""Point"",""coordinates"":[73.09048558201201,33.6253591487616]}"
4555,31.43827040000002,-0.054263088158259636,0.19462290502793297,-0.2101726089417091,"{""type"":""Point"",""coordinates"":[73.22997144045861,33.64346634917994]}"
4556,31.600626350000027,-0.009818360333824251,0.16330671989354625,-0.1847472557257081,"{""type"":""Point"",""coordinates"":[72.97391953808828,33.666632089415984]}"
4557,27.55539968000005,-0.11297958565314548,0.2443258807588076,-0.23206574147834472,"{""type"":""Point"",""coordinates"":[72.8919359353431,33.732256287730664]}"
4558,33.69074558,0.002403334245991908,0.1184174624829468,-0.14090877461554518,"{""type"":""Point"",""coordinates"":[73.1966715949523,33.65360689927136]}"
4559,25.26532628000001,-0.15142741123920836,0.3138724364398243,-0.28323790409853805,"{""type"":""Point"",""coordinates"":[73.1126055372694,33.770394942182975]}"
4560,31.253697320000015,-0.036212041965357045,0.19491946356347123,-0.2140874517861649,"{""type"":""Point"",""coordinates"":[73.21543760011706,33.620852187486314]}"
4561,29.595957620000036,-0.01950254381006218,0.2071215822763629,-0.23042810847688897,"{""type"":""Point"",""coordinates"":[72.85008511836902,33.786769826630575]}"
4562,29.630137820000016,-0.026566830508215046,0.19679388767896033,-0.21356165375425384,"{""type"":""Point"",""coordinates"":[73.2683888117835,33.7233863915386]}"
4563,33.37628774000001,0.006063448460688084,0.11812477624314598,-0.13861386138613863,"{""type"":""Point"",""coordinates"":[72.87888024614422,33.66651580486326]}"
4564,32.57134402999998,-0.0463730438746054,0.17440648742871218,-0.1857519990817615,"{""type"":""Point"",""coordinates"":[73.29285735907212,33.581367763126224]}"
4565,34.37776760000003,-0.012162483644581897,0.14693444307785622,-0.16688950598237856,"{""type"":""Point"",""coordinates"":[72.97926236379429,33.6388389378829]}"
4566,36.95153665999999,0.030821249756161,0.07500901550667148,-0.09470823693584518,"{""type"":""Point"",""coordinates"":[73.06714822838244,33.651472928418116]}"
4567,26.591518039999983,-0.0781347627347167,0.25931474226012136,-0.2573346116970278,"{""type"":""Point"",""coordinates"":[73.2054096639544,33.78986157813193]}"
4568,31.322057720000032,0.007464034190092096,0.13050632477460491,-0.15315756346597664,"{""type"":""Point"",""coordinates"":[72.99810657924341,33.58180162468489]}"
4569,28.562006569999994,-0.011365698355355405,0.15948332923577357,-0.1728808371434584,"{""type"":""Point"",""coordinates"":[73.25246118532604,33.7147791141195]}"
4570,34.45296403999998,-0.0029832935560859188,0.11295839923492845,-0.1497074245763356,"{""type"":""Point"",""coordinates"":[72.90089135734132,33.69495883054958]}"
4571,36.37730929999998,-0.02220216606498195,0.1504316912138141,-0.19066475102498512,"{""type"":""Point"",""coordinates"":[72.81810942753901,33.512137929625496]}"
4572,33.59845904000002,-0.03464538901907276,0.20281384161795893,-0.22803126320236586,"{""type"":""Point"",""coordinates"":[72.84611967858578,33.58710495938342]}"
4573,30.098406560000058,-0.10333522898337404,0.23602158596912007,-0.23205080313784088,"{""type"":""Point"",""coordinates"":[73.08149817406206,33.55475819397703]}"
4574,29.616465740000024,-0.06608870844653378,0.24050722835932228,-0.24621752783328577,"{""type"":""Point"",""coordinates"":[72.82537696954341,33.78536450507136]}"
4575,36.43712464999999,0.03262384688875315,0.0820194800644664,-0.10802956371986222,"{""type"":""Point"",""coordinates"":[73.04995407835374,33.55104459678577]}"
4576,35.538185390000024,-0.009540562296890372,0.1460240637638976,-0.18399244728836672,"{""type"":""Point"",""coordinates"":[72.91331808831443,33.54947150538538]}"
4577,33.61896716000001,0.03318548256548062,0.0670335167583792,-0.09348566406679117,"{""type"":""Point"",""coordinates"":[73.08953894143391,33.63983295174314]}"
4578,32.743954040000006,-0.09006448034389516,0.22369240348692404,-0.22708292682926828,"{""type"":""Point"",""coordinates"":[73.2545152378982,33.501460031365255]}"
4579,35.37241142000005,-0.0304797402909703,0.1657768558506478,-0.20609344216155362,"{""type"":""Point"",""coordinates"":[72.86296292424676,33.51687076657933]}"
4580,26.769255079999994,-0.10904146040814729,0.235574931880109,-0.2186008513565808,"{""type"":""Point"",""coordinates"":[73.28699520311602,33.7358454007133]}"
4581,32.34062768000001,-0.02287530285390642,0.17518617598149086,-0.19527889105416038,"{""type"":""Point"",""coordinates"":[73.02350811796543,33.50988898405656]}"
4582,22.248923630000036,-0.08475747218384118,0.25615276111076024,-0.24208422674188645,"{""type"":""Point"",""coordinates"":[73.12047193904397,33.799054375007216]}"
4583,32.55254492000006,-0.053046968144951384,0.18542182567437288,-0.19134465595197386,"{""type"":""Point"",""coordinates"":[72.869674056474,33.606999057191395]}"
4584,28.346671310000033,-0.08302761150801313,0.20514803833096987,-0.1936836280831684,"{""type"":""Point"",""coordinates"":[72.8883493209991,33.77344704290258]}"
4585,30.976837700000033,-0.10069633068299669,0.2607047909949658,-0.2510571417879729,"{""type"":""Point"",""coordinates"":[72.95651632402112,33.51036637540575]}"
4586,28.98071402000005,-0.11407558343150052,0.295784035994001,-0.2890534342708736,"{""type"":""Point"",""coordinates"":[73.21845887559184,33.779876735883924]}"
4587,23.83146689,-0.08256517434825651,0.17677444040558637,-0.1703094156539111,"{""type"":""Point"",""coordinates"":[73.00200598635499,33.76516631589984]}"
4588,30.66067085000003,-0.04361478837159337,0.2208259222024592,-0.23365764076114562,"{""type"":""Point"",""coordinates"":[72.87803635530327,33.71365779523926]}"
4589,32.39189798000001,0.054693877551020405,0.051930355791067376,-0.07529211483401686,"{""type"":""Point"",""coordinates"":[72.99182463141604,33.61637990921984]}"
4590,31.36478297000002,-0.03863448655593282,0.1822217579777511,-0.20423471830611267,"{""type"":""Point"",""coordinates"":[72.98307781587896,33.60754221004594]}"
4591,30.992218790000038,-0.0324089644418626,0.19467883741088646,-0.21069898352485614,"{""type"":""Point"",""coordinates"":[73.27064048978256,33.687406568803404]}"
4592,33.335271499999976,-0.04819550089011167,0.2051205715986901,-0.2248572185029691,"{""type"":""Point"",""coordinates"":[72.90346979495817,33.712115422535554]}"
4593,30.985382749999985,-0.03779551787210038,0.19594980596103462,-0.20835157836073404,"{""type"":""Point"",""coordinates"":[72.99229060358167,33.51314673716581]}"
4594,29.493417020000038,-0.04849050731403672,0.22075663139585447,-0.23209713993124131,"{""type"":""Point"",""coordinates"":[73.28072969180663,33.79103003349283]}"
4595,31.455360499999983,0.009683530980282086,0.160083843656241,-0.17037774184185428,"{""type"":""Point"",""coordinates"":[72.81743606426004,33.54604958203354]}"
4596,31.27762346000003,-0.06591840370568323,0.2279117496151873,-0.23530626290433584,"{""type"":""Point"",""coordinates"":[73.19866198740048,33.58529422979752]}"
4597,36.61144367000003,0.018953285121842547,0.070476261710204,-0.09569744296432399,"{""type"":""Point"",""coordinates"":[72.8567521092691,33.68950114162346]}"
4598,31.96464548000006,-0.024265524759619156,0.17306794093342434,-0.18973873118828116,"{""type"":""Point"",""coordinates"":[73.14988736835461,33.602004569246226]}"
4599,26.061724939999976,-0.08975246667820669,0.19362942598473717,-0.17022166457549143,"{""type"":""Point"",""coordinates"":[72.84663081665471,33.50368797513238]}"
4600,25.948930280000013,0.011390887290167866,0.15085319468192762,-0.16200408709745615,"{""type"":""Point"",""coordinates"":[73.09811682036356,33.78738012409554]}"
4601,31.670695760000058,0.01305376281283766,0.1348556077904634,-0.15711986852466875,"{""type"":""Point"",""coordinates"":[73.0429066509411,33.67963314497677]}"
4602,30.047136260000002,-0.059266480653511276,0.21514789248389957,-0.21346324180690876,"{""type"":""Point"",""coordinates"":[72.99070181008287,33.65180979323623]}"
4603,29.888198330000023,-0.03732274895169809,0.20559513401908447,-0.22094753696901195,"{""type"":""Point"",""coordinates"":[72.85043379785972,33.71861852230833]}"
4604,23.388833299999988,-0.12134288426685078,0.2159468438538206,-0.19492343771554696,"{""type"":""Point"",""coordinates"":[73.05637145224405,33.76165944312656]}"
4605,26.56075586000003,-0.1458037564661151,0.3273095026559044,-0.29693387513852976,"{""type"":""Point"",""coordinates"":[73.04618329564981,33.73778492559124]}"
4606,27.534891560000005,-0.01302128546130074,0.10734077279283383,-0.13393967661691542,"{""type"":""Point"",""coordinates"":[73.17624553389811,33.71987169963562]}"
4607,31.957809440000005,-0.07406913514394511,0.2549121440318532,-0.25900967400177155,"{""type"":""Point"",""coordinates"":[72.87578341137973,33.66122213705839]}"
4608,27.449441060000026,-0.125997012933363,0.3147076283763728,-0.3012375601336712,"{""type"":""Point"",""coordinates"":[73.24817835929538,33.78852686930231]}"
4609,27.60154295000001,-0.09293656404653255,0.2721865823779154,-0.2608437754875065,"{""type"":""Point"",""coordinates"":[73.14332669513723,33.68940563121349]}"
4610,30.178730029999997,-0.03829719892388036,0.23310842558309997,-0.23820487657582848,"{""type"":""Point"",""coordinates"":[73.28027286678316,33.599095139957925]}"
4611,34.09065392000002,-0.09648543106037849,0.2355758652788356,-0.2437009148367093,"{""type"":""Point"",""coordinates"":[73.18620042860532,33.59032026095858]}"
4612,32.53545482000004,-0.023792033341828705,0.21176094825750585,-0.22786198464498264,"{""type"":""Point"",""coordinates"":[73.29470404870125,33.64327575238238]}"
4613,32.514946699999996,-0.034250960307298337,0.12574474756977108,-0.17967067070721823,"{""type"":""Point"",""coordinates"":[73.23680065706526,33.696027972014306]}"
4614,28.498773200000016,-0.07463859465300175,0.25763991339834846,-0.24608462896520303,"{""type"":""Point"",""coordinates"":[73.16655148321234,33.75246718964097]}"
4615,32.648249480000004,-0.0012282497441146367,0.14110020497608614,-0.17071586110208758,"{""type"":""Point"",""coordinates"":[73.22751087277601,33.60611551707264]}"
4616,35.19467438000004,-0.00789972307243842,0.1721870020680069,-0.19375776826405192,"{""type"":""Point"",""coordinates"":[72.8619258277348,33.73445250748946]}"
4617,33.634348250000016,0.023734870705640402,0.0925726790801215,-0.11456669425145782,"{""type"":""Point"",""coordinates"":[73.0653262990745,33.59473804900397]}"
4618,26.251425050000023,-0.09797177995117533,0.30334621272873075,-0.2926736682272555,"{""type"":""Point"",""coordinates"":[73.16431992624533,33.771034144108356]}"
4619,31.66044169999998,0.025536591673131628,0.07227715728818382,-0.09577986987023372,"{""type"":""Point"",""coordinates"":[73.0907910124672,33.55375983058799]}"
4620,31.61429843000002,-0.08995199569307152,0.25026160048031565,-0.26343890304574685,"{""type"":""Point"",""coordinates"":[73.25605690889402,33.6622447591226]}"
4621,31.11355850000001,-0.031118695365197933,0.1553447094051012,-0.1674960354350085,"{""type"":""Point"",""coordinates"":[72.99661977869744,33.682724523305616]}"
4622,32.44487729000002,-0.020841037170707174,0.16723041537004465,-0.1903209672133975,"{""type"":""Point"",""coordinates"":[72.93096931479599,33.692090582694156]}"
4623,31.58866327999999,-0.009454825165860069,0.1214926648625552,-0.14451833278825538,"{""type"":""Point"",""coordinates"":[73.07611035636498,33.664178020709095]}"
4624,35.59800074000003,0.03886397608370702,0.06866105744260932,-0.10201021173278109,"{""type"":""Point"",""coordinates"":[72.97811772609379,33.58322386561765]}"
4625,31.171664840000005,-0.03464685384461876,0.17865137101287074,-0.20425957690108634,"{""type"":""Point"",""coordinates"":[73.24604415420718,33.60582437203627]}"
4626,24.636410599999977,-0.11459197557495104,0.3117225487707239,-0.2896363706178244,"{""type"":""Point"",""coordinates"":[73.14788401095655,33.76717149262115]}"
4627,32.96954335999999,-0.03323084200567644,0.1809948634766153,-0.20385807785049948,"{""type"":""Point"",""coordinates"":[73.15635775803763,33.60617405649667]}"
4628,31.318639700000006,-0.04757085020242915,0.22747618501090325,-0.22515607995876052,"{""type"":""Point"",""coordinates"":[72.94575197802718,33.72547143955028]}"
4629,37.93250840000002,-0.004437827468720474,0.11078744894405218,-0.13423860329776915,"{""type"":""Point"",""coordinates"":[72.81514852736308,33.68955539932677]}"
4630,24.35784196999998,-0.13320811830996188,0.29270068437584507,-0.26886638353479253,"{""type"":""Point"",""coordinates"":[73.03538061736272,33.75264175770572]}"
4631,31.106722460000015,-0.033054094421715696,0.16966288004117497,-0.18893871449925262,"{""type"":""Point"",""coordinates"":[73.25300586363782,33.705791686494216]}"
4632,35.91245858000002,0.01410459096686196,0.07185225128066865,-0.12029307125999507,"{""type"":""Point"",""coordinates"":[73.21129763171396,33.52704211838995]}"
4633,32.78497028000004,-0.05404759057754394,0.19954413240572216,-0.22233199868268247,"{""type"":""Point"",""coordinates"":[72.9160885491608,33.54353893569062]}"
4634,28.080065750000017,-0.11761197985687781,0.26408483690255374,-0.25692568511653036,"{""type"":""Point"",""coordinates"":[72.88143852437838,33.78668678197931]}"
4635,30.778592539999977,0.005104181233393931,0.08333016102630476,-0.11190122685004297,"{""type"":""Point"",""coordinates"":[73.1783688927064,33.7504446305718]}"
4636,28.153553180000017,-0.03789096303622203,0.19888615186890865,-0.21912437377477673,"{""type"":""Point"",""coordinates"":[73.23304616604591,33.73319678414913]}"
4637,33.736888850000014,-0.005833533798412316,0.14212548015364918,-0.1761189831581168,"{""type"":""Point"",""coordinates"":[72.84111918666189,33.59445862791296]}"
4638,33.53351666000003,-0.01084804372681893,0.16996965980246595,-0.21633502231468743,"{""type"":""Point"",""coordinates"":[72.8083075521671,33.57243821357508]}"
4639,34.053055700000016,-0.002007009555761915,0.11715984236189968,-0.16892647469946884,"{""type"":""Point"",""coordinates"":[72.95046881320594,33.647097949375016]}"
4640,32.856748700000026,0.01020620127127446,0.14762363519588953,-0.1877690070627337,"{""type"":""Point"",""coordinates"":[73.20921484587876,33.650494577740346]}"
4641,30.52907707999998,-0.09092183666316159,0.26064239134837375,-0.24222710037916584,"{""type"":""Point"",""coordinates"":[72.882428218144,33.70732450490059]}"
4642,32.23979609000003,-0.04432159216553467,0.16516283659946426,-0.1693461382005978,"{""type"":""Point"",""coordinates"":[73.09399800019548,33.71850449066292]}"
4643,34.90243367000005,0.024490130231796216,0.06938907445318393,-0.09139893334310796,"{""type"":""Point"",""coordinates"":[73.06685290598179,33.59664425068118]}"
4644,35.755229660000055,-0.02595340512139496,0.14720123958938602,-0.19696867632199394,"{""type"":""Point"",""coordinates"":[72.82128763514315,33.5089314805217]}"
4645,33.75226994000002,-0.0013616145723017337,0.17433731947056527,-0.19827648634948222,"{""type"":""Point"",""coordinates"":[72.90291973539875,33.56859438615655]}"
4646,21.60291785000004,-0.13612437534702942,0.22653814798829905,-0.208171941426547,"{""type"":""Point"",""coordinates"":[73.07454750887563,33.76790163507777]}"
4647,30.207783199999994,-0.07932742398256047,0.25528503784348083,-0.2571599268137859,"{""type"":""Point"",""coordinates"":[72.86206881271966,33.71617070549782]}"
4648,27.26144996000005,-0.03463755712371017,0.1914608747396608,-0.20072712280504487,"{""type"":""Point"",""coordinates"":[73.1976671073858,33.739314180735484]}"
4649,24.272391470000002,-0.02916376306620209,0.19633852447396666,-0.1985959501684048,"{""type"":""Point"",""coordinates"":[73.18839803011797,33.795078640215564]}"
4650,31.680949820000023,-0.01631392633878135,0.1614591402847355,-0.1942718566902094,"{""type"":""Point"",""coordinates"":[73.13753203245018,33.511315001826645]}"
4651,33.94367906000002,0.009906122213903128,0.16517554561474854,-0.19328081074514977,"{""type"":""Point"",""coordinates"":[72.92045009295397,33.671935963214025]}"
4652,31.45877852000001,-0.02159122681661437,0.1809024473452678,-0.2072617802008187,"{""type"":""Point"",""coordinates"":[73.23487811841638,33.637142252637744]}"
4653,32.40215204000003,-0.09718232799890576,0.24042215950825377,-0.23635943279901356,"{""type"":""Point"",""coordinates"":[72.80471417154396,33.53794951304613]}"
4654,31.84330577000003,-0.08652776747979536,0.20547043701799486,-0.1943436977871959,"{""type"":""Point"",""coordinates"":[72.86932684788512,33.58829856899655]}"
4655,28.447502900000018,-0.0773144563654463,0.24022265070760723,-0.2504355800091701,"{""type"":""Point"",""coordinates"":[72.92837460474668,33.787619784474245]}"
4656,31.42801634,-0.06653071628855468,0.22111561052132356,-0.23440035403451837,"{""type"":""Point"",""coordinates"":[73.26841312922579,33.68450127146093]}"
4657,30.905059280000046,-0.0869375566218166,0.2352100055289699,-0.23173444362060117,"{""type"":""Point"",""coordinates"":[73.03501189747854,33.71425042512158]}"
4658,34.62044702000003,0.011222039299793079,0.11008240919727337,-0.14074125703532037,"{""type"":""Point"",""coordinates"":[72.89925201334087,33.65615438178558]}"
4659,33.97785926000006,-0.005942857142857143,0.09937965777093134,-0.10494602058749686,"{""type"":""Point"",""coordinates"":[72.98102914452093,33.69273610832202]}"
4660,34.56063167000002,-0.05423100679431748,0.19469429181395023,-0.22388541311869206,"{""type"":""Point"",""coordinates"":[73.27558514757058,33.57830900478268]}"
4661,36.13804790000006,0.02561516389879141,0.10505867271472241,-0.12313335605043196,"{""type"":""Point"",""coordinates"":[72.8046739962341,33.701445418604834]}"
4662,29.288335820000043,-0.09496602319212955,0.2618537421591927,-0.25369667879538593,"{""type"":""Point"",""coordinates"":[73.2636548466954,33.70603199342438]}"
4663,34.073563820000004,-0.02089148767372844,0.1660625587327158,-0.18872314219241823,"{""type"":""Point"",""coordinates"":[72.92561614914432,33.588394058970074]}"
4664,33.59162300000003,-0.029930173182810913,0.17790677220756376,-0.19728231718219202,"{""type"":""Point"",""coordinates"":[73.03898120917162,33.543874993716116]}"
4665,34.65633623000002,-0.007434505546377154,0.15822677475155175,-0.1747626255676345,"{""type"":""Point"",""coordinates"":[73.09184952660596,33.60609017675043]}"
4666,31.651896650000026,-0.049685781618224664,0.16618181818181818,-0.19941656070012717,"{""type"":""Point"",""coordinates"":[73.23018573335386,33.78300968798983]}"
4667,30.942657499999996,-0.059947398651712565,0.22090674838080646,-0.23132572431957857,"{""type"":""Point"",""coordinates"":[72.83179393039455,33.75388342346409]}"
4668,31.576700210000013,-0.029379793465788995,0.19057763497939512,-0.21087589685302266,"{""type"":""Point"",""coordinates"":[72.96818851820801,33.66726299151363]}"
4669,32.38847996000004,-0.031141868512110725,0.2049929676511955,-0.2264691145945172,"{""type"":""Point"",""coordinates"":[72.9988218551462,33.65253378095482]}"
4670,24.957704480000018,-0.08505408062930186,0.21424969052313053,-0.20038072791551467,"{""type"":""Point"",""coordinates"":[73.22844633238293,33.799186267984524]}"
4671,32.34746372000001,-0.051219955197675124,0.21207678883071554,-0.22849966391905757,"{""type"":""Point"",""coordinates"":[72.90370993874035,33.68230881547257]}"
4672,27.196507580000002,-0.006298155311870584,0.19990850869167429,-0.2047307383166839,"{""type"":""Point"",""coordinates"":[72.95914209571083,33.79397037122815]}"
4673,33.1472804,-0.03938253250245152,0.21763942931258107,-0.2322982298229823,"{""type"":""Point"",""coordinates"":[72.98990379361784,33.71743753074991]}"
4674,34.98959318000004,-0.023936325861766253,0.16558409113620465,-0.2014420600858369,"{""type"":""Point"",""coordinates"":[72.83986474672191,33.51790485806665]}"
4675,28.929443719999995,-0.08122984049951174,0.2712406930624174,-0.26617458502269814,"{""type"":""Point"",""coordinates"":[73.17716834104272,33.64044633424883]}"
4676,30.32741390000001,-0.03613206682752512,0.1971627201185729,-0.22169403630077789,"{""type"":""Point"",""coordinates"":[73.00020238005436,33.706857443612854]}"
4677,35.071625659999995,-0.023351866560762508,0.16466589528492914,-0.19049379065641633,"{""type"":""Point"",""coordinates"":[73.28942567511571,33.505166682775226]}"
4678,35.05453555999998,-0.010677987906857069,0.14694503248412294,-0.1680481730662008,"{""type"":""Point"",""coordinates"":[73.19607652521103,33.50043616449526]}"
4679,33.41046793999999,0.016936372600197206,0.14261637509690903,-0.18748686330834444,"{""type"":""Point"",""coordinates"":[72.89942250389339,33.518060119617545]}"
4680,27.606669979999992,-0.03407596915751697,0.11540377908090912,-0.1647322500600336,"{""type"":""Point"",""coordinates"":[73.2931509753639,33.792585398586624]}"
4681,29.64210089000005,-0.060135653753974845,0.2445842068483578,-0.24874070520508515,"{""type"":""Point"",""coordinates"":[73.09798608995602,33.74428838504529]}"
4682,34.90585169000002,0.006080008986618364,0.12587879751868936,-0.1735331664373228,"{""type"":""Point"",""coordinates"":[72.90661360285324,33.634646022020036]}"
4683,35.17245724999998,-0.03614807178066304,0.1430957881642083,-0.18347746090156394,"{""type"":""Point"",""coordinates"":[73.28159547226227,33.50457689725059]}"
4684,28.679928259999997,-0.1382605617941375,0.30828402366863905,-0.2875705186533212,"{""type"":""Point"",""coordinates"":[73.24748001244993,33.650042274633485]}"
4685,30.72390422000001,-0.012326252294781013,0.1593912695234281,-0.18296046582899173,"{""type"":""Point"",""coordinates"":[73.20546808466248,33.630213876815574]}"
4686,30.600855500000023,-0.01895174895962209,0.17541355822251053,-0.2065257199933411,"{""type"":""Point"",""coordinates"":[73.21511846992081,33.6282560457819]}"
4687,29.469490880000023,-0.11852596314907873,0.28149228525370384,-0.26417023210026125,"{""type"":""Point"",""coordinates"":[73.08754856233911,33.5661909972477]}"
4688,32.648249480000004,-0.03270286760219646,0.1967757901435339,-0.20751217250173892,"{""type"":""Point"",""coordinates"":[72.9219318698407,33.6765540034732]}"
4689,32.73028196000001,-0.026637378956161247,0.18573572500535981,-0.21686835350201686,"{""type"":""Point"",""coordinates"":[72.84262513134682,33.58771771683968]}"
4690,31.052034140000046,0.009961190168175938,0.10921081237770854,-0.12639364168230488,"{""type"":""Point"",""coordinates"":[73.17769637861257,33.64569899797496]}"
4691,28.597895780000044,-0.04879744195745864,0.22407918221645304,-0.2153040676600886,"{""type"":""Point"",""coordinates"":[72.93400971822709,33.769489605894364]}"
4692,24.87567200000001,-0.03587608669033917,-0.024896265560165973,0.05374419775180359,"{""type"":""Point"",""coordinates"":[73.13072714639468,33.70602274513422]}"
4693,29.82154694000002,0.007647185283007279,0.11786888081646774,-0.15095818194770963,"{""type"":""Point"",""coordinates"":[73.26471746253411,33.78407065553621]}"
4694,37.96327058000003,0.0388540157733784,0.07237007506375032,-0.1038485711116862,"{""type"":""Point"",""coordinates"":[73.11393349338185,33.54384737468928]}"
4695,31.906539140000007,-0.004494899133236174,0.13967939011017702,-0.1603196824440467,"{""type"":""Point"",""coordinates"":[72.84432104299894,33.595987243386126]}"
4696,30.248799440000028,-0.039799278657676025,0.17638292587730192,-0.18716654133992194,"{""type"":""Point"",""coordinates"":[73.15097464360738,33.64162191147938]}"
4697,31.318639700000006,-0.0014561452427425102,0.14697324533390108,-0.17413730475844533,"{""type"":""Point"",""coordinates"":[72.94213599552415,33.68987666107128]}"
4698,29.987320909999994,0.056179775280898875,0.09794906320300827,-0.12681373127285597,"{""type"":""Point"",""coordinates"":[72.90514731377708,33.791841255128006]}"
4699,32.067186080000056,0.04202334630350195,0.06610854503464203,-0.08581719284060421,"{""type"":""Point"",""coordinates"":[73.04645116326083,33.639193215956965]}"
4700,31.34256584000002,0.01774059158450215,0.12227048253703814,-0.13228614307153577,"{""type"":""Point"",""coordinates"":[72.89302489814834,33.56097053825897]}"
4701,31.13406662,-0.03978163656426041,0.19320226591136289,-0.21564367191743616,"{""type"":""Point"",""coordinates"":[72.97008805761169,33.594148481275305]}"
4702,37.15319984000001,0.018816049488787696,0.062029201153166555,-0.09195219123505977,"{""type"":""Point"",""coordinates"":[73.1410424272301,33.57115734891343]}"
4703,30.826444820000006,-0.03130429661041906,0.21927442378664438,-0.23754328927839424,"{""type"":""Point"",""coordinates"":[72.83545252726586,33.72924980457848]}"
4704,37.495001839999986,-0.05649996909192063,0.19743571778883207,-0.2108824258741011,"{""type"":""Point"",""coordinates"":[73.12792712624285,33.585786140432354]}"
4705,33.17975159000002,-0.038768990806425006,0.16880136350596534,-0.1886798929086291,"{""type"":""Point"",""coordinates"":[73.23912088471693,33.67265105100966]}"
4706,33.22589486000004,-0.03587040370275135,0.2007451564828614,-0.2063634662174808,"{""type"":""Point"",""coordinates"":[73.21764545136496,33.52788851690558]}"
4707,28.915771640000003,0.009291110753898086,0.1191980823708869,-0.13897102306327616,"{""type"":""Point"",""coordinates"":[73.17085483480943,33.728473646786334]}"
4708,30.717068180000012,-0.0782065248552262,0.24941864327951632,-0.25567574786324787,"{""type"":""Point"",""coordinates"":[73.10133157707284,33.66341550370121]}"
4709,33.55231577000001,-0.04700680580077565,0.2219228262975291,-0.23772655915513058,"{""type"":""Point"",""coordinates"":[73.17728772528876,33.506321829221584]}"
4710,29.836928030000024,-0.01260114073484547,0.18205904617713853,-0.20138488170802077,"{""type"":""Point"",""coordinates"":[73.10801257494111,33.73488726675958]}"
4711,33.09259208000003,-0.06020468681093082,0.20240764375150908,-0.22093797064901405,"{""type"":""Point"",""coordinates"":[72.93337538039762,33.69668630404122]}"
4712,32.256886190000046,-0.06103271119204006,0.2188708141120221,-0.23410612306644984,"{""type"":""Point"",""coordinates"":[72.96638738498017,33.70509186406711]}"
4713,31.850141810000025,0.03230714611756352,0.056458906258651555,-0.08183708183708184,"{""type"":""Point"",""coordinates"":[73.0417397311335,33.56603610084179]}"
4714,31.639933580000047,-0.021680013221352483,0.1615140231612749,-0.18542665388302973,"{""type"":""Point"",""coordinates"":[72.96742443491486,33.66581624835679]}"
4715,25.846389680000016,-0.07747960287034307,0.210540265936299,-0.20442158931082982,"{""type"":""Point"",""coordinates"":[72.95850020989013,33.7411194069956]}"
4716,31.52030288000003,-0.058924104739891715,0.21751792930212238,-0.22833951592169538,"{""type"":""Point"",""coordinates"":[73.24058140741201,33.565266339164666]}"
4717,28.80297698000004,-0.07369331603287088,0.2390386239729709,-0.22590693257359923,"{""type"":""Point"",""coordinates"":[73.13060562574834,33.735960101122]}"
4718,31.58353625000001,-0.038835670185516945,0.1667165519305597,-0.1946061906221269,"{""type"":""Point"",""coordinates"":[73.16438300744814,33.580020455784016]}"
4719,33.798413210000035,-0.00826815019310941,0.16139082951899142,-0.19487772637144746,"{""type"":""Point"",""coordinates"":[72.95594992691167,33.64348473115895]}"
4720,33.09259208000003,-0.056279169081536164,0.20537454747981063,-0.22118775567781068,"{""type"":""Point"",""coordinates"":[72.99932491197092,33.562981264041056]}"
4721,31.848432800000012,-0.00849575212393803,0.12283572807907571,-0.181458139614974,"{""type"":""Point"",""coordinates"":[73.22720210171906,33.70880902966333]}"
4722,31.83134270000005,-0.038226600985221675,0.2085555364413097,-0.21878252823933073,"{""type"":""Point"",""coordinates"":[73.00346149262559,33.50211576826527]}"
4723,29.99586596000006,0.020214197600089717,0.09159911914913554,-0.15557833476621916,"{""type"":""Point"",""coordinates"":[73.21219601084887,33.75645843963819]}"
4724,29.79249377000002,-0.05285626535626536,0.21102181400688863,-0.22349120239837253,"{""type"":""Point"",""coordinates"":[72.83120928122248,33.78700753446356]}"
4725,29.944595660000005,-0.0195428165344072,0.21831434434930294,-0.22923137338902574,"{""type"":""Point"",""coordinates"":[72.88711836851252,33.74582446304842]}"
4726,33.249821,-0.031037253801949872,0.1680436985760173,-0.20283728088019387,"{""type"":""Point"",""coordinates"":[72.99920760600376,33.63361846693874]}"
4727,31.55790109999998,-0.07279322097495387,0.22692080748118082,-0.2328949259738393,"{""type"":""Point"",""coordinates"":[72.91603861509724,33.595487594762275]}"
4728,30.580347380000035,-0.11437643561680853,0.2787813008760369,-0.26192980778425934,"{""type"":""Point"",""coordinates"":[72.98500848744298,33.709706459609464]}"
4729,24.786803480000003,-0.14161079247112043,0.2642691000178923,-0.23031384668959212,"{""type"":""Point"",""coordinates"":[72.94057464062084,33.74152850230384]}"
4730,31.14773869999999,-0.06813324952859837,0.2254552010095547,-0.23149389470632994,"{""type"":""Point"",""coordinates"":[73.23295609501767,33.693220812570004]}"
4731,31.80058052000004,-0.01775563645653701,0.14844777571575288,-0.1665446559297218,"{""type"":""Point"",""coordinates"":[73.16413396980059,33.51265718363902]}"
4732,35.65610708000003,0.00704265674205554,0.10256695541603751,-0.1372362575208617,"{""type"":""Point"",""coordinates"":[73.22820423919995,33.52933232945224]}"
4733,27.521219480000013,-0.05397565775089279,0.2459807350989954,-0.26088548659912464,"{""type"":""Point"",""coordinates"":[73.04309220408614,33.780766062703705]}"
4734,31.229771180000057,-0.030133791579722596,0.18108574042148964,-0.20885848037450486,"{""type"":""Point"",""coordinates"":[73.16341685054134,33.65562092244962]}"
4735,33.125063270000055,0.05178505333288469,0.05106113162507926,-0.07659980897803248,"{""type"":""Point"",""coordinates"":[73.02117544730271,33.58292507889932]}"
4736,36.24400652000003,0.03050981105753192,0.0971461912034733,-0.1298155085883933,"{""type"":""Point"",""coordinates"":[73.1225224364371,33.63876441034255]}"
4737,31.24686128000002,-0.010555063478004133,0.15103619319853714,-0.16089371263831773,"{""type"":""Point"",""coordinates"":[72.89055633968256,33.73839982981207]}"
4738,30.31374182000002,-0.02892747259543283,0.17921185059182082,-0.18871126194516388,"{""type"":""Point"",""coordinates"":[72.81745285919868,33.7718983016593]}"
4739,31.32547574,-0.04022754977651361,0.17480937588251907,-0.1840045538636687,"{""type"":""Point"",""coordinates"":[73.0068845953801,33.6490636738055]}"
4740,31.308385639999983,-0.042812570362507636,0.19542772861356933,-0.21870536049921058,"{""type"":""Point"",""coordinates"":[73.11740330615017,33.661429623136115]}"
4741,34.57259474,0.02237136465324385,0.10245269796776454,-0.1262080320710144,"{""type"":""Point"",""coordinates"":[73.0830002698231,33.53392863011525]}"
4742,30.956329579999988,-0.07601647980548426,0.24823222925195385,-0.23826364060314006,"{""type"":""Point"",""coordinates"":[72.99344739916401,33.50808168741078]}"
4743,28.93798877000006,-0.11648399551625357,0.30550498798514525,-0.2936825774795252,"{""type"":""Point"",""coordinates"":[72.90847322841616,33.782619641065764]}"
4744,32.16801767000004,-0.03818359683170816,0.17987340183262504,-0.18352369817429626,"{""type"":""Point"",""coordinates"":[73.11174805204804,33.6027013651486]}"
4745,33.59162300000003,-0.021224041716219926,0.17480530414649548,-0.19260696924912304,"{""type"":""Point"",""coordinates"":[72.96699244727043,33.55602921211747]}"
4746,32.540581850000024,-0.036452749272476645,0.1618763091926788,-0.19497077469141252,"{""type"":""Point"",""coordinates"":[73.18159878869288,33.59825930928992]}"
4747,30.981964730000016,-0.09353265145554682,0.23107174490699733,-0.23740674133295347,"{""type"":""Point"",""coordinates"":[73.1383099173448,33.64276128750965]}"
4748,31.14432068000002,-0.07257980297281304,0.2085506962149441,-0.20609073472423375,"{""type"":""Point"",""coordinates"":[73.01817252841721,33.682270991253986]}"
4749,34.35384146000001,-0.03330409268277927,0.18025083785371246,-0.20387665198237886,"{""type"":""Point"",""coordinates"":[72.88444666231366,33.67199602803142]}"
4750,29.37207731000001,-0.03207084107190236,0.16163350628989512,-0.18688737175330866,"{""type"":""Point"",""coordinates"":[73.29984181207816,33.697458745178686]}"
4751,33.841138460000025,0.03796932199800321,0.0855153108251118,-0.12122708039492243,"{""type"":""Point"",""coordinates"":[72.89858535859244,33.66374011726228]}"
4752,31.419471290000047,-0.0014596666827069598,0.1393065693430657,-0.1510481001456463,"{""type"":""Point"",""coordinates"":[73.18700691462146,33.64921880919649]}"
4753,31.923629240000025,-0.06024325351577347,0.20271629778672032,-0.22319666739750055,"{""type"":""Point"",""coordinates"":[73.2752035520365,33.64418938456848]}"
4754,30.956329579999988,-0.04368029739776952,0.1989750524929713,-0.22602714800393028,"{""type"":""Point"",""coordinates"":[72.80038011776794,33.65673670845837]}"
4755,32.64483145999998,0.015590982512816912,0.0708174178762414,-0.08461330135025341,"{""type"":""Point"",""coordinates"":[73.08549673294,33.64393018103184]}"
4756,31.069124240000008,-0.1245962611334051,0.29693731657762057,-0.2777077618800504,"{""type"":""Point"",""coordinates"":[73.01110306190229,33.705431428628025]}"
4757,35.39121053000002,0.0011939750183688465,0.11515586546349467,-0.15599255912835502,"{""type"":""Point"",""coordinates"":[73.01795465470553,33.528871389414306]}"
4758,32.631159379999986,-0.024594078319006684,0.1981849912739965,-0.21829861234340064,"{""type"":""Point"",""coordinates"":[72.85679993439851,33.53097256144651]}"
4759,28.697018360000015,-0.0780688622754491,0.18939675461414593,-0.1974559361489857,"{""type"":""Point"",""coordinates"":[73.2511137284135,33.790369442687066]}"
4760,29.93775962000001,-0.0023628248884221582,0.1906857479469143,-0.21364744110479286,"{""type"":""Point"",""coordinates"":[73.16885545202223,33.73101758334393]}"
4761,33.634348250000016,-0.08729731548139676,0.22155032314146414,-0.22074292296942571,"{""type"":""Point"",""coordinates"":[73.12510472528744,33.602065276539875]}"
4762,32.09794826000001,0.0032517854429418023,0.1335061344392604,-0.16058032554847843,"{""type"":""Point"",""coordinates"":[72.99322457589045,33.723425568924476]}"
4763,32.83282256000001,-0.04173354735152488,0.1907118967988533,-0.20760568294148432,"{""type"":""Point"",""coordinates"":[73.03895844927253,33.51172109895568]}"
4764,34.446128000000044,-0.002449779519843214,0.09762108333752452,-0.12330788367504504,"{""type"":""Point"",""coordinates"":[73.13091442332289,33.53215376634001]}"
4765,23.176916060000053,-0.15379061371841155,0.2259301879555044,-0.20518501060570352,"{""type"":""Point"",""coordinates"":[73.00470921803453,33.788927739909376]}"
4766,24.52190693,-0.1318281421192675,0.2652552381785574,-0.24072405953759704,"{""type"":""Point"",""coordinates"":[73.19762307739254,33.78731283342901]}"
4767,34.53499652000005,-0.019267048090304623,0.1555695803092458,-0.18116331577249759,"{""type"":""Point"",""coordinates"":[72.93214165597853,33.54726431891137]}"
4768,33.205386739999994,0.0074519159965833115,0.08336280340781226,-0.10958182416858742,"{""type"":""Point"",""coordinates"":[72.95534336019608,33.65250881454789]}"
4769,35.80991798000002,0.028759660458634234,0.0907021412819236,-0.11790010936930369,"{""type"":""Point"",""coordinates"":[72.89983909483495,33.6457622593003]}"
4770,33.284001200000034,-0.018077151516074502,0.1935581781499402,-0.21188499329248395,"{""type"":""Point"",""coordinates"":[72.96158486904505,33.53568959468505]}"
4771,32.2073249,-0.015386596278890104,0.112663139329806,-0.15706844692245617,"{""type"":""Point"",""coordinates"":[73.21541790212824,33.51914599435068]}"
4772,31.55106506000004,-0.029940857565303104,0.16477391486100468,-0.1814423518603583,"{""type"":""Point"",""coordinates"":[73.20348035406282,33.623161776161375]}"
4773,31.439979409999978,-0.039283295363585984,0.19645578592947013,-0.21490651935292318,"{""type"":""Point"",""coordinates"":[72.95688457193062,33.51473583907129]}"
4774,33.89582677999999,-0.020706455542021926,0.1322311111111111,-0.16244433087537416,"{""type"":""Point"",""coordinates"":[73.18903645852019,33.51535401481504]}"
4775,30.41286439999999,-0.06346941872818333,0.24294025826592877,-0.24144284600666147,"{""type"":""Point"",""coordinates"":[73.0570624102869,33.654963487694744]}"
4776,34.083817880000026,-0.0340995681991364,0.17086673616853004,-0.18165656858832493,"{""type"":""Point"",""coordinates"":[73.08463751474342,33.64690133861244]}"
4777,31.83134270000005,-0.03169957028087438,0.17443550388146467,-0.20313748275110757,"{""type"":""Point"",""coordinates"":[72.97088216167634,33.65776117753061]}"
4778,32.34404570000004,-0.08279939332033305,0.227094149010804,-0.23541460658285068,"{""type"":""Point"",""coordinates"":[73.27444004757373,33.63918617505561]}"
4779,33.43439408000006,-0.04536365908522869,0.22987576269940455,-0.2353701310688573,"{""type"":""Point"",""coordinates"":[72.96075082047734,33.51029959336285]}"
4780,33.32330843,-0.02078222194083477,0.1887926267281106,-0.21207337242519922,"{""type"":""Point"",""coordinates"":[72.82754928802538,33.586336373081714]}"
4781,35.03060942000002,0.03934489156164033,0.06213969938107869,-0.09250973116519336,"{""type"":""Point"",""coordinates"":[72.99389023769515,33.597417780673275]}"
4782,33.0447398,-0.030111120884275956,0.1955830058019839,-0.22640323931862608,"{""type"":""Point"",""coordinates"":[72.91791345950057,33.68273227232949]}"
4783,31.434852380000052,-0.10880531255986207,0.2646566164154104,-0.2640582347588717,"{""type"":""Point"",""coordinates"":[73.29051984338366,33.645497351439104]}"
4784,33.04815782000003,-0.038608073298267806,0.1810703197628528,-0.21058592977472537,"{""type"":""Point"",""coordinates"":[72.84353657048298,33.63226474010222]}"
4785,34.73665970000002,0.003596496316491676,0.1439512503746129,-0.18128051715837976,"{""type"":""Point"",""coordinates"":[72.95626218579426,33.55008150212145]}"
4786,34.15046927000003,-0.019819602401279075,0.15172472532152287,-0.18617543859649122,"{""type"":""Point"",""coordinates"":[72.9335298878564,33.545488157843906]}"
4787,32.427787190000004,-0.01507818011780341,0.14055010692426811,-0.16179674002854352,"{""type"":""Point"",""coordinates"":[72.9071935999947,33.61386996448892]}"
4788,27.620342059999984,-0.09937527963279036,0.27410650842119416,-0.26014283543534417,"{""type"":""Point"",""coordinates"":[73.13910387310727,33.688493309028715]}"
4789,29.513925140000026,0.007761194029850746,0.203392752473882,-0.2230866274179983,"{""type"":""Point"",""coordinates"":[72.97067622729197,33.7670868849619]}"
4790,36.66613199000005,0.027763680329581753,0.08419335508356082,-0.1188333104301223,"{""type"":""Point"",""coordinates"":[72.81075465313698,33.70883684152238]}"
4791,34.887052580000045,0.02719597860411162,0.08192373853211009,-0.10663098860012463,"{""type"":""Point"",""coordinates"":[73.15266598419107,33.639635377755276]}"
4792,32.73711800000001,-0.057107616404563674,0.21035164524784636,-0.22549510259526703,"{""type"":""Point"",""coordinates"":[72.94864222729191,33.5809785513751]}"
4793,33.560860820000016,-0.01463618207291263,0.17473684210526316,-0.19063942913110396,"{""type"":""Point"",""coordinates"":[72.88810005871088,33.585591280577674]}"
4794,32.32695560000002,-0.04128080364150055,0.18185705123637141,-0.19531531531531532,"{""type"":""Point"",""coordinates"":[73.15458267127133,33.61050282396266]}"
4795,33.52668061999998,-0.01777088151769769,0.1715701142452735,-0.19271280063128282,"{""type"":""Point"",""coordinates"":[72.85586693832596,33.57129466385204]}"
4796,33.49079141000004,-8.443649373881932E-4,0.14138825871945945,-0.17236639173875143,"{""type"":""Point"",""coordinates"":[72.93141552106357,33.65572840941688]}"
4797,20.688597500000014,-0.11513841549588494,0.23836779911373707,-0.2199813555853664,"{""type"":""Point"",""coordinates"":[73.05532880931419,33.7897330972078]}"
4798,27.815169200000014,-0.0818314971661466,0.2721282012880036,-0.26056468667680777,"{""type"":""Point"",""coordinates"":[72.93739870047276,33.762960787909854]}"
4799,32.795224340000004,-0.06401423257318453,0.1999854078505764,-0.2098720023539797,"{""type"":""Point"",""coordinates"":[73.13208034046188,33.578342188371806]}"
4800,22.56167246000001,-0.12499479708636836,0.23319797417529772,-0.21392319784415,"{""type"":""Point"",""coordinates"":[73.07033440450148,33.768139087112544]}"
4801,36.05943344000002,0.012045977011494253,0.095581237253569,-0.1392619821857769,"{""type"":""Point"",""coordinates"":[73.19751266509854,33.50284012200246]}"
4802,30.98367374000003,-0.009551714034573689,0.1402852698811927,-0.1610337972166998,"{""type"":""Point"",""coordinates"":[72.81733878772192,33.670236060799084]}"
4803,26.372764759999995,-0.13322072685664468,0.28409137682650754,-0.2651621144838494,"{""type"":""Point"",""coordinates"":[73.2873655409512,33.75912424230962]}"
4804,33.694163600000024,-0.02621264086232239,0.20790080738177624,-0.22154990158197857,"{""type"":""Point"",""coordinates"":[72.82437970626452,33.69955081652]}"
4805,30.549585200000024,-0.04417223459539718,0.21713420350472346,-0.2379345753263899,"{""type"":""Point"",""coordinates"":[73.24939589510386,33.703806469858506]}"
4806,33.55060676000005,0.03572114988605475,0.09774013065358048,-0.1400746632040253,"{""type"":""Point"",""coordinates"":[73.03466397551477,33.529053505114014]}"
4807,32.54399986999999,0.03407907607838188,0.08630540473402179,-0.1113491141446413,"{""type"":""Point"",""coordinates"":[73.18769203579515,33.584183064075724]}"
4808,31.884322010000005,-0.07323228130758887,0.15423347498482307,-0.19766558591940714,"{""type"":""Point"",""coordinates"":[73.20995830364994,33.72111464267425]}"
4809,33.81721232000001,0.0412150500517777,0.05363781200212427,-0.06983014289565921,"{""type"":""Point"",""coordinates"":[73.09386282962872,33.62974023889804]}"
4810,30.713650160000043,-0.03413362434824785,0.1845138888888889,-0.20136638963234257,"{""type"":""Point"",""coordinates"":[73.04465670635093,33.66254717654698]}"
4811,29.086672640000018,-0.08449106889707968,0.24684214815418468,-0.23178488044440868,"{""type"":""Point"",""coordinates"":[72.98985750108703,33.72916694909181]}"
4812,32.80206038000006,-0.03613170793012442,0.15980867974959556,-0.1927806712962963,"{""type"":""Point"",""coordinates"":[72.9287504002005,33.61131173257763]}"
4813,31.180209890000015,-0.07721561108558209,0.21696323081880348,-0.23332305291993977,"{""type"":""Point"",""coordinates"":[73.1273817173178,33.65236461668931]}"
4814,26.095905140000013,-0.153603459888688,0.3067501907400715,-0.281231544548998,"{""type"":""Point"",""coordinates"":[73.01732544980656,33.745055200385444]}"
4815,27.514383440000017,-0.1459835221421215,0.3327344861142301,-0.30551787351054077,"{""type"":""Point"",""coordinates"":[73.03185896218174,33.735079471226705]}"
4816,33.96076916000004,0.03352795161346712,0.061149284096579784,-0.07921139957056413,"{""type"":""Point"",""coordinates"":[73.05783998372598,33.60698937855219]}"
4817,28.11595496000001,-0.09559518983921092,0.269035135769622,-0.25991531678514546,"{""type"":""Point"",""coordinates"":[73.18059977659011,33.769295450143964]}"
4818,29.616465740000024,-0.12421045723754368,0.2788623045052443,-0.2695742394486234,"{""type"":""Point"",""coordinates"":[73.19203286323192,33.54390730215682]}"
4819,25.361030840000012,-0.11952558105270912,0.2785630153121319,-0.24903427303361553,"{""type"":""Point"",""coordinates"":[72.96292246201698,33.788925837528616]}"
4820,32.463676400000054,0.021685683666393493,0.08263280895741044,-0.11255287117356083,"{""type"":""Point"",""coordinates"":[73.16817270909816,33.60889606910299]}"
4821,31.643351600000017,-0.015185454545454545,0.17575512541904617,-0.2008602890571232,"{""type"":""Point"",""coordinates"":[72.82347653423078,33.673231056930305]}"
4822,30.747830360000023,-0.044654559071334955,0.23149646851088876,-0.24073902488742285,"{""type"":""Point"",""coordinates"":[73.24980690926414,33.66907216140691]}"
4823,21.686659340000006,-0.12857773851590107,0.22485079456388868,-0.20586153192694323,"{""type"":""Point"",""coordinates"":[73.07643502616015,33.77324483079212]}"
4824,33.79157716999998,-0.03821253274714686,0.19686187385010587,-0.21128442945474987,"{""type"":""Point"",""coordinates"":[72.84285701545355,33.58969958856497]}"
4825,23.881028180000044,-0.08510994343853542,0.2775129043697545,-0.2730485314904979,"{""type"":""Point"",""coordinates"":[73.14110681953846,33.78862455141983]}"
4826,22.47963998,-0.11470207524322519,0.2374727668845316,-0.21693941742261932,"{""type"":""Point"",""coordinates"":[73.08519767650952,33.777570572725615]}"
4827,34.49056226000005,-0.06824131003835149,0.23083397629234761,-0.23834727073850606,"{""type"":""Point"",""coordinates"":[73.15583729917094,33.59575450059746]}"
4828,33.391668830000015,-0.04516129032258064,0.19486295657975206,-0.21419155587360175,"{""type"":""Point"",""coordinates"":[73.29664991989522,33.5640733466825]}"
4829,27.12814718000004,-0.11252525252525253,0.28378273370114226,-0.27422775828159346,"{""type"":""Point"",""coordinates"":[73.28791722438964,33.748772570227246]}"
4830,24.73895120000003,-0.051997551197740785,0.2049310110834653,-0.19388601268517897,"{""type"":""Point"",""coordinates"":[72.98795967301528,33.77534411277196]}"
4831,35.09213378000004,-0.026264530317310714,0.15615488072485312,-0.19384547913164243,"{""type"":""Point"",""coordinates"":[72.96331979356412,33.68900207196071]}"
4832,32.925109099999986,0.004652515266065717,0.13434517497348886,-0.18054837040869115,"{""type"":""Point"",""coordinates"":[72.94612702221121,33.59174877279388]}"
4833,31.578409220000026,-0.03506704462209765,0.17729314592088102,-0.2088230918018152,"{""type"":""Point"",""coordinates"":[73.24206633153875,33.58227682158449]}"
4834,35.22885458000002,-0.08080616628759162,0.24233841684822077,-0.2411666545744758,"{""type"":""Point"",""coordinates"":[73.1349849806374,33.5927683268337]}"
4835,26.28047822000002,-0.06692546346532989,0.26485722568488185,-0.273092003282575,"{""type"":""Point"",""coordinates"":[73.14610087396296,33.77967086020458]}"
4836,31.486122679999994,-0.04532046124966479,0.18273534096943034,-0.19419446252824263,"{""type"":""Point"",""coordinates"":[73.22692712623126,33.564976718937615]}"
4837,32.95758029000001,-0.01994530875832342,0.16388702796093227,-0.19714938526819714,"{""type"":""Point"",""coordinates"":[72.85543269421555,33.63190678505668]}"
4838,34.47347216000003,-0.0216555171433275,0.1895518226806998,-0.20373113274086613,"{""type"":""Point"",""coordinates"":[72.93630562648657,33.58396797219704]}"
4839,24.369805040000017,-0.07345055493203641,0.19610930986567857,-0.18955272007001706,"{""type"":""Point"",""coordinates"":[72.94982510952876,33.77813547097022]}"
4840,29.884780309999996,-0.08043896368367462,0.17850311593755785,-0.1776553765208813,"{""type"":""Point"",""coordinates"":[73.20050059186039,33.5619086767756]}"
4841,31.50663080000004,-0.05914343983684568,0.23873064159292035,-0.24765850771212702,"{""type"":""Point"",""coordinates"":[73.04322732563433,33.68399879029392]}"
4842,34.56063167000002,0.01419358968204439,0.087043212817391,-0.11208188169034425,"{""type"":""Point"",""coordinates"":[73.05839038814702,33.585252112861184]}"
4843,32.12700143000001,-0.07477592829705505,0.2385097749907783,-0.23434369428156535,"{""type"":""Point"",""coordinates"":[73.05571513864439,33.70767648940035]}"
4844,28.179188329999988,-0.07609059840514641,0.22912361270570225,-0.2257227363801164,"{""type"":""Point"",""coordinates"":[72.89051962955045,33.78829287651642]}"
4845,31.54081100000002,-0.028038224395805517,0.1813746616787629,-0.20990836702625398,"{""type"":""Point"",""coordinates"":[72.94378063276005,33.66402717935314]}"
4846,30.985382749999985,-0.06849450170126732,0.2246881947322808,-0.22004504504504505,"{""type"":""Point"",""coordinates"":[73.0404165744692,33.7271182900889]}"
4847,34.72982366000002,-0.041409528511478645,0.1755485893416928,-0.21241513094083414,"{""type"":""Point"",""coordinates"":[72.98315621716738,33.53402787630773]}"
4848,32.78667929000005,-0.03622308626227543,0.17346281696514035,-0.21115122774873812,"{""type"":""Point"",""coordinates"":[72.92887823894591,33.670419671476424]}"
4849,28.869628369999987,-0.10129224652087475,0.2575244509184465,-0.25384789497510185,"{""type"":""Point"",""coordinates"":[73.25341999713903,33.71469434749287]}"
4850,31.24686128000002,-0.08362193816510295,0.2159259520949622,-0.2225340105850176,"{""type"":""Point"",""coordinates"":[73.0357773461131,33.711869988022166]}"
4851,32.73028196000001,-0.0403622641509434,0.19225047569624631,-0.22127719895102416,"{""type"":""Point"",""coordinates"":[72.88080203580604,33.79488262836435]}"
4852,35.22201854000002,0.02984564738035343,0.08627464617310568,-0.11270214433283465,"{""type"":""Point"",""coordinates"":[73.01878674661347,33.55626682455965]}"
4853,34.65462722000001,0.01753785610402943,0.14970299672962692,-0.17760459392945038,"{""type"":""Point"",""coordinates"":[72.8090512459538,33.628471232839786]}"
4854,27.538309580000032,-0.055406747524603485,0.2181464499096846,-0.23261862917398946,"{""type"":""Point"",""coordinates"":[72.80803451209975,33.793370002909946]}"
4855,32.53545482000004,-0.020708697653014266,0.16855747954058517,-0.1943995691976306,"{""type"":""Point"",""coordinates"":[72.88662866113742,33.564130946631025]}"
4856,31.77836338999998,-0.03972349173587564,0.17534211062348387,-0.1811381145558078,"{""type"":""Point"",""coordinates"":[73.01197990046636,33.69398699655982]}"
4857,29.219975420000026,-0.08157583127980286,0.2576191716592863,-0.2515646409658186,"{""type"":""Point"",""coordinates"":[73.02211516653881,33.665153322128866]}"
4858,25.71992294000006,-0.142263453263306,0.32080897515939233,-0.30036507226940845,"{""type"":""Point"",""coordinates"":[73.05093262954102,33.74092962952015]}"
4859,30.50002390999998,0.026402330170064832,0.09467382692138393,-0.1293732970027248,"{""type"":""Point"",""coordinates"":[73.18153684010329,33.75007570325609]}"
4860,31.332311780000055,-0.09842096924674776,0.21300130246301588,-0.20844388496175076,"{""type"":""Point"",""coordinates"":[72.8996342895311,33.55644190952633]}"
4861,34.53157850000002,-0.045394716703908905,0.19760143072553213,-0.2125257402542072,"{""type"":""Point"",""coordinates"":[72.88029269348327,33.74635551043855]}"
4862,29.1652871,-0.10257247323060852,0.2708458759783263,-0.26750731817158296,"{""type"":""Point"",""coordinates"":[73.24424791075361,33.729346397356004]}"
4863,31.827924680000024,-0.015217053057414035,0.15700251799836862,-0.1771667749152053,"{""type"":""Point"",""coordinates"":[73.27783107753461,33.66063292558468]}"
4864,32.54912690000003,0.014328413397836871,0.11324563235191759,-0.14520979521695546,"{""type"":""Point"",""coordinates"":[73.17271012667439,33.541289769388484]}"
4865,34.01545748000001,-0.00246013139995948,0.11898685103221013,-0.14234828496042215,"{""type"":""Point"",""coordinates"":[73.24879917331687,33.519301397187554]}"
4866,30.778592539999977,-0.04386713348436259,0.21648494822738806,-0.23546207953200082,"{""type"":""Point"",""coordinates"":[73.18696036177796,33.70241366134572]}"
4867,30.843534920000025,-0.04787599026885409,0.21166330063473746,-0.2301411493326987,"{""type"":""Point"",""coordinates"":[73.22055715160405,33.72249055863851]}"
4868,26.97433627999999,-0.058117771272256084,0.23841977157835612,-0.24539172676093465,"{""type"":""Point"",""coordinates"":[73.1207192364109,33.73575558639036]}"
4869,31.744183190000058,-0.01413299224659308,0.16784259528658713,-0.17754267588331285,"{""type"":""Point"",""coordinates"":[73.0750693473384,33.67934171380604]}"
4870,35.45102588000003,-0.024292237442922374,0.18054873342221597,-0.2101855848079413,"{""type"":""Point"",""coordinates"":[72.80524443773577,33.50672203210659]}"
4871,28.951660850000053,-0.12187134502923977,0.2719668686374115,-0.2500100244596816,"{""type"":""Point"",""coordinates"":[72.85771747552226,33.716319362519265]}"
4872,30.173603000000014,-0.05117171779710863,0.1738920002765678,-0.18981043484354743,"{""type"":""Point"",""coordinates"":[73.05226727953291,33.628282690906325]}"
4873,33.25836605000001,-0.01058094811473764,0.14776933738004597,-0.1631553682863086,"{""type"":""Point"",""coordinates"":[73.28886789738748,33.65761392740678]}"
4874,31.339147819999994,-0.02848065033203572,0.2070952244973376,-0.2248091082628852,"{""type"":""Point"",""coordinates"":[72.88484109689294,33.79817751724809]}"
4875,29.754895550000015,-0.09281979426540446,0.25414754677020823,-0.24858944573514768,"{""type"":""Point"",""coordinates"":[73.25781893884246,33.62622826373746]}"
4876,31.25027929999999,-0.08571428571428572,0.1760154738878143,-0.17536592101629384,"{""type"":""Point"",""coordinates"":[73.18200724082895,33.551108322585165]}"
4877,23.631512720000046,-0.11188546958310593,0.22906998329311304,-0.20975698885437602,"{""type"":""Point"",""coordinates"":[73.29941235615316,33.79145401689477]}"
4878,32.27397629000001,-0.0320864406019757,0.18868119384488277,-0.21543849768563333,"{""type"":""Point"",""coordinates"":[72.95762821073195,33.532749237487046]}"
4879,28.100573870000005,-0.13417157408881109,0.3219552917169094,-0.2984930483427176,"{""type"":""Point"",""coordinates"":[73.0835711427596,33.68886105691443]}"
4880,30.074480419999986,0.033485159417388256,0.08931929296728093,-0.13018709639658974,"{""type"":""Point"",""coordinates"":[73.23437343639698,33.765648727638116]}"
4881,32.446586300000035,-0.0037560052409375453,0.1662381596752368,-0.18904563170420446,"{""type"":""Point"",""coordinates"":[72.93643180784713,33.53368530505132]}"
4882,26.50948556000003,-0.08638428843617177,0.2847783131694804,-0.2935674147499215,"{""type"":""Point"",""coordinates"":[73.12449261070849,33.7732879997785]}"
4883,24.896180120000054,-0.17378267388045107,0.3486369083283403,-0.32263395644349774,"{""type"":""Point"",""coordinates"":[73.0465702556905,33.75317018477818]}"
4884,26.96750024000005,-0.07460638699276233,0.23938758555208292,-0.24253361361202555,"{""type"":""Point"",""coordinates"":[73.03602569516636,33.77270421991638]}"
4885,23.83659392000004,-0.13132447939654135,0.25678627145085803,-0.23423068505143357,"{""type"":""Point"",""coordinates"":[73.19157635799837,33.768142669712134]}"
4886,33.69758162000005,-0.012441904102075576,0.1955684336117266,-0.21807383739103253,"{""type"":""Point"",""coordinates"":[72.84603717951414,33.56762447039979]}"
4887,28.035631490000014,-0.012603772243258137,0.12065946605284385,-0.14734022196708763,"{""type"":""Point"",""coordinates"":[73.29620406746118,33.7985408240677]}"
4888,24.46550960000002,-0.04076949038137023,0.2322384719891313,-0.23423585679694223,"{""type"":""Point"",""coordinates"":[72.99834419756618,33.76263797504078]}"
4889,33.866773609999996,-0.002861702713114303,0.16431594920533504,-0.20754091842820224,"{""type"":""Point"",""coordinates"":[72.8574312897471,33.511524178455296]}"
4890,32.68926571999998,6.073198018219595E-4,0.11820035048817996,-0.14640853591464084,"{""type"":""Point"",""coordinates"":[73.21455096205324,33.580581818885946]}"
4891,32.000534689999995,-0.04240351734245237,0.20977435083342783,-0.21494049991459319,"{""type"":""Point"",""coordinates"":[73.0085863442118,33.50356774862476]}"
4892,33.86848262000001,-0.001440175125295236,0.11912962307271381,-0.1689866182502858,"{""type"":""Point"",""coordinates"":[73.07605807054203,33.51460763302955]}"
4893,34.39998473000003,0.0018520681427594146,0.07113824777525113,-0.09443834613977314,"{""type"":""Point"",""coordinates"":[73.09005152607757,33.561565075073794]}"
4894,28.667965190000018,-0.1282179689823002,0.30776765954359103,-0.2910458452722063,"{""type"":""Point"",""coordinates"":[72.81533946048125,33.71781732361413]}"
4895,29.279790769999977,-0.14783841704129808,0.3236955552252118,-0.30144694533762056,"{""type"":""Point"",""coordinates"":[72.90569826463751,33.72563571550704]}"
4896,27.52463750000004,-0.1030663445456235,0.2523419697864799,-0.2366348597858244,"{""type"":""Point"",""coordinates"":[72.89665474662459,33.72178806090281]}"
4897,36.53453822000006,-0.0367912446152055,0.18907731339297637,-0.2068030898495731,"{""type"":""Point"",""coordinates"":[72.82734704874233,33.68527506259979]}"
4898,23.378579240000022,-0.12504439095608255,0.2591414944356121,-0.2385213500716737,"{""type"":""Point"",""coordinates"":[72.96421115714068,33.78562589113117]}"
4899,34.53328751000004,0.013852242744063324,0.10192692429188165,-0.1227135372896812,"{""type"":""Point"",""coordinates"":[73.01384648605902,33.56603500146854]}"
4900,30.62136362000001,-0.059742361067894705,0.2148385946138755,-0.2218116591928251,"{""type"":""Point"",""coordinates"":[73.11185084332055,33.67900177590401]}"
4901,31.83476072000002,-0.06400665004156277,0.23349275465772004,-0.25217391304347825,"{""type"":""Point"",""coordinates"":[72.9078409901013,33.71055629840994]}"
4902,32.43633224000001,-0.07034491495898394,0.2105602521851268,-0.22713243037147318,"{""type"":""Point"",""coordinates"":[72.88663082059128,33.6484622425398]}"
4903,31.95097340000001,0.024362860671382058,0.1070869581043206,-0.1267736079724373,"{""type"":""Point"",""coordinates"":[73.2837361208533,33.58139412951426]}"
4904,32.50469264000003,-0.018659339254904466,0.1524308693294777,-0.18265449959195787,"{""type"":""Point"",""coordinates"":[73.23434131966825,33.516289381109104]}"
4905,32.32182856999998,-0.027299905121641217,0.15117352056168507,-0.14861592041792598,"{""type"":""Point"",""coordinates"":[73.06282412111021,33.58843984280254]}"
4906,29.01489422000003,-0.1170401250651381,0.2849264705882353,-0.26079284790024704,"{""type"":""Point"",""coordinates"":[72.90420851300469,33.78457118862009]}"
4907,31.240025240000023,-0.06851168927834354,0.20532783756965117,-0.2153934962478353,"{""type"":""Point"",""coordinates"":[73.20437554849178,33.6029252724767]}"
4908,31.29984059000003,-0.06440790017353938,0.21072321546068093,-0.22407009674415068,"{""type"":""Point"",""coordinates"":[73.29069009373696,33.66371211305263]}"
4909,29.117434820000028,-0.12270389419544453,0.31918414331450773,-0.29913561003259176,"{""type"":""Point"",""coordinates"":[73.25805684861038,33.656439711454276]}"
4910,29.83863703999998,-0.10974122300972473,0.2878840047438693,-0.273366872186708,"{""type"":""Point"",""coordinates"":[72.98246763916411,33.712912882408176]}"
4911,27.240941840000005,-0.043493258074631544,0.25193280788547995,-0.2572540426175004,"{""type"":""Point"",""coordinates"":[72.98868067516037,33.78194097178165]}"
4912,38.13075356000002,0.03780620733176525,0.06675147082207028,-0.11245978841242994,"{""type"":""Point"",""coordinates"":[72.88000683991848,33.59587080433933]}"
4913,30.614527580000015,-0.15026505369036292,0.31125314739492543,-0.28006353047950383,"{""type"":""Point"",""coordinates"":[72.87691114221138,33.69365669023194]}"
4914,35.68345124000001,0.010575427682737169,0.09932264307437103,-0.12228337567033587,"{""type"":""Point"",""coordinates"":[73.01343361420443,33.555274733114]}"
4915,34.23250174999998,-0.03158139689505003,0.12639297252168863,-0.17521634569864986,"{""type"":""Point"",""coordinates"":[72.92237863479153,33.51505605587645]}"
4916,30.098406560000058,-0.10093896713615023,0.2236503856041131,-0.22332182585347143,"{""type"":""Point"",""coordinates"":[73.04199814755599,33.72599162298117]}"
4917,35.98081897999998,0.0438975163984975,0.12448898852696821,-0.16100483354891415,"{""type"":""Point"",""coordinates"":[72.82361938849242,33.70042125312147]}"
4918,32.92852712000001,-0.008718744500791886,0.12463881853529768,-0.13838487786383577,"{""type"":""Point"",""coordinates"":[73.09191082575242,33.568848754800975]}"
4919,28.42699478000003,-0.03990064643505398,0.2323483905053021,-0.2436590753294234,"{""type"":""Point"",""coordinates"":[73.15798184157775,33.738722200153845]}"
4920,33.22589486000004,-0.030070497223781894,0.18235525797558094,-0.20386438206343419,"{""type"":""Point"",""coordinates"":[72.80636239734436,33.620894050489994]}"
4921,30.7375763,-0.050395869191049915,0.18653031068942721,-0.1948001096362426,"{""type"":""Point"",""coordinates"":[73.14391828818869,33.596504095379025]}"
4922,35.30405102000003,-0.03391181701109953,0.16488755311431236,-0.19000564652738566,"{""type"":""Point"",""coordinates"":[73.10691646682794,33.524191924124324]}"
4923,33.60016804999998,-0.005700349660623513,0.15892122504952003,-0.19139530431453086,"{""type"":""Point"",""coordinates"":[73.27083204367936,33.53013609655726]}"
4924,33.492500420000056,0.010219435736677116,0.07121289228159457,-0.11877258876054142,"{""type"":""Point"",""coordinates"":[72.9081048060745,33.580171431386496]}"
4925,33.201968720000025,-0.021380501459115003,0.17534180858719117,-0.20410025977673243,"{""type"":""Point"",""coordinates"":[72.8990965009224,33.56668820520928]}"
4926,31.677531799999997,-0.05435239066530686,0.2451292950761601,-0.24946679937437793,"{""type"":""Point"",""coordinates"":[72.85519059104672,33.74296184735965]}"
4927,32.268849260000025,-0.014299593175056167,0.15116118806422713,-0.17245130724688543,"{""type"":""Point"",""coordinates"":[73.0179379101443,33.656034457077276]}"
4928,33.40363190000005,0.002815444725350494,0.13836869896034895,-0.18209992167012906,"{""type"":""Point"",""coordinates"":[72.88783521467401,33.616105714458506]}"
4929,33.35065258999998,0.017158922929770153,0.11029616410995235,-0.1548403575989783,"{""type"":""Point"",""coordinates"":[72.87483131584541,33.65656599854664]}"
4930,27.042696680000006,-0.06271627723033318,0.24314738424765797,-0.23861104709226397,"{""type"":""Point"",""coordinates"":[72.9177354605104,33.76871534142178]}"
4931,34.75033178000001,0.0436973096429651,0.06708642530544937,-0.09017115288892293,"{""type"":""Point"",""coordinates"":[73.0380488315636,33.580061217027065]}"
4932,32.091112220000014,-0.047330328233128056,0.1776064532248278,-0.1916853283247851,"{""type"":""Point"",""coordinates"":[73.17271455791442,33.51657121539603]}"
4933,26.43599813000003,-0.09115356406943037,0.2512715767551764,-0.24578332469396708,"{""type"":""Point"",""coordinates"":[73.23219694814442,33.76415961837024]}"
4934,28.905517580000037,-0.09249864718614718,0.2621564069001895,-0.2527340417280695,"{""type"":""Point"",""coordinates"":[73.27359106821837,33.700696289913346]}"
4935,34.08894491000001,-0.06646520823622072,0.20645888642397353,-0.22273414175666212,"{""type"":""Point"",""coordinates"":[73.28118350621543,33.546052365188004]}"
4936,32.764462159999994,-0.06926393498557648,0.1969860064585576,-0.21912576036214457,"{""type"":""Point"",""coordinates"":[73.10140952570133,33.544914480274684]}"
4937,31.448524460000044,-0.005894240485011789,0.18464894882982943,-0.20800889877641823,"{""type"":""Point"",""coordinates"":[73.2074647267429,33.620107482706004]}"
4938,33.16095247999999,-0.013975598161939471,0.1573464515662302,-0.18262798004065792,"{""type"":""Point"",""coordinates"":[72.92834320030636,33.7104615183943]}"
4939,31.22635316000003,0.05627109305048557,0.12566133219414413,-0.15796768305050368,"{""type"":""Point"",""coordinates"":[72.86304100016135,33.711406621602876]}"
4940,29.67115406000005,-0.004950326038714963,0.12325421659162024,-0.1374473511341242,"{""type"":""Point"",""coordinates"":[73.19915077637368,33.74468948445137]}"
4941,31.75272824000001,-0.030829991121452408,0.20104159235214383,-0.2179417616205462,"{""type"":""Point"",""coordinates"":[72.9452223690192,33.70604491498953]}"
4942,32.65850354000003,-0.01725107264388223,0.18802916681065762,-0.2121575402841931,"{""type"":""Point"",""coordinates"":[72.82619866170823,33.57542902587657]}"
4943,31.175082860000032,-0.024878735722109215,0.1643616453941053,-0.19560455607476634,"{""type"":""Point"",""coordinates"":[72.87541183539484,33.67984608218775]}"
4944,30.12916874000001,-0.07933767287670286,0.22119986715895992,-0.22584567114422982,"{""type"":""Point"",""coordinates"":[73.25758907343344,33.74006420646309]}"
4945,27.700665530000038,-0.10732344126353724,0.25928404148544665,-0.24122011541632316,"{""type"":""Point"",""coordinates"":[73.29763935521963,33.76686239281921]}"
4946,32.831113550000055,-0.016938131928866347,0.15023258379451726,-0.1601082965545377,"{""type"":""Point"",""coordinates"":[73.05874110725166,33.637381880507554]}"
4947,23.28629269999999,-0.11443507459838974,0.25947647591530465,-0.24392009881170407,"{""type"":""Point"",""coordinates"":[73.01667520145635,33.7775759197176]}"
4948,35.591164700000036,0.012093138931202785,0.12432776677045004,-0.14198440363675566,"{""type"":""Point"",""coordinates"":[72.91663184478931,33.67564918812042]}"
4949,31.749310219999984,-0.0356531855197427,0.1703657876421004,-0.17870633591650764,"{""type"":""Point"",""coordinates"":[72.91719389112329,33.54802423251741]}"
4950,29.763440600000024,-0.021880561745659034,0.17046680942184153,-0.20485284522738895,"{""type"":""Point"",""coordinates"":[73.22306070879135,33.72439404492312]}"
4951,27.526346510000053,-0.10319061731508922,0.29793389962535705,-0.2806661176685882,"{""type"":""Point"",""coordinates"":[73.14145897205613,33.691818886677446]}"
4952,26.68209557,-0.12498541253355118,0.3036590549051428,-0.2847949430714748,"{""type"":""Point"",""coordinates"":[73.18550576609512,33.76734037067691]}"
4953,29.84889110000006,0.0015961451588616172,0.13441007391185328,-0.1543979385751097,"{""type"":""Point"",""coordinates"":[72.83268741602117,33.767736501506775]}"
4954,34.56575870000006,-0.006994584837545126,0.16314829293719052,-0.1969559824332026,"{""type"":""Point"",""coordinates"":[72.88283140352537,33.55740144644121]}"
4955,34.856290400000034,-0.02366597678394673,0.15904228222109018,-0.18479430654400278,"{""type"":""Point"",""coordinates"":[72.90355714864238,33.67247520652395]}"
4956,32.26201322000003,-0.04416081477757416,0.16608106639620387,-0.17738278106941702,"{""type"":""Point"",""coordinates"":[73.01419093651856,33.652217043065846]}"
4957,34.17610442,-0.04574879975220691,0.19914757591901971,-0.22481407582078722,"{""type"":""Point"",""coordinates"":[72.80302897562638,33.53130659442363]}"
4958,32.81231444000002,-0.06674067785541697,0.22021364009860311,-0.22144539574531724,"{""type"":""Point"",""coordinates"":[73.20382181820426,33.545751324728364]}"
4959,31.15286573000003,1.2600806451612903E-4,0.14209636213162535,-0.16620432458251427,"{""type"":""Point"",""coordinates"":[72.80186080192622,33.653172362195086]}"
4960,30.82302679999998,-0.06661532537543319,0.248028835323271,-0.24471072832802845,"{""type"":""Point"",""coordinates"":[73.27492121459198,33.58328389262345]}"
4961,33.388250810000045,-0.011405262736943134,0.1461615154536391,-0.15717423133235725,"{""type"":""Point"",""coordinates"":[73.09994274059876,33.72323742054102]}"
4962,31.797162500000013,-0.06822218352777294,0.2173671468825654,-0.21102293813415451,"{""type"":""Point"",""coordinates"":[73.26450370676305,33.562781611866065]}"
4963,33.08233802000001,-0.09694901645925331,0.2652415496218552,-0.2544953707246155,"{""type"":""Point"",""coordinates"":[72.81406025374275,33.50734837732527]}"
4964,29.240483540000014,-0.0960724696736984,0.27816360845091015,-0.2717486179807972,"{""type"":""Point"",""coordinates"":[72.84902449005287,33.77335322185154]}"
4965,29.681408120000015,-0.0486731843575419,0.1460296867249208,-0.19319852210877597,"{""type"":""Point"",""coordinates"":[73.29853850232152,33.76539370560269]}"
4966,33.832593410000015,0.0037295966901716823,0.14626222616007367,-0.18156909797460646,"{""type"":""Point"",""coordinates"":[72.83920137037872,33.58990755551746]}"
4967,28.873046390000013,-0.020530149943113314,0.15853799591317422,-0.16566130690303935,"{""type"":""Point"",""coordinates"":[72.90837493741614,33.79362121969152]}"
4968,36.35851019000006,0.005610246639144702,0.06698036670452702,-0.09368814968814969,"{""type"":""Point"",""coordinates"":[73.10094385328854,33.56601235708638]}"
4969,33.29425526,-0.013059472716125077,0.13955653643229077,-0.16168948728314556,"{""type"":""Point"",""coordinates"":[73.01376042735288,33.61617065865997]}"
4970,33.55744279999999,-0.066415313225058,0.23754711900915454,-0.24703248999525199,"{""type"":""Point"",""coordinates"":[72.80597574745168,33.763125908406884]}"
4971,35.288669930000026,-0.018142599651331148,0.16829131842609388,-0.20103173634953556,"{""type"":""Point"",""coordinates"":[72.90137373212812,33.54809848731515]}"
4972,32.921691080000016,0.008577983662375239,0.15808340303501014,-0.18415862321749604,"{""type"":""Point"",""coordinates"":[72.8446240402046,33.66331883092082]}"
4973,30.351340040000025,-0.05588078765300692,0.2239777907255715,-0.24172461752433935,"{""type"":""Point"",""coordinates"":[73.17370842791199,33.6567946423126]}"
4974,30.323995879999984,-0.07457438934122872,0.2328868915978132,-0.24023778165379275,"{""type"":""Point"",""coordinates"":[73.09852334406965,33.51707618968087]}"
4975,35.42709974000002,0.00238231370306842,0.13255922974288703,-0.16320068146886169,"{""type"":""Point"",""coordinates"":[72.88167123918228,33.599822186504895]}"
4976,33.352361599999995,0.023884103367267033,0.09262235208181153,-0.1164561213636618,"{""type"":""Point"",""coordinates"":[72.95366018524717,33.636424344570585]}"
4977,27.987779209999985,-0.16571746075843868,0.34667023268253544,-0.32976513257509066,"{""type"":""Point"",""coordinates"":[73.2286486975491,33.7764439967941]}"
4978,34.52132444000006,-0.004752147185769717,0.17024373730534867,-0.20175209886843615,"{""type"":""Point"",""coordinates"":[72.89275836456363,33.52930890182694]}"
4979,32.69610176000003,-0.015302816316357897,0.13360789551795785,-0.1650333651096282,"{""type"":""Point"",""coordinates"":[73.27301077897954,33.50801519403538]}"
4980,30.566675300000043,-0.08815983580270668,0.26980147072582006,-0.25668043184385475,"{""type"":""Point"",""coordinates"":[73.02377508658513,33.70631567198251]}"
4981,31.55448308000001,-0.05873682186688884,0.20746994116142237,-0.21968326627044188,"{""type"":""Point"",""coordinates"":[72.86683575815138,33.641209307049856]}"
4982,32.877256820000014,-0.0034472145275469377,0.13583945928996968,-0.15323664662186062,"{""type"":""Point"",""coordinates"":[73.12529849009714,33.64328693457015]}"
4983,33.10284614,-0.015394703506654148,0.15243056730151214,-0.1791969539633091,"{""type"":""Point"",""coordinates"":[72.90215140813845,33.58310407242565]}"
4984,25.98311048000005,-0.05699208443271768,0.2219268813455924,-0.20595192018234207,"{""type"":""Point"",""coordinates"":[72.95831988906197,33.785116458292805]}"
4985,32.47905749000006,-0.005626515763945028,0.11935356153043228,-0.16418972036087298,"{""type"":""Point"",""coordinates"":[73.24950524376295,33.69106265468707]}"
4986,32.554253930000016,-0.021669206026747927,0.1612692181877658,-0.16575556800401786,"{""type"":""Point"",""coordinates"":[73.08179822550213,33.71471156768766]}"
4987,31.400672180000015,-0.046243831109486384,0.21584593054129642,-0.22858982614294912,"{""type"":""Point"",""coordinates"":[73.26662451513752,33.53794851462685]}"
4988,32.11845638,-0.04255193229567379,0.2026215182960131,-0.22482183208760648,"{""type"":""Point"",""coordinates"":[72.91286603625176,33.53217050434348]}"
4989,34.40511176000001,0.00409162666323013,0.10435497124075596,-0.12215486259846807,"{""type"":""Point"",""coordinates"":[73.0298568099161,33.57404017179666]}"
4990,34.22395670000003,-0.028625030259017185,0.15496211735127238,-0.1963399612880521,"{""type"":""Point"",""coordinates"":[72.81600808903264,33.500675352737886]}"
4991,26.085651080000048,-0.16353820076589867,0.3539832706286299,-0.33314152130911706,"{""type"":""Point"",""coordinates"":[73.01850533021204,33.77212576455441]}"
4992,34.890470600000015,0.037787602052341156,0.07282147226020004,-0.09887599041827898,"{""type"":""Point"",""coordinates"":[73.01327354438291,33.60501190500289]}"
4993,33.400213880000024,-0.05008878496457392,0.15107248164350826,-0.15832751532076642,"{""type"":""Point"",""coordinates"":[73.28699829199043,33.528566606386484]}"
4994,34.76742188000003,-0.062201540926081315,0.21265218678696463,-0.22742498501463276,"{""type"":""Point"",""coordinates"":[73.2614778427988,33.6024705769363]}"
4995,31.928756270000008,-0.052654001820329595,0.1765546200298695,-0.1610491691229869,"{""type"":""Point"",""coordinates"":[72.83942422736023,33.70558838258855]}"
4996,33.29425526,-0.0644492696407422,0.02329332511029935,-0.03443314789948206,"{""type"":""Point"",""coordinates"":[73.10940806704431,33.52533440217345]}"
4997,33.12677228000001,-0.041351711871943087,0.20077932731747333,-0.22059692158020916,"{""type"":""Point"",""coordinates"":[73.21650119907756,33.57191540951128]}"
4998,27.24435986000003,-0.07245246806213639,0.290534444805312,-0.28547807332854064,"{""type"":""Point"",""coordinates"":[73.04195459345269,33.793304144667644]}"
4999,33.45319318999998,-0.037122560574718175,0.1863673050113728,-0.19903596588802372,"{""type"":""Point"",""coordinates"":[72.90177855447818,33.581448495609116]}"
